frame,time_s,x1,y1,x2,y2,cx,cy,conf,hand_up,head_down,head_up,face_dx,phone,book,role,seat
0,0.0,415.2979,62.50717,750.40607,476.7966,0.6824965,0.5617748,0.9409863352775574,False,False,True,-0.731029212474823,False,False,student,seat_08
0,0.0,164.82776,346.7829,295.20657,480.0,0.26934093,0.86123216,0.4077756404876709,False,False,False,,False,False,student,seat_10
1,2.0,427.86038,58.805145,745.58954,475.07965,0.68703157,0.55613,0.8894228935241699,False,False,True,-0.3451618552207947,False,True,student,seat_08
1,2.0,226.49281,356.89734,370.09476,480.0,0.34929016,0.87176806,0.5928556323051453,False,False,False,,False,False,student,seat_10
1,2.0,0.03720963,275.8971,47.302536,474.75302,0.027716478,0.7819272,0.44635650515556335,False,False,False,,False,False,student,seat_09
1,2.0,346.39868,428.53873,495.12335,480.0,0.4926944,0.9463945,0.4459681212902069,False,False,False,,False,False,student,seat_11
1,2.0,27.247595,336.11093,150.9706,406.603,0.1043432,0.77366036,0.33913326263427734,False,False,False,,False,False,student,seat_09
2,4.0,494.52164,48.650448,823.5964,475.4159,0.77173185,0.54590243,0.9469875693321228,False,False,True,-0.1085696592926979,False,False,instructor,
2,4.0,148.82097,321.47226,310.8404,478.03027,0.2691226,0.8328152,0.6166993975639343,False,False,False,,False,False,student,seat_10
2,4.0,286.95026,383.9108,458.75284,476.50552,0.43659434,0.896267,0.5724034905433655,False,False,False,,False,False,student,seat_11
2,4.0,0.3639621,303.01114,152.51225,476.09195,0.089505985,0.8115657,0.36685365438461304,False,False,False,,False,False,student,seat_09
3,6.0,445.17493,40.56149,787.66895,476.40536,0.7218056,0.53850716,0.9412571787834167,False,False,True,-0.1773664504289627,False,False,student,seat_08
3,6.0,208.02512,325.05972,454.73657,476.53506,0.3880338,0.83499455,0.4789506494998932,False,False,False,,False,False,student,seat_11
3,6.0,38.156944,271.1244,246.70053,476.18524,0.16677839,0.7784475,0.46521416306495667,False,False,True,0.13181139528751373,False,False,student,seat_09
3,6.0,113.6703,266.73416,246.71614,476.23807,0.21099909,0.7739294,0.3452702760696411,False,False,True,0.1135784164071083,False,False,student,seat_10
4,8.0,473.232,47.887157,693.4378,474.345,0.68306196,0.54399186,0.8986719250679016,False,False,True,-0.689667820930481,False,False,student,seat_08
4,8.0,242.48833,294.9323,440.01785,477.64386,0.39959377,0.80476683,0.7675005197525024,False,False,False,,False,False,student,seat_11
4,8.0,137.57684,248.44456,258.82947,471.45795,0.232088,0.7498985,0.7464958429336548,False,False,True,-0.000931840215343982,False,False,student,seat_10
4,8.0,0.0,200.68489,59.872246,318.12857,0.03505401,0.5404307,0.40066221356391907,False,False,True,-0.3022659420967102,False,False,student,seat_05
5,10.0,561.7006,63.480995,744.8254,475.24176,0.764945,0.56116956,0.9078541994094849,False,False,True,-0.6633338332176208,False,False,instructor,
5,10.0,267.93475,275.79095,437.07126,476.88647,0.41276696,0.78403896,0.8093703985214233,False,False,False,,False,False,student,seat_11
5,10.0,0.0,284.17743,136.24959,477.7043,0.07977142,0.7936268,0.7287554740905762,False,False,False,,False,False,student,seat_09
5,10.0,433.95065,372.33487,595.65424,477.89514,0.6028131,0.88565624,0.5347120761871338,False,False,False,,False,False,student,seat_12
5,10.0,0.0,245.99693,39.014114,469.1112,0.022841988,0.74490434,0.5339018106460571,False,False,False,,False,False,student,seat_09
5,10.0,186.55559,238.07274,287.38217,408.66806,0.2774811,0.6736883,0.5242137908935547,False,False,True,-0.11544743925333023,False,False,student,seat_06
5,10.0,34.199245,195.37099,91.34271,288.84534,0.07350232,0.50439197,0.5192874073982239,False,False,True,0.05532924458384514,False,False,student,seat_05
5,10.0,101.31984,347.62436,248.22313,479.131,0.20465045,0.8612035,0.4472544491291046,False,False,False,,False,False,student,seat_10
5,10.0,0.0,246.61934,44.97432,411.14786,0.026331568,0.68517417,0.3450649678707123,False,False,False,,False,False,student,seat_05
6,12.0,515.14856,68.15188,708.20276,477.02615,0.71624786,0.5678938,0.8905327320098877,False,False,True,-0.4782903492450714,False,False,student,seat_08
6,12.0,0.0,234.23091,97.93334,386.9833,0.05733802,0.6470982,0.7852187156677246,False,True,False,0.2593516409397125,False,False,student,seat_05
6,12.0,51.279003,259.02753,176.32147,466.23608,0.13325556,0.7554829,0.7304291725158691,False,False,False,,False,False,student,seat_09
6,12.0,96.79129,306.6137,340.4506,479.92477,0.2559964,0.8193109,0.7261773943901062,False,False,True,0.026325419545173645,False,False,student,seat_10
6,12.0,211.64565,220.46785,310.77853,354.41656,0.30586895,0.5988379,0.6258490681648254,True,False,True,0.0656624585390091,False,False,student,seat_06
6,12.0,316.98553,237.67505,460.9999,458.5972,0.455495,0.72528356,0.5188990235328674,False,False,False,,False,False,student,seat_11
6,12.0,75.91435,180.56047,216.30629,311.32956,0.17108937,0.5123854,0.3455003798007965,False,False,True,0.04471813142299652,False,False,student,seat_05
6,12.0,72.001236,180.4831,164.56161,267.8845,0.13850284,0.46704957,0.32576507329940796,False,False,True,0.0976821780204773,False,False,student,seat_05
7,14.0,531.13306,60.677456,707.55383,475.76172,0.7252265,0.5587908,0.8904233574867249,False,False,True,-0.6933702230453491,False,False,student,seat_08
7,14.0,155.02972,266.27777,409.53986,475.31857,0.33054426,0.77249616,0.8603661060333252,False,False,True,0.0844699814915657,False,False,student,seat_10
7,14.0,63.494778,202.64632,184.5344,335.30115,0.14521614,0.5603619,0.8218133449554443,False,True,False,0.27651748061180115,False,False,student,seat_05
7,14.0,143.55804,218.23572,252.41068,403.06348,0.2318318,0.64718664,0.6445299983024597,False,False,False,,False,False,student,seat_06
7,14.0,10.568329,157.1888,122.039566,388.56073,0.07763928,0.5684891,0.5961129665374756,False,False,True,0.9112707376480103,False,False,student,seat_05
7,14.0,451.4845,345.6222,629.42883,476.4525,0.6328532,0.85632783,0.5959535241127014,False,False,False,,False,False,student,seat_12
7,14.0,161.26294,154.5027,286.13702,273.63116,0.2619438,0.44597277,0.44097381830215454,False,False,True,-0.049722615629434586,False,False,student,seat_06
7,14.0,330.21274,216.99411,472.59335,381.1675,0.470027,0.623085,0.31815165281295776,False,False,False,,False,False,student,seat_07
7,14.0,171.1852,218.06892,260.66763,298.60425,0.25284123,0.5382012,0.3037106394767761,False,False,False,,False,False,student,seat_06
7,14.0,282.031,190.13301,359.62296,281.33286,0.3756756,0.4911103,0.2740294933319092,False,False,True,0.029900604858994484,False,False,student,seat_06
8,16.0,548.89417,65.98824,683.6228,427.53787,0.7216141,0.5140897,0.875380277633667,False,False,True,-0.6112229228019714,False,False,student,seat_08
8,16.0,226.47478,242.54343,441.80905,462.56805,0.39126688,0.7344911,0.8479366302490234,False,False,True,0.06958889216184616,False,False,student,seat_11
8,16.0,183.53615,215.88228,291.09708,394.1782,0.27788833,0.6354797,0.6826002597808838,False,False,False,,False,False,student,seat_06
8,16.0,108.223564,149.84688,200.54108,347.45554,0.18077555,0.5180234,0.6747584939002991,False,False,False,,False,False,student,seat_05
8,16.0,431.8792,303.93918,664.87994,476.77127,0.6421307,0.81324005,0.505583643913269,False,False,False,,False,False,student,seat_12
8,16.0,382.13962,198.33708,491.3629,354.2837,0.51141834,0.57564664,0.47956782579421997,False,False,False,,False,False,student,seat_07
8,16.0,330.25735,178.10242,397.60938,290.04382,0.42615145,0.48765233,0.4276621341705322,False,False,True,0.21215462684631348,False,False,student,seat_07
8,16.0,249.44363,171.55283,335.0497,265.62473,0.34220922,0.45539328,0.3524676263332367,False,False,False,,False,False,student,seat_06
9,18.0,460.87964,285.8112,689.4103,480.0,0.67347187,0.79771996,0.8589079976081848,False,False,False,,False,False,student,seat_12
9,18.0,280.49844,233.05672,462.53165,419.0603,0.43502933,0.67928857,0.8552721738815308,False,False,True,0.08882838487625122,False,False,student,seat_07
9,18.0,536.4007,84.01094,661.5286,387.669,0.70136374,0.49133328,0.8463587164878845,False,False,True,-0.46843060851097107,False,False,student,seat_08
9,18.0,243.5646,217.08682,336.09454,355.59225,0.33937892,0.5965407,0.6703851819038391,False,False,False,,False,False,student,seat_06
9,18.0,412.89523,193.4933,504.77573,319.78082,0.53727806,0.5346605,0.6195753812789917,False,False,False,,False,False,student,seat_07
9,18.0,180.51547,148.90273,257.62613,317.22815,0.2565232,0.48555297,0.5831031203269958,False,False,False,,False,False,student,seat_06
9,18.0,218.45293,176.7852,312.6989,287.11368,0.31097883,0.483228,0.4000720977783203,False,True,False,0.19341745972633362,False,False,student,seat_06
9,18.0,365.55997,176.32805,424.1858,270.98764,0.4623804,0.46595383,0.38015615940093994,False,False,True,0.101394422352314,False,False,student,seat_07
9,18.0,0.0,162.57088,72.82875,319.6749,0.042639785,0.50233936,0.36454513669013977,False,False,True,2.03350830078125,False,False,student,seat_05
9,18.0,217.56479,178.43198,351.0033,284.54974,0.33288532,0.48227262,0.33287572860717773,False,False,True,0.08272071927785873,False,False,student,seat_06
9,18.0,284.91327,149.29987,369.17557,246.6888,0.382956,0.41248816,0.32051071524620056,False,False,True,-0.07244069129228592,False,False,student,seat_03
9,18.0,780.1387,283.29712,854.0,477.19943,0.95675564,0.79218394,0.26835981011390686,False,False,False,,False,False,instructor,
10,20.0,454.84232,268.3826,664.80066,478.22122,0.65552866,0.7777123,0.8808741569519043,False,False,False,,False,False,student,seat_12
10,20.0,313.08698,222.22894,464.26752,386.27783,0.45512557,0.63386124,0.8375909328460693,False,False,True,0.08622036874294281,False,False,student,seat_07
10,20.0,716.33704,260.15198,854.0,475.54605,0.91940105,0.76635206,0.8365556597709656,False,False,False,,False,False,instructor,
10,20.0,565.22034,99.88604,673.33496,348.39658,0.72514945,0.46696106,0.8297380805015564,False,False,True,-0.030667629092931747,False,False,student,seat_08
10,20.0,0.0,240.25609,82.51525,419.85837,0.048311036,0.6876192,0.7436046004295349,False,False,True,-0.4384075999259949,False,False,student,seat_05
10,20.0,420.3884,190.5469,501.68118,296.32138,0.5398534,0.50715446,0.5018388032913208,False,False,False,,False,False,student,seat_07
10,20.0,58.25493,166.7523,161.27374,310.3542,0.12852967,0.49698594,0.44327056407928467,False,False,True,1.1982263326644897,False,False,student,seat_05
10,20.0,231.61229,152.7489,291.6737,301.23648,0.30637354,0.47290143,0.41918453574180603,False,False,True,1.5796092748641968,False,False,student,seat_06
10,20.0,270.98303,209.0156,361.5015,326.5151,0.3703071,0.55784446,0.40186867117881775,False,False,False,,False,False,student,seat_06
11,22.0,662.87634,238.87283,832.8066,474.28482,0.87569255,0.74287254,0.8800139427185059,False,False,False,,False,False,instructor,
11,22.0,0.0,257.3581,200.35707,474.31595,0.11730508,0.7621605,0.8631395101547241,False,False,False,,False,False,student,seat_09
11,22.0,331.8422,210.13634,462.6879,342.70706,0.46518156,0.5758785,0.7819494009017944,False,False,True,0.11225099116563797,False,False,student,seat_07
11,22.0,556.4628,99.88837,651.1878,322.49802,0.7070554,0.4399858,0.7761374711990356,False,False,True,-0.7010588049888611,False,False,student,seat_08
11,22.0,454.48508,245.98505,630.10736,473.0039,0.63500726,0.74894685,0.7670895457267761,False,False,False,,False,False,student,seat_12
11,22.0,60.209717,221.48439,160.24274,387.54538,0.12907052,0.63440603,0.6436257362365723,False,False,True,0.01595333218574524,False,False,student,seat_05
11,22.0,118.59649,162.07758,203.8547,283.2042,0.18878876,0.46383518,0.44395774602890015,False,True,False,1.0362403392791748,False,False,student,seat_05
11,22.0,427.19797,182.74797,492.0427,270.9883,0.5381971,0.47264194,0.4212653338909149,False,False,False,,False,False,student,seat_07
11,22.0,271.0561,393.65872,372.24683,480.0,0.37664106,0.9100611,0.2609628140926361,False,False,False,,False,False,student,seat_10
12,24.0,6.1717286,234.85526,232.7382,471.36377,0.139877,0.73564476,0.9027158617973328,False,False,False,,False,False,student,seat_09
12,24.0,540.67413,99.67121,633.12305,285.1242,0.6872348,0.40082854,0.8067641854286194,False,False,True,-0.39923760294914246,False,False,student,seat_04
12,24.0,622.1292,218.9503,779.8898,439.16602,0.82085425,0.6855379,0.7729354500770569,False,False,False,,False,False,instructor,
12,24.0,453.757,225.69312,604.09406,473.3307,0.61935073,0.7281498,0.6557579636573792,False,False,False,,False,False,student,seat_12
12,24.0,124.98983,201.79828,203.94272,339.4862,0.19258346,0.563838,0.5794174671173096,False,False,True,-0.04513582959771156,False,False,student,seat_06
12,24.0,0.0,170.73045,50.808086,334.11215,0.029747123,0.5258777,0.5403130650520325,False,False,False,,False,False,student,seat_05
12,24.0,347.8221,191.97119,462.43234,308.5021,0.47438785,0.52132636,0.4266693890094757,False,False,True,0.11021538078784943,False,False,student,seat_07
12,24.0,296.87115,395.4017,467.5565,478.2696,0.44755715,0.91007423,0.39401566982269287,False,False,False,,False,False,student,seat_11
12,24.0,346.95648,191.54109,461.62363,374.9422,0.47340754,0.59008676,0.3761509358882904,False,False,True,0.07839211076498032,False,False,student,seat_07
12,24.0,455.42648,226.31775,598.5998,402.6282,0.6171114,0.655152,0.3092360496520996,False,False,False,,False,False,student,seat_08
13,26.0,59.63347,228.3177,274.6776,469.44803,0.19573249,0.7268393,0.8780429363250732,False,False,False,,False,False,student,seat_10
13,26.0,584.85864,96.08654,681.54193,287.92337,0.74145234,0.40001032,0.8241978883743286,False,False,True,-0.35772958397865295,False,False,student,seat_04
13,26.0,664.2967,214.9088,822.5718,446.03326,0.87053186,0.68848133,0.7155240178108215,False,False,False,,False,False,instructor,
13,26.0,493.3553,223.36569,647.10333,476.35104,0.66771585,0.7288716,0.6818169951438904,False,False,False,,False,False,student,seat_12
13,26.0,0.021246647,184.02737,62.75689,345.4807,0.03675535,0.5515709,0.6617857217788696,False,False,True,0.10354794561862946,False,False,student,seat_05
13,26.0,390.95618,186.04176,503.92148,300.57318,0.52393305,0.50689054,0.6110714673995972,False,False,True,0.04047628864645958,False,False,student,seat_07
13,26.0,23.425768,165.97987,96.518684,313.9823,0.07022509,0.49996057,0.5555128455162048,False,False,False,,False,False,student,seat_05
13,26.0,163.76823,199.74452,245.52997,320.33743,0.23963596,0.54175204,0.5490602850914001,False,False,True,-0.14258581399917603,False,False,student,seat_06
13,26.0,363.44287,153.80246,438.41968,266.89917,0.46947455,0.43823087,0.3494592308998108,False,False,False,,False,False,student,seat_07
14,28.0,108.896706,222.21506,326.75183,470.53366,0.25506353,0.7216132,0.8841717839241028,False,False,False,,False,False,student,seat_10
14,28.0,629.07385,94.80661,725.73706,290.3919,0.7932148,0.40124846,0.822759747505188,False,False,True,-0.46578696370124817,False,False,instructor,
14,28.0,534.1098,224.41779,691.98126,472.0939,0.71785194,0.72553307,0.7972162365913391,False,False,False,,False,False,student,seat_12
14,28.0,0.0,179.78407,109.99167,332.86508,0.06439793,0.5340096,0.7950443029403687,False,False,True,0.07243496179580688,False,False,student,seat_05
14,28.0,719.434,219.56961,853.8785,452.98987,0.9211432,0.70058274,0.7838771343231201,False,False,False,,False,False,other,
14,28.0,423.5553,187.88942,540.3307,299.2601,0.56433606,0.5074474,0.733415424823761,False,False,True,0.0894351527094841,False,False,student,seat_07
14,28.0,65.564995,161.18063,141.01405,305.8597,0.12094791,0.48650035,0.6305696368217468,False,False,False,,False,False,student,seat_05
14,28.0,205.50728,189.40535,286.77573,313.73914,0.2882219,0.5241088,0.59096360206604,False,False,True,0.04355376213788986,False,False,student,seat_06
14,28.0,377.37476,393.4152,560.78894,479.35388,0.5492762,0.90913445,0.314034640789032,False,False,False,,False,False,student,seat_11
14,28.0,400.49225,150.99799,483.59863,251.65436,0.5176176,0.4194295,0.28764480352401733,False,False,False,,False,False,student,seat_03
15,30.0,111.23597,224.76773,330.29324,471.67584,0.25850657,0.7254621,0.9041354060173035,False,False,False,,False,False,student,seat_10
15,30.0,689.31696,220.22409,853.82587,475.68994,0.9034794,0.7249105,0.8169811964035034,False,False,False,,False,False,instructor,
15,30.0,0.0,182.59933,116.57059,334.1785,0.068249755,0.5383102,0.8117294907569885,False,False,True,0.08228690922260284,False,False,student,seat_05
15,30.0,640.2703,99.780815,736.74994,299.66455,0.80621797,0.41608894,0.789743959903717,False,False,True,-0.3627757728099823,False,False,other,
15,30.0,208.17769,195.60143,282.6599,310.17102,0.28737563,0.5268463,0.6865308880805969,False,False,True,0.014410189352929592,False,False,student,seat_06
15,30.0,544.28723,232.98555,692.2062,458.4959,0.7239423,0.72029316,0.6800142526626587,False,False,False,,False,False,student,seat_12
15,30.0,71.772804,164.53932,145.59818,310.3802,0.12726638,0.4947078,0.6375780701637268,False,False,False,,False,False,student,seat_05
15,30.0,410.78473,189.15234,549.963,329.6033,0.5624987,0.5403704,0.5860304832458496,False,False,True,0.041148778051137924,False,False,student,seat_07
15,30.0,0.0,290.27917,101.85871,475.40155,0.059636246,0.7975841,0.5632966756820679,False,False,False,,False,False,student,seat_09
15,30.0,401.45328,156.086,490.573,328.95847,0.5222636,0.5052546,0.3770609498023987,False,False,False,,False,False,student,seat_07
16,32.0,114.36629,227.53877,330.94064,473.61063,0.26071835,0.73036397,0.8896797299385071,False,False,False,,False,False,student,seat_10
16,32.0,719.075,224.4785,853.9296,459.85495,0.9209629,0.71284735,0.8017911911010742,False,False,False,,False,False,instructor,
16,32.0,637.4909,100.595116,721.38104,293.1217,0.7955925,0.4101217,0.7956503033638,False,False,False,,False,False,other,
16,32.0,0.0,184.59337,114.46786,335.01566,0.06701865,0.5412594,0.7753135561943054,False,False,True,0.2588919699192047,False,False,student,seat_05
16,32.0,543.6163,233.7306,698.3659,469.37216,0.72715586,0.73239875,0.7571287751197815,False,False,False,,False,False,student,seat_12
16,32.0,74.84779,162.24449,147.75212,309.83313,0.13032782,0.49174753,0.6267276406288147,False,False,False,,False,False,student,seat_05
16,32.0,0.0,281.8916,121.55519,473.95218,0.07116815,0.78733724,0.6023530960083008,False,False,False,,False,False,student,seat_09
16,32.0,438.85928,189.67802,548.1411,301.36246,0.57786906,0.5115005,0.5929877161979675,False,False,True,0.03872344642877579,False,False,student,seat_08
16,32.0,187.29865,195.54005,281.40762,308.88257,0.27441818,0.5254402,0.4649290144443512,False,False,True,0.03278250992298126,False,False,student,seat_06
16,32.0,404.35187,157.3652,482.6169,267.64734,0.51930255,0.4427214,0.38967186212539673,False,False,False,,False,False,student,seat_07
16,32.0,391.96054,393.99182,573.8872,476.94135,0.56548464,0.90722203,0.3654257357120514,False,False,False,,False,False,student,seat_11
17,34.0,114.36756,226.06499,346.72427,473.82034,0.26996008,0.7290472,0.910530149936676,False,False,False,,False,False,student,seat_10
17,34.0,717.82697,221.55443,853.9218,464.23892,0.92022765,0.71436805,0.8248257040977478,False,False,False,,False,False,instructor,
17,34.0,0.0,182.70265,116.99108,332.02625,0.06849595,0.5361759,0.8047233819961548,False,False,True,0.07874645292758942,False,False,student,seat_05
17,34.0,554.77295,232.03853,700.8678,469.27084,0.73515266,0.7305306,0.7017404437065125,False,False,False,,False,False,student,seat_12
17,34.0,574.1384,102.22637,653.6141,240.27567,0.7188246,0.35677296,0.6491146087646484,False,False,True,-0.32621070742607117,False,False,student,seat_04
17,34.0,73.493614,160.9899,147.98346,310.03308,0.12967043,0.49064893,0.6327965259552002,False,False,False,,False,False,student,seat_05
17,34.0,0.0,295.98154,89.63319,476.0321,0.052478448,0.8041809,0.5945242643356323,False,False,False,,False,False,student,seat_09
17,34.0,435.37546,190.93156,547.74,301.78943,0.57559454,0.51325107,0.4743584394454956,False,False,True,0.03109361231327057,False,False,student,seat_08
17,34.0,183.77454,196.95938,283.7286,309.54068,0.2737138,0.5276042,0.4115930497646332,False,False,True,0.04591405764222145,False,False,student,seat_06
17,34.0,405.38177,157.64952,481.92575,262.05322,0.51950085,0.43719038,0.282486230134964,False,False,False,,False,False,student,seat_07
18,36.0,0.06506341,180.94533,131.82542,331.12936,0.077219255,0.53341115,0.825398325920105,False,False,True,0.1013001799583435,False,False,student,seat_05
18,36.0,557.4218,228.97849,717.61017,468.72278,0.74650586,0.7267722,0.7616778612136841,False,False,False,,False,False,student,seat_12
18,36.0,624.45483,104.02511,712.26154,288.63885,0.7826208,0.40902498,0.7491570115089417,False,False,True,-0.10077879577875137,False,False,instructor,
18,36.0,726.2789,224.94969,854.0,471.97546,0.9252218,0.7259637,0.7453753352165222,False,False,False,,False,False,other,
18,36.0,0.00836835,291.16748,108.891045,470.91394,0.06375844,0.7938348,0.7412444353103638,False,False,False,,False,False,student,seat_09
18,36.0,88.8463,165.62013,159.50146,301.81766,0.14540267,0.48691437,0.6827091574668884,False,False,False,,False,False,student,seat_05
18,36.0,129.59564,227.78969,326.36066,422.82114,0.26695335,0.67771965,0.6016127467155457,False,False,False,,False,False,student,seat_06
18,36.0,219.33788,195.44159,298.50543,304.60013,0.30318695,0.52087677,0.5863536596298218,False,False,True,0.03734691068530083,False,False,student,seat_06
18,36.0,446.1318,190.58452,560.08044,316.38104,0.5891173,0.52808917,0.44631075859069824,False,False,True,0.020205281674861908,False,False,student,seat_08
18,36.0,532.8317,168.24478,591.2152,241.63223,0.65810704,0.42695522,0.26521533727645874,False,False,False,,False,False,student,seat_04
19,38.0,54.43451,179.477,180.295,324.68814,0.13742946,0.52517205,0.8426972031593323,False,False,True,0.09009349346160889,False,False,student,seat_05
19,38.0,181.45273,237.66055,383.01837,459.99826,0.33048657,0.7267279,0.8326602578163147,False,False,False,,False,False,student,seat_10
19,38.0,645.75214,99.63454,773.392,296.60245,0.83088064,0.41274688,0.7923220992088318,False,False,True,-0.29142680764198303,False,False,instructor,
19,38.0,0.0,281.07898,155.85506,468.27505,0.09125003,0.78057706,0.755733847618103,False,False,False,,False,False,student,seat_09
19,38.0,599.8967,222.56609,765.1617,469.74683,0.7992145,0.7211593,0.7145272493362427,False,False,False,,False,False,other,
19,38.0,140.19292,164.27554,213.25496,298.2965,0.2069367,0.4818459,0.6711007356643677,False,False,False,,False,False,student,seat_06
19,38.0,492.0473,192.60043,604.2144,306.81973,0.6418394,0.52022934,0.6169395446777344,False,False,True,0.046934183686971664,False,False,student,seat_08
19,38.0,257.96692,192.96643,339.6793,307.34845,0.34991,0.5211613,0.5819333791732788,False,False,True,0.003842417150735855,False,False,student,seat_06
19,38.0,794.4022,208.1954,854.0,473.01462,0.96510667,0.7095938,0.5671104192733765,False,False,False,,False,False,other,
19,38.0,471.81705,163.30298,542.9336,257.16238,0.5941163,0.43798476,0.304474413394928,False,False,False,,False,False,student,seat_08
19,38.0,575.3317,168.71695,634.90247,241.4821,0.708568,0.42729065,0.2718980312347412,False,False,False,,False,False,student,seat_04
20,40.0,228.11066,228.29695,430.3022,448.4888,0.38548762,0.7049852,0.835946798324585,False,False,False,,False,False,student,seat_07
20,40.0,108.27198,176.12878,225.34091,315.4352,0.1953237,0.5120458,0.8266751170158386,False,False,True,0.11413056403398514,False,False,student,seat_06
20,40.0,646.96216,232.7271,819.8787,470.3583,0.8588061,0.7323806,0.8177846670150757,False,False,False,,False,False,instructor,
20,40.0,1.2048998,280.06302,208.72737,470.21686,0.12291116,0.7815416,0.7861980199813843,False,False,False,,False,False,student,seat_09
20,40.0,624.94806,97.78057,715.64453,300.40585,0.78489023,0.41477755,0.783871591091156,False,False,True,-0.4527120590209961,False,False,other,
20,40.0,533.1706,194.26616,650.6261,308.65335,0.69308937,0.52387446,0.6996944546699524,False,False,True,0.12153350561857224,False,False,student,seat_08
20,40.0,191.41522,164.97197,261.2098,300.2703,0.26500294,0.48462734,0.5624991059303284,False,False,False,,False,False,student,seat_06
20,40.0,273.97992,189.42595,383.22488,306.11917,0.38478035,0.5161928,0.5106887817382812,False,False,True,0.11538445949554443,False,False,student,seat_07
20,40.0,516.4009,165.74712,586.90704,268.83792,0.6459648,0.45269272,0.27530503273010254,False,False,False,,False,False,student,seat_08
21,42.0,260.8899,222.04437,475.1944,473.85373,0.4309627,0.7248938,0.8960261940956116,False,False,False,,False,False,student,seat_11
21,42.0,147.49777,173.68344,263.0016,311.51273,0.2403392,0.5054127,0.833185076713562,False,False,True,0.1624288707971573,False,False,student,seat_06
21,42.0,44.7351,274.45844,250.03166,464.49652,0.17258006,0.76974475,0.7907805442810059,False,False,False,,False,False,student,seat_09
21,42.0,684.26416,235.28374,848.9031,469.1789,0.8976389,0.73381525,0.7477940917015076,False,False,False,,False,False,instructor,
21,42.0,547.0123,100.86688,637.91223,259.17462,0.6937497,0.37504324,0.6573691964149475,False,False,True,-0.5376762747764587,False,False,student,seat_04
21,42.0,228.6553,164.33704,294.46695,294.30975,0.30627766,0.47775707,0.5865926742553711,False,False,False,,False,False,student,seat_06
21,42.0,563.0828,193.14793,687.4869,309.74286,0.7321837,0.5238446,0.5472762584686279,False,False,True,0.07561402022838593,False,False,student,seat_08
21,42.0,661.63873,171.8826,725.3892,247.76707,0.8120773,0.43713507,0.3400980830192566,False,False,False,,False,False,other,
21,42.0,339.65628,188.20145,418.26434,306.09805,0.44374746,0.5148953,0.3246082067489624,False,False,True,0.06602063030004501,False,False,student,seat_07
22,44.0,274.9416,227.39986,486.2731,474.98303,0.44567606,0.7316488,0.9015907645225525,False,False,False,,False,False,student,seat_11
22,44.0,161.23845,174.00632,273.41907,309.994,0.25448334,0.50416696,0.8712723851203918,False,False,True,0.13854019343852997,False,False,student,seat_06
22,44.0,432.76904,95.30829,546.50244,382.8797,0.57334393,0.4981125,0.8628543615341187,False,False,True,0.19990862905979156,False,False,student,seat_08
22,44.0,61.19387,272.2084,260.28702,470.5721,0.18822066,0.7737297,0.8241820931434631,False,False,True,0.32258909940719604,False,False,student,seat_09
22,44.0,699.3239,235.89919,853.9432,464.81158,0.90940696,0.72990704,0.7995661497116089,False,False,False,,False,False,instructor,
22,44.0,586.0194,195.51599,705.6035,307.814,0.7562195,0.52430207,0.7696100473403931,False,False,True,0.08064877241849899,False,False,student,seat_08
22,44.0,312.51086,189.70021,430.05377,305.38467,0.43475682,0.51571345,0.586919903755188,False,False,True,0.036988645792007446,False,False,student,seat_07
22,44.0,240.58092,162.11674,308.50742,293.93036,0.32148027,0.47504908,0.5724088549613953,False,False,False,,False,False,student,seat_06
22,44.0,673.5037,172.51692,739.93256,247.56908,0.8275388,0.4375896,0.3393292725086212,False,False,False,,False,False,other,
22,44.0,574.50134,164.48575,633.0213,255.09404,0.7069805,0.43706226,0.29951751232147217,False,False,False,,False,False,student,seat_08
22,44.0,354.49313,188.5748,430.2549,305.15628,0.45945436,0.5143032,0.26293322443962097,False,False,True,0.027857834473252296,False,False,student,seat_07
23,46.0,161.5793,174.43675,273.81604,310.03024,0.2549153,0.5046531,0.8622453212738037,False,False,True,0.13717862963676453,False,False,student,seat_06
23,46.0,61.27407,271.63602,259.66223,473.23535,0.18790182,0.77590764,0.8582163453102112,False,False,False,,False,False,student,seat_09
23,46.0,448.5263,97.15479,537.88324,368.36798,0.5775232,0.48491955,0.8471916317939758,False,False,True,0.3318600058555603,False,False,student,seat_08
23,46.0,280.062,216.39938,476.0294,444.9385,0.44267648,0.6888936,0.8448508977890015,False,False,False,,False,False,student,seat_07
23,46.0,699.2016,237.49644,853.8578,464.23447,0.9092853,0.73096967,0.8192075490951538,False,False,False,,False,False,instructor,
23,46.0,585.94275,194.88513,702.4012,306.9873,0.75429976,0.5227838,0.8058131337165833,False,False,True,0.09658682346343994,False,False,student,seat_08
23,46.0,241.00182,160.88882,311.87698,294.56644,0.32369953,0.47443256,0.628952145576477,False,False,False,,False,False,student,seat_06
23,46.0,675.14014,169.30661,738.84125,248.75172,0.827858,0.43547744,0.48275578022003174,False,False,False,,False,False,other,
23,46.0,571.9187,167.89421,631.338,266.19785,0.70448285,0.45217922,0.33700627088546753,False,False,False,,False,False,student,seat_08
24,48.0,270.63922,215.9738,485.27258,473.14948,0.4425713,0.71783674,0.8906240463256836,False,False,False,,False,False,student,seat_11
24,48.0,60.736748,270.78104,261.14355,473.73605,0.18845451,0.7755386,0.8493779897689819,False,False,False,,False,False,student,seat_09
24,48.0,161.54596,175.91855,273.8742,310.50253,0.25492984,0.50668865,0.8484549522399902,False,False,True,0.1875568926334381,False,False,student,seat_06
24,48.0,444.7221,97.53382,535.7711,370.51035,0.57405925,0.487546,0.8439315557479858,False,False,True,0.2982712984085083,False,False,student,seat_08
24,48.0,698.27313,236.2655,853.3869,464.16687,0.90846604,0.72961706,0.816360354423523,False,False,False,,False,False,instructor,
24,48.0,585.48895,194.7433,701.77856,306.69846,0.75366956,0.5223352,0.8088750243186951,False,False,True,0.07077537477016449,False,False,student,seat_08
24,48.0,668.78296,171.45677,741.4292,247.65265,0.82565117,0.43657234,0.57342529296875,False,False,False,,False,False,other,
24,48.0,239.74925,159.30959,300.8692,295.16727,0.31652135,0.4734134,0.5654864311218262,False,False,False,,False,False,student,seat_06
24,48.0,571.32947,166.28024,630.224,268.15894,0.7034856,0.4525408,0.4409979283809662,False,False,False,,False,False,student,seat_08
24,48.0,346.9168,198.35448,429.21317,303.81567,0.45440868,0.52309394,0.35711756348609924,False,False,True,0.0021449218038469553,False,False,student,seat_07
25,50.0,272.1944,218.22974,476.69885,472.9416,0.43846208,0.7199701,0.8808082342147827,False,False,False,,False,False,student,seat_11
25,50.0,161.41089,174.80367,273.57404,310.26813,0.254675,0.5052831,0.8504077792167664,False,False,True,0.21215097606182098,False,False,student,seat_06
25,50.0,63.257046,269.1959,261.68018,475.695,0.19024427,0.77592796,0.8422562479972839,False,False,False,,False,False,student,seat_10
25,50.0,449.81055,96.09781,537.46326,372.68674,0.57802916,0.48831722,0.8352793455123901,False,False,True,0.38831767439842224,False,False,student,seat_08
25,50.0,699.0195,238.26828,853.9259,463.48056,0.90921855,0.7309884,0.8166460394859314,False,False,False,,False,False,instructor,
25,50.0,584.3461,194.5599,701.16144,306.8723,0.7526391,0.5223252,0.774447500705719,False,False,True,0.09146027266979218,False,False,student,seat_08
25,50.0,239.68007,160.64848,301.8664,294.57358,0.31706467,0.47418964,0.5404595732688904,False,False,False,,False,False,student,seat_06
25,50.0,669.01196,172.63364,735.15283,249.84914,0.82211053,0.44008625,0.39233627915382385,False,False,False,,False,False,other,
25,50.0,571.13794,166.93253,630.2088,266.0281,0.70336455,0.45100066,0.36970633268356323,False,False,False,,False,False,student,seat_08
26,52.0,271.40186,218.8137,478.7909,473.5054,0.43922293,0.7211657,0.9055051803588867,False,False,False,,False,False,student,seat_11
26,52.0,62.699867,270.26016,261.1358,475.5069,0.18959934,0.77684075,0.8595512509346008,False,False,False,,False,False,student,seat_09
26,52.0,158.63446,174.66504,272.2871,309.97412,0.252296,0.50483245,0.857505738735199,False,False,True,0.2568325996398926,False,False,student,seat_06
26,52.0,694.7349,235.73616,853.7632,442.70917,0.9066148,0.70671386,0.8294677138328552,False,False,False,,False,False,instructor,
26,52.0,488.64093,98.80793,583.66223,387.86554,0.6278122,0.5069515,0.8259850740432739,False,False,False,,False,False,student,seat_08
26,52.0,583.2483,192.24843,700.2049,307.8065,0.75143623,0.52089053,0.6832619309425354,False,False,True,0.10185054689645767,False,False,student,seat_08
26,52.0,664.8207,172.58586,732.9401,251.7855,0.8183611,0.4420535,0.5613974928855896,False,False,False,,False,False,other,
26,52.0,239.44963,161.58289,299.90143,293.18253,0.31577933,0.47371396,0.5279291868209839,False,False,False,,False,False,student,seat_06
26,52.0,575.8406,167.48804,630.4556,255.93008,0.70626235,0.44106054,0.36002275347709656,False,False,False,,False,False,student,seat_08
26,52.0,347.90253,191.00056,428.50012,307.52582,0.4545683,0.5192983,0.31122127175331116,False,False,True,0.19494768977165222,False,False,student,seat_07
27,54.0,235.19586,222.8657,436.4837,462.78534,0.39325503,0.71421987,0.8829256892204285,False,False,False,,False,False,student,seat_07
27,54.0,118.98365,178.05017,236.71667,313.11426,0.20825545,0.51162964,0.840133786201477,False,False,True,0.21199578046798706,False,False,student,seat_06
27,54.0,19.953953,274.62115,220.47443,464.9663,0.14076602,0.7704036,0.7987064719200134,False,False,False,,False,False,student,seat_09
27,54.0,631.9806,101.56362,721.7672,296.71146,0.7925924,0.41486987,0.7680634260177612,False,False,True,0.8480185866355896,False,False,instructor,
27,54.0,653.02466,224.37576,826.1789,475.43683,0.8660443,0.7289715,0.7275398969650269,False,False,False,,False,False,other,
27,54.0,546.1,194.59491,666.47284,307.84348,0.7099372,0.5233733,0.6135631203651428,False,False,True,0.09674575924873352,False,False,student,seat_08
27,54.0,200.95808,163.59349,262.47632,297.08972,0.2713316,0.47987837,0.5836189389228821,False,False,False,,False,False,student,seat_06
27,54.0,537.8568,165.31393,593.2215,253.36823,0.6622239,0.43612725,0.3957372307777405,False,False,False,,False,False,student,seat_08
27,54.0,466.81723,375.213,659.8413,478.72528,0.65963614,0.88951904,0.31312617659568787,False,False,False,,False,False,student,seat_12
28,56.0,167.6974,223.5435,383.204,471.302,0.32254183,0.72379744,0.8833873867988586,False,False,False,,False,False,student,seat_10
28,56.0,43.857082,175.50171,168.3196,325.22104,0.12422522,0.5215862,0.8212772607803345,False,False,True,0.11075769364833832,False,False,student,seat_05
28,56.0,486.09567,191.38635,594.91956,304.8684,0.63291293,0.5169321,0.7723897695541382,False,False,True,0.03876457363367081,False,False,student,seat_08
28,56.0,0.0,283.9277,142.78224,469.22357,0.08359616,0.78453255,0.7619554400444031,False,False,False,,False,False,student,seat_09
28,56.0,665.9143,102.720955,747.03687,265.09317,0.8272548,0.3831397,0.7321672439575195,False,False,True,-0.7443200349807739,False,False,instructor,
28,56.0,546.468,219.26068,765.6188,419.46448,0.7682007,0.6653387,0.6958054304122925,False,False,False,,False,False,other,
28,56.0,780.8712,215.15425,854.0,475.87375,0.95718455,0.71982086,0.6501756906509399,False,False,False,,False,False,other,
28,56.0,132.5708,163.30269,199.7141,301.96472,0.19454621,0.48465353,0.6340842843055725,False,False,False,,False,False,student,seat_06
28,56.0,426.58554,397.71225,616.5682,478.70532,0.6107457,0.912935,0.27188587188720703,False,False,False,,False,False,student,seat_12
29,58.0,113.5315,226.3842,343.5655,473.89505,0.2676212,0.72945756,0.8832117319107056,False,False,False,,False,False,student,seat_10
29,58.0,0.0,184.88245,117.68819,332.41632,0.06890409,0.5388529,0.815330982208252,False,False,True,0.13563090562820435,False,False,student,seat_05
29,58.0,541.3598,232.72365,696.85583,473.95462,0.72495055,0.7361232,0.8146427869796753,False,False,False,,False,False,student,seat_12
29,58.0,716.2608,225.99957,853.935,467.0315,0.9193184,0.7219074,0.7979034781455994,False,False,False,,False,False,instructor,
29,58.0,436.12167,190.58246,548.7393,306.83344,0.57661647,0.51814157,0.6145474314689636,False,False,True,0.09872348606586456,False,False,student,seat_08
29,58.0,73.80309,160.78906,145.25154,309.23892,0.12825212,0.4896125,0.6124680042266846,False,False,False,,False,False,student,seat_05
29,58.0,577.6325,102.68094,655.56604,242.08185,0.7220132,0.3591279,0.5645399689674377,False,False,True,-1.2103785276412964,False,False,student,seat_04
29,58.0,207.74461,200.59886,281.16644,309.97705,0.2862477,0.5318499,0.47859203815460205,False,False,True,0.22861219942569733,False,False,student,seat_06
29,58.0,0.0,303.82742,86.58911,476.15353,0.0506962,0.81248015,0.42249274253845215,False,False,False,,False,False,student,seat_09
30,60.0,65.85671,230.84653,282.18268,474.3428,0.20377015,0.73457223,0.895702600479126,False,False,False,,False,False,student,seat_10
30,60.0,660.86444,223.29436,835.7344,464.86273,0.87622887,0.7168303,0.7970975041389465,False,False,False,,False,False,instructor,
30,60.0,504.86835,227.58058,654.5954,473.6103,0.67884296,0.7304071,0.784507691860199,False,False,False,,False,False,student,seat_12
30,60.0,0.0,183.71365,66.977905,344.71164,0.03921423,0.550443,0.7041841745376587,False,False,True,-0.2291087508201599,False,False,student,seat_05
30,60.0,20.349117,168.06093,100.259056,318.62662,0.07061368,0.50696623,0.6626401543617249,False,False,False,,False,False,student,seat_05
30,60.0,551.0836,105.09197,621.10834,253.23647,0.68629503,0.37325877,0.6359789371490479,False,False,True,-0.3877735137939453,False,False,student,seat_04
30,60.0,160.04329,202.19638,240.37935,312.28198,0.23443948,0.535915,0.5067110657691956,False,False,True,0.18193982541561127,False,False,student,seat_06
30,60.0,396.04648,191.09718,505.43704,302.5179,0.5278007,0.5141824,0.48922181129455566,False,False,True,0.051776111125946045,False,False,student,seat_07
31,62.0,68.97849,251.43654,305.99957,473.03986,0.21954219,0.7546629,0.8600614666938782,False,False,False,,False,False,student,seat_10
31,62.0,690.3637,240.09836,843.7719,465.0957,0.8982059,0.7345772,0.8539634943008423,False,False,False,,False,False,instructor,
31,62.0,507.9872,245.72739,664.7198,479.54184,0.68659663,0.75548875,0.8267561197280884,False,False,False,,False,False,student,seat_12
31,62.0,0.0,205.5032,75.934715,363.01862,0.044458263,0.59221023,0.765713632106781,False,False,True,-0.24127274751663208,False,False,student,seat_05
31,62.0,31.950846,186.21873,109.46885,337.08398,0.082798414,0.545107,0.6578618884086609,False,False,False,,False,False,student,seat_05
31,62.0,572.5316,123.089714,633.9079,255.27916,0.7063463,0.39413422,0.5482128262519836,False,False,True,1.217455506324768,False,False,student,seat_04
31,62.0,167.9667,222.52682,246.84305,339.0049,0.24286285,0.5849289,0.4713420271873474,False,False,True,0.18939684331417084,False,False,student,seat_06
31,62.0,400.39478,211.6904,514.14355,326.277,0.53544396,0.5603827,0.34469133615493774,False,False,True,0.05845421180129051,False,False,student,seat_07
31,62.0,0.0684026,309.15442,58.185802,476.41083,0.034106676,0.81829715,0.295535683631897,False,False,False,,False,False,student,seat_09
31,62.0,367.77954,196.72458,437.67053,351.4306,0.471575,0.570995,0.29096630215644836,False,False,False,,False,False,student,seat_07
31,62.0,396.62527,209.8108,515.33545,432.51492,0.53393483,0.6690893,0.28329482674598694,False,False,True,0.012079904787242413,False,False,student,seat_07
31,62.0,0.0,387.3513,57.380863,480.0,0.033595353,0.90349096,0.28022968769073486,False,False,False,,False,False,student,seat_09
32,64.0,0.23093386,302.00327,234.21393,476.341,0.13726279,0.8107752,0.8873346447944641,False,False,False,,False,False,student,seat_09
32,64.0,697.7921,284.12708,853.99677,476.3305,0.90854144,0.7921433,0.7389307618141174,False,False,False,,False,False,instructor,
32,64.0,485.21936,294.4773,666.4378,479.6259,0.67427236,0.80635744,0.7223281264305115,False,False,False,,False,False,student,seat_12
32,64.0,372.93372,250.4818,490.92215,382.84973,0.5057704,0.65972036,0.6246060729026794,False,False,False,,False,False,student,seat_07
32,64.0,530.018,157.37616,607.1396,298.77402,0.6657831,0.47515643,0.6187176704406738,False,False,True,-0.3192213177680969,False,False,student,seat_08
32,64.0,97.32842,265.74506,190.71877,397.5694,0.16864589,0.69095254,0.5928983092308044,False,False,True,0.2866973578929901,False,False,student,seat_05
32,64.0,0.58333606,230.58179,81.223305,298.4405,0.047896158,0.55106485,0.4709581732749939,False,False,True,0.27280643582344055,False,False,student,seat_05
32,64.0,0.0,232.40872,40.559044,399.80014,0.023746513,0.6585509,0.27296531200408936,False,False,False,,False,False,student,seat_05
32,64.0,0.0,233.09685,28.54425,409.33624,0.01671209,0.66920114,0.2692393660545349,False,False,False,,False,False,student,seat_05
33,66.0,333.55484,282.302,476.938,446.83533,0.4745274,0.759518,0.7083571553230286,False,False,True,0.42753586173057556,False,False,student,seat_11
33,66.0,508.8327,332.5582,631.13464,479.1531,0.66742814,0.8455326,0.6597012281417847,False,False,False,,False,False,student,seat_12
33,66.0,551.6604,165.81752,675.87115,363.49985,0.7186953,0.5513723,0.6008517146110535,False,False,True,17.38254165649414,False,False,student,seat_08
33,66.0,756.1271,319.7147,854.0,474.55194,0.94269735,0.82736105,0.48413193225860596,False,False,False,,False,False,instructor,
33,66.0,0.35997137,301.9979,113.95622,463.61682,0.066929854,0.79751533,0.46890881657600403,False,False,True,0.23696817457675934,False,False,student,seat_09
33,66.0,259.1085,216.45132,312.1068,358.81836,0.3344352,0.59923923,0.45274022221565247,False,False,True,0.6893009543418884,False,False,student,seat_06
33,66.0,0.0,345.79553,64.450325,478.83707,0.03773438,0.8589923,0.4324916899204254,False,False,False,,False,False,student,seat_09
33,66.0,70.323006,230.91286,176.36809,367.31784,0.14443272,0.62315696,0.37485694885253906,False,False,False,,False,False,student,seat_05
34,68.0,278.10495,304.2511,459.93506,478.18475,0.43210775,0.81503737,0.8286690711975098,False,False,True,0.6294955015182495,False,False,student,seat_11
34,68.0,467.6157,164.91858,592.9813,335.91385,0.62095845,0.52170044,0.7871201038360596,False,False,True,-0.6245312094688416,False,False,student,seat_08
34,68.0,499.5945,367.40424,622.23096,476.8261,0.65680647,0.87940663,0.6350337862968445,False,False,False,,False,False,student,seat_12
34,68.0,246.75586,285.14603,337.48257,411.2505,0.34205997,0.725413,0.5364933609962463,False,False,False,,False,False,student,seat_10
34,68.0,420.72998,270.9603,509.6213,391.5156,0.5447022,0.69007903,0.5207985639572144,False,False,False,,False,False,student,seat_07
34,68.0,0.08596392,234.75305,101.80872,398.05554,0.05965731,0.65917563,0.42170220613479614,False,False,False,,False,False,student,seat_05
34,68.0,0.0,235.28598,101.57088,349.59055,0.059467725,0.6092464,0.2509300112724304,False,False,False,,False,False,student,seat_05
35,70.0,497.2561,162.2216,625.8684,370.50497,0.657567,0.5549235,0.8583221435546875,False,False,True,-0.4992115795612335,False,False,student,seat_08
35,70.0,261.34503,325.895,450.04297,477.1525,0.41650352,0.8365078,0.7608466148376465,False,False,False,,False,False,student,seat_11
35,70.0,407.63748,281.74045,516.9816,432.0759,0.5413461,0.7435587,0.4452221989631653,False,False,False,,False,False,student,seat_11
35,70.0,150.61307,235.84386,223.97787,407.2086,0.21931554,0.6698463,0.43871229887008667,False,False,False,,False,False,student,seat_06
35,70.0,254.78276,236.91925,335.64944,310.1864,0.3456863,0.5699017,0.4373387098312378,False,False,True,0.10965869575738907,False,False,student,seat_06
35,70.0,205.18517,305.19452,322.97458,473.49655,0.30922702,0.8111365,0.42233166098594666,False,False,False,,False,False,student,seat_10
35,70.0,361.88367,264.23703,429.14468,373.77078,0.46313134,0.6645915,0.344139963388443,False,False,True,0.2910754382610321,False,False,student,seat_07
35,70.0,513.6466,396.73135,648.5026,480.0,0.6804152,0.9132618,0.33077090978622437,False,False,False,,False,False,student,seat_12
35,70.0,192.23868,263.15103,255.88097,387.11804,0.26236513,0.6773636,0.2955537736415863,False,False,True,6.90402889251709,False,False,student,seat_06
36,72.0,505.98624,155.30304,694.016,469.87845,0.7025774,0.65123075,0.8652864694595337,False,False,True,-0.3854829668998718,False,False,student,seat_08
36,72.0,221.14488,355.08774,384.0114,477.64322,0.35430697,0.86742806,0.7033083438873291,False,False,False,,False,False,student,seat_10
36,72.0,201.50752,247.00076,291.36206,334.83987,0.2885653,0.606084,0.590218722820282,False,False,True,0.040061105042696,False,False,student,seat_06
36,72.0,236.40306,294.2095,329.48297,392.90863,0.331315,0.7157481,0.4606555700302124,False,False,False,,False,False,student,seat_06
36,72.0,57.622887,247.55057,170.72005,410.33344,0.13369024,0.6852959,0.4402714967727661,False,False,False,,False,False,student,seat_05
36,72.0,138.42601,334.50217,276.2702,476.71738,0.24279639,0.84502035,0.38823020458221436,False,False,False,,False,False,student,seat_10
36,72.0,375.7269,296.2092,534.4589,468.38412,0.5328957,0.7964514,0.34902530908584595,False,False,False,,False,False,student,seat_11
36,72.0,64.96151,245.93846,140.67708,350.57846,0.12039729,0.6213718,0.3484646677970886,False,False,False,,False,False,student,seat_05
36,72.0,123.88588,294.6751,207.23471,415.78488,0.19386452,0.7400625,0.341561496257782,False,False,False,,False,False,student,seat_10
36,72.0,488.97333,372.30383,650.8815,477.0762,0.6673623,0.8847708,0.2788418233394623,False,False,False,,False,False,student,seat_12
37,74.0,433.46503,159.55766,640.57056,442.31723,0.6288265,0.626953,0.8790871500968933,True,False,True,-0.7192693948745728,False,False,student,seat_08
37,74.0,385.53665,328.31,518.69006,477.10538,0.5294067,0.83897436,0.7441674470901489,False,False,False,,False,False,student,seat_11
37,74.0,135.92653,264.76843,220.0345,368.18265,0.2084081,0.659324,0.7301651239395142,False,False,True,0.12611885368824005,False,False,student,seat_06
37,74.0,135.29361,264.9658,255.09807,367.74353,0.22856654,0.6590722,0.5639833211898804,False,False,True,0.08443164825439453,False,False,student,seat_06
37,74.0,40.753475,317.04367,140.25662,475.4523,0.10597781,0.82551664,0.558445394039154,False,False,True,0.5098211169242859,False,False,student,seat_09
37,74.0,0.0,262.62308,72.09922,354.66986,0.042212658,0.64301354,0.5399178266525269,False,False,False,,False,False,student,seat_05
37,74.0,0.46794546,270.69864,110.10617,463.36386,0.064738944,0.76464844,0.4011576771736145,False,False,True,0.8268380165100098,False,False,student,seat_09
37,74.0,176.67316,322.74692,272.65067,415.7093,0.26307017,0.7692252,0.27864596247673035,False,False,False,,False,False,student,seat_10
37,74.0,195.58783,391.5547,350.30457,480.0,0.31960914,0.90786946,0.27841511368751526,False,False,False,,False,False,student,seat_10
37,74.0,289.08875,320.59036,386.6405,468.5036,0.39562604,0.8219729,0.2769307792186737,False,False,True,-0.2562416195869446,False,False,student,seat_11
38,76.0,426.598,129.35464,742.60846,476.00043,0.68454707,0.6305782,0.9446998834609985,True,False,True,-0.17679555714130402,False,False,student,seat_08
38,76.0,39.04891,284.61624,134.20605,409.44595,0.10143733,0.72298145,0.5962569713592529,False,False,True,0.1920730322599411,False,False,student,seat_09
38,76.0,28.859688,349.76736,174.62918,479.45126,0.11913868,0.8637694,0.5384498834609985,False,False,False,,False,False,student,seat_09
38,76.0,0.0,350.00757,60.08207,477.7015,0.035176855,0.862197,0.5025148391723633,False,False,False,,False,False,student,seat_09
38,76.0,340.50317,365.54742,490.69357,477.61487,0.48664916,0.87829405,0.3719041049480438,False,False,False,,False,False,student,seat_11
38,76.0,225.86562,332.03183,322.75058,477.58246,0.32120386,0.8433482,0.2558034062385559,False,False,True,0.2312869429588318,False,False,student,seat_10
39,78.0,413.8167,126.16522,690.754,477.4234,0.6467042,0.62873816,0.9279059767723083,True,False,True,-0.5668060779571533,False,False,student,seat_08
39,78.0,311.9361,379.9511,440.1533,477.51898,0.44033334,0.893198,0.6544074416160583,False,False,False,,False,False,student,seat_11
39,78.0,0.0,296.6379,55.360844,429.40308,0.03241267,0.7562927,0.4206158518791199,False,False,True,0.04899866506457329,False,False,student,seat_09
40,80.0,462.24872,126.35454,732.793,475.06165,0.6996732,0.6264752,0.9287589192390442,False,False,True,-0.5845245122909546,False,False,student,seat_08
40,80.0,299.55557,404.41605,426.62332,476.78815,0.4251633,0.91792107,0.5356930494308472,False,False,False,,False,False,student,seat_11
41,82.0,465.49744,106.16536,784.1369,476.39587,0.731636,0.6068346,0.9274805188179016,False,False,True,-0.7867894172668457,False,False,student,seat_08
42,84.0,400.8582,75.19648,797.43353,475.9715,0.701576,0.5741333,0.9378637671470642,False,False,True,-0.2550510764122009,False,False,student,seat_08
42,84.0,85.22576,123.865486,162.39377,316.4,0.1449763,0.45860988,0.4874267876148224,False,False,True,-0.767804741859436,False,False,student,seat_05
43,86.0,400.6874,75.38071,799.8102,476.4135,0.70286745,0.5747856,0.9395601153373718,False,False,True,-0.26901310682296753,False,False,student,seat_08
44,88.0,314.71838,74.67133,666.71576,475.5709,0.5746102,0.573169,0.9295634031295776,False,False,True,-1.1558783054351807,False,False,student,seat_08
45,90.0,385.53012,67.812706,740.17694,474.50723,0.6590791,0.5649166,0.9351117610931396,False,False,False,,False,False,student,seat_08
45,90.0,357.41248,108.56423,431.21677,283.08133,0.46172675,0.40796414,0.37331148982048035,False,False,True,-0.3500045835971832,False,False,student,seat_03
46,92.0,515.2991,61.369644,854.0,474.558,0.8016974,0.558258,0.9436407089233398,False,False,True,-0.3211290240287781,False,False,instructor,
47,94.0,307.09366,81.442406,770.4847,476.98523,0.6309007,0.58169544,0.9437652230262756,False,False,True,-0.3073672354221344,False,False,student,seat_08
47,94.0,176.3857,112.24308,252.77452,293.21188,0.25126475,0.42234892,0.4580141603946686,False,False,True,-0.35442233085632324,False,False,student,seat_02
48,96.0,468.68155,59.8045,820.8306,474.67468,0.7549837,0.55674917,0.8399698734283447,False,False,True,-3.5208845138549805,False,False,student,seat_08
48,96.0,741.0462,227.20036,854.0,476.01822,0.93386775,0.7325193,0.4822118282318115,False,False,False,,False,False,instructor,
49,98.0,473.43445,35.119457,853.2399,476.58395,0.7767414,0.5330244,0.9479713439941406,False,False,True,-0.5892914533615112,False,False,instructor,
50,100.0,393.41586,25.823423,851.64044,474.78476,0.7289557,0.52146685,0.9462596774101257,False,False,True,-0.007025705184787512,False,False,student,seat_08
51,102.0,307.49533,51.30759,733.94354,474.71887,0.6097417,0.54794425,0.9478581547737122,False,False,True,-0.1251227855682373,False,False,student,seat_08
52,104.0,377.51917,14.553028,739.883,475.74753,0.6542167,0.51072973,0.9365631341934204,True,False,True,-0.8834581971168518,False,False,student,seat_08
53,106.0,295.93478,48.479088,773.7696,474.76566,0.6262906,0.5450466,0.9496011734008789,True,False,True,-0.4525729715824127,False,False,student,seat_08
54,108.0,274.89185,49.864285,740.4897,474.58035,0.5944857,0.5462965,0.9223764538764954,True,False,True,-0.4971897602081299,False,False,student,seat_08
55,110.0,307.01532,52.140923,725.5578,474.08966,0.604551,0.54815686,0.9330110549926758,True,False,True,-0.8492485880851746,False,False,student,seat_08
56,112.0,348.33353,54.098305,724.90094,475.3338,0.6283574,0.5514918,0.9303303956985474,True,False,True,-0.5970707535743713,False,False,student,seat_08
57,114.0,377.04327,35.66945,708.3148,473.7718,0.6354556,0.53066796,0.9110620021820068,True,False,True,-1.080024242401123,False,False,student,seat_08
58,116.0,400.7725,74.5613,684.88043,475.6582,0.63562816,0.5731453,0.8902672529220581,True,False,True,-0.9553906321525574,False,False,student,seat_08
59,118.0,359.80148,103.39016,789.2639,476.26544,0.67275494,0.60380787,0.8883823156356812,True,False,True,-0.15129141509532928,False,False,student,seat_08
60,120.0,523.2814,271.02747,709.16565,477.92685,0.7215732,0.7801608,0.8433099389076233,False,False,False,,False,False,student,seat_12
60,120.0,633.0506,83.607346,749.3629,377.01218,0.80937564,0.479812,0.825661301612854,False,False,True,-0.6345717310905457,False,False,instructor,
60,120.0,326.02536,232.06723,526.4066,419.1538,0.49908197,0.6783553,0.8138291835784912,False,False,True,0.5505704283714294,False,False,student,seat_07
60,120.0,325.99655,188.99011,413.97076,308.97913,0.43323612,0.51871794,0.7431955933570862,False,False,False,,False,False,student,seat_07
60,120.0,529.6672,233.22194,635.6962,382.54807,0.68229705,0.6414271,0.7198442220687866,False,False,True,0.6096205115318298,False,False,student,seat_08
60,120.0,0.0,262.42944,121.786156,476.49,0.07130337,0.76970774,0.6901538968086243,False,False,False,,False,False,student,seat_09
60,120.0,285.3142,181.26163,371.51102,266.64862,0.38455808,0.46657318,0.5503039956092834,False,False,False,,False,False,student,seat_07
60,120.0,238.76382,144.12646,332.52933,250.8096,0.33448076,0.41139174,0.5275357365608215,False,False,False,,False,False,student,seat_02
60,120.0,32.79018,153.69905,138.73227,271.43427,0.10042298,0.4428472,0.5086587071418762,False,False,False,,False,False,student,seat_05
60,120.0,488.61917,185.13222,577.6232,305.0776,0.6242637,0.51063526,0.45208337903022766,False,False,True,-0.9729909300804138,False,False,student,seat_08
60,120.0,240.7028,142.38205,330.48944,293.47696,0.3344217,0.4540198,0.29675307869911194,False,False,False,,False,False,student,seat_06
60,120.0,232.48271,144.8226,275.11462,218.56142,0.29718813,0.37852505,0.259971022605896,False,False,True,0.04885043576359749,False,False,student,seat_02
61,122.0,528.0417,283.1706,709.2204,479.33472,0.7243923,0.79427636,0.8421443104743958,False,False,False,,False,False,student,seat_12
61,122.0,596.10693,78.280464,701.2675,311.98758,0.75958693,0.40652922,0.8316669464111328,False,False,True,-0.8565185070037842,False,False,student,seat_04
61,122.0,0.0,270.39584,124.26801,480.0,0.07275645,0.78166234,0.7888672947883606,False,False,False,,False,False,student,seat_09
61,122.0,324.83557,188.18024,411.41257,309.4115,0.43105865,0.51832473,0.7548201084136963,False,False,False,,False,False,student,seat_07
61,122.0,326.16403,229.61443,525.31726,421.5531,0.49852535,0.67829955,0.7534139156341553,False,False,True,0.6200181841850281,False,False,student,seat_07
61,122.0,286.1383,170.77647,359.78192,269.65677,0.37817344,0.4587846,0.6950942277908325,False,False,True,0.4942755103111267,False,False,student,seat_06
61,122.0,243.2184,140.40967,313.5673,268.0262,0.32598695,0.42545405,0.5841600894927979,False,False,False,,False,False,student,seat_02
61,122.0,531.3299,233.62917,633.99927,383.5835,0.68227696,0.64292985,0.5701587200164795,False,False,True,0.5438979864120483,False,False,student,seat_08
61,122.0,493.8958,185.28133,575.1746,299.91956,0.62591946,0.5054176,0.5392419695854187,False,False,False,,False,False,student,seat_08
61,122.0,41.92823,152.27309,135.03654,298.36496,0.10360936,0.46941465,0.4339204430580139,False,False,False,,False,False,student,seat_05
61,122.0,532.2903,234.19524,693.5595,394.6758,0.7177107,0.655074,0.37873393297195435,False,False,True,0.4983324706554413,False,False,student,seat_08
61,122.0,417.5185,169.2264,506.6386,276.23584,0.5410756,0.46402314,0.31476110219955444,False,False,True,0.019019808620214462,False,False,student,seat_07
62,124.0,610.9004,77.10071,715.1157,326.27515,0.77635604,0.42018318,0.8368157744407654,False,False,True,-0.5500040054321289,False,False,instructor,
62,124.0,521.18353,285.68637,716.7255,477.10342,0.7247711,0.7945727,0.8315900564193726,False,False,False,,False,False,student,seat_12
62,124.0,326.55527,229.46567,524.49725,420.03192,0.4982743,0.67656,0.798507571220398,False,False,True,0.5851212739944458,False,False,student,seat_07
62,124.0,319.60532,188.57434,411.85538,308.80972,0.42825568,0.5181084,0.759888768196106,False,False,False,,False,False,student,seat_07
62,124.0,0.0,237.17288,124.534645,480.0,0.07291256,0.74705505,0.6636396646499634,False,False,False,,False,False,student,seat_09
62,124.0,531.6671,234.06627,636.67236,381.61423,0.68403953,0.6413338,0.65870600938797,False,False,True,0.5789623260498047,False,False,student,seat_08
62,124.0,496.17764,184.71313,573.9558,297.3141,0.6265418,0.5021117,0.6498652100563049,False,False,False,,False,False,student,seat_08
62,124.0,286.83606,177.16956,360.05402,270.3783,0.37874126,0.46619567,0.6035260558128357,False,False,True,0.5412679314613342,False,False,student,seat_06
62,124.0,243.42151,140.39084,317.4853,265.43362,0.32839978,0.4227338,0.5431657433509827,False,False,False,,False,False,student,seat_02
62,124.0,35.65833,155.37822,166.80066,319.88727,0.118535705,0.49506822,0.4181031584739685,False,False,True,0.8082810044288635,False,False,student,seat_05
62,124.0,35.528774,153.95665,138.85149,293.41528,0.10209617,0.46601245,0.304470956325531,False,False,True,0.9667804837226868,False,False,student,seat_05
63,126.0,625.0995,76.74041,741.94604,379.10837,0.80037796,0.4748425,0.8992586135864258,False,False,True,-0.22502917051315308,False,False,instructor,
63,126.0,472.57645,277.18384,736.9763,479.59583,0.70816904,0.78831214,0.8732211589813232,False,False,False,,False,False,student,seat_12
63,126.0,327.15814,229.8503,528.3117,417.9908,0.5008606,0.6748345,0.7800440788269043,False,False,True,0.47272345423698425,False,False,student,seat_07
63,126.0,301.79114,186.57864,412.30334,326.638,0.4180881,0.5346007,0.756146252155304,False,False,False,,False,False,student,seat_07
63,126.0,505.06274,184.16432,572.73175,296.72064,0.63102716,0.50092185,0.6868306398391724,False,False,False,,False,False,student,seat_08
63,126.0,530.92865,233.2502,632.3547,383.8335,0.6810792,0.6427955,0.5661171674728394,False,False,True,9.669803619384766,False,False,student,seat_08
63,126.0,36.69484,153.00992,166.81058,323.9218,0.11914837,0.49680388,0.5626059770584106,False,False,True,0.9268210530281067,False,False,student,seat_05
63,126.0,242.94014,141.67064,315.8643,259.94388,0.32716888,0.41834843,0.5489619374275208,False,False,False,,False,False,student,seat_02
63,126.0,285.97403,174.58397,363.16632,270.58273,0.38005877,0.46371529,0.5165525674819946,False,False,True,0.5240267515182495,False,False,student,seat_07
63,126.0,0.0085108755,206.87933,119.64572,466.60684,0.07005517,0.70154816,0.5145713686943054,False,False,False,,False,False,student,seat_05
63,126.0,0.37170944,291.31717,116.489006,454.2146,0.06841962,0.77659553,0.27846625447273254,False,False,False,,False,False,student,seat_09
63,126.0,36.22067,153.13333,141.6621,297.8473,0.104146816,0.46977147,0.25384393334388733,False,False,True,1.384824275970459,False,False,student,seat_05
64,128.0,619.9998,76.4993,736.57275,379.19656,0.7942462,0.4746832,0.8980329036712646,False,False,True,-0.4767721891403198,False,False,instructor,
64,128.0,344.46112,226.82037,522.5407,416.83884,0.5076123,0.6704783,0.8590057492256165,False,True,False,0.17143064737319946,False,False,student,seat_07
64,128.0,547.03143,279.67953,717.1579,478.63104,0.74015766,0.7899068,0.7983986735343933,False,False,False,,False,False,student,seat_12
64,128.0,324.32245,185.71492,408.69055,305.75916,0.42916453,0.51195216,0.7803646922111511,False,False,False,,False,False,student,seat_07
64,128.0,0.0,255.55412,119.05679,460.30405,0.06970538,0.7456856,0.7068099975585938,False,False,False,,False,False,student,seat_09
64,128.0,493.51318,187.15387,571.3922,297.87778,0.6234809,0.5052413,0.6982896327972412,False,False,False,,False,False,student,seat_08
64,128.0,287.57346,175.86792,364.64673,269.99927,0.38186195,0.464445,0.6835083961486816,False,False,True,0.501518726348877,False,False,student,seat_07
64,128.0,0.0,136.00063,36.309353,230.61842,0.021258403,0.38189486,0.5604287385940552,False,False,False,,False,False,student,seat_01
64,128.0,243.26555,144.81921,316.556,264.71915,0.32776436,0.42660245,0.5515527129173279,False,False,False,,False,False,student,seat_02
64,128.0,532.48285,225.32841,688.51624,382.4646,0.71487063,0.63311774,0.5448574423789978,False,False,True,0.3061184287071228,False,False,student,seat_08
64,128.0,35.86952,163.03723,164.80322,317.13544,0.1174899,0.5001799,0.43866726756095886,False,False,True,0.7790434956550598,False,False,student,seat_05
64,128.0,414.03458,168.38454,491.68713,261.16278,0.530282,0.4474451,0.3719131052494049,False,False,True,0.17405936121940613,False,False,student,seat_07
65,130.0,626.81213,76.62776,743.9415,379.6525,0.802549,0.47529194,0.8868204951286316,False,False,True,-0.21917495131492615,False,False,instructor,
65,130.0,313.9695,224.59639,521.3405,415.13992,0.48905742,0.666392,0.8482437133789062,False,True,False,-0.03525751456618309,False,False,student,seat_07
65,130.0,520.37067,276.57153,718.30194,478.1524,0.7252182,0.7861708,0.8288838863372803,False,False,False,,False,False,student,seat_12
65,130.0,322.27774,185.8884,404.86288,304.9873,0.42572635,0.5113289,0.728524386882782,False,False,False,,False,False,student,seat_07
65,130.0,0.0,263.81815,119.9427,478.3626,0.07022406,0.77310497,0.6961843371391296,False,False,False,,False,False,student,seat_09
65,130.0,491.57132,186.57079,577.1561,294.88547,0.62571865,0.50151694,0.6645593643188477,False,False,False,,False,False,student,seat_08
65,130.0,285.6483,166.93024,361.0476,269.02222,0.3786276,0.45411715,0.574621856212616,False,False,True,0.37109795212745667,False,False,student,seat_06
65,130.0,519.1251,221.83626,692.25854,375.68036,0.70924103,0.6224131,0.5261446833610535,False,True,False,0.23039163649082184,False,False,student,seat_08
65,130.0,32.507046,165.1252,166.84035,323.31046,0.11671393,0.50878716,0.4827151298522949,False,False,True,0.6994090676307678,False,False,student,seat_05
65,130.0,426.48032,168.81897,491.82593,264.48056,0.53765005,0.45135367,0.32501643896102905,False,False,True,-0.02370765060186386,False,False,student,seat_07
65,130.0,32.081085,164.87941,143.57578,296.7045,0.1028436,0.48081657,0.2798912525177002,False,False,True,0.7636896967887878,False,False,student,seat_05
65,130.0,232.52275,143.60272,281.00665,219.63637,0.30066127,0.37837404,0.2669152319431305,False,False,True,0.30596551299095154,False,False,student,seat_02
66,132.0,637.1248,78.02628,777.61194,377.86017,0.82830024,0.4748817,0.9005549550056458,False,False,True,-0.18808594346046448,False,False,instructor,
66,132.0,312.25146,216.18675,515.9931,409.19473,0.4849207,0.651439,0.8598671555519104,False,True,False,0.09389832615852356,False,False,student,seat_07
66,132.0,530.1796,278.17636,718.28656,479.2414,0.7309521,0.7889768,0.788966715335846,False,False,False,,False,False,student,seat_12
66,132.0,510.0927,220.63052,609.7634,390.4669,0.65565354,0.6365598,0.7808860540390015,False,True,False,0.34016671776771545,False,False,student,seat_08
66,132.0,321.50803,185.69522,403.7902,303.83554,0.42464766,0.50992787,0.7556005716323853,False,False,False,,False,False,student,seat_07
66,132.0,289.01953,167.24828,364.27026,267.2444,0.38248816,0.45259655,0.6769714951515198,False,False,True,0.011853775009512901,False,False,student,seat_07
66,132.0,0.0,245.62952,119.78423,478.87473,0.07013129,0.75469196,0.614648163318634,False,False,False,,False,False,student,seat_09
66,132.0,492.6937,185.65742,561.87067,298.49292,0.6174264,0.50432324,0.5651193857192993,False,False,True,-0.24088039994239807,False,False,student,seat_08
66,132.0,31.394606,170.32874,166.61627,324.97574,0.11593143,0.51594216,0.48441556096076965,False,False,False,,False,False,student,seat_05
66,132.0,229.05353,142.89604,281.10614,218.50609,0.29868832,0.37646055,0.3113245964050293,False,False,True,0.2516957223415375,False,False,student,seat_02
66,132.0,427.61392,168.12042,493.72153,268.00568,0.5394236,0.45429802,0.29002320766448975,False,False,True,0.02627471275627613,False,False,student,seat_07
67,134.0,586.1653,86.0426,733.57574,372.31335,0.7726821,0.47745413,0.9097064733505249,False,False,True,-0.23073533177375793,False,False,instructor,
67,134.0,474.83658,279.55423,664.8433,478.97327,0.66725993,0.79013276,0.8818196058273315,False,False,False,,False,False,student,seat_12
67,134.0,280.21924,224.47952,472.2847,428.96664,0.44057605,0.68067306,0.8686726093292236,False,True,False,0.14757758378982544,False,False,student,seat_07
67,134.0,280.99106,190.32037,366.3632,308.12582,0.37901303,0.5192148,0.7509592175483704,False,False,False,,False,False,student,seat_06
67,134.0,479.59338,222.78566,597.337,383.10123,0.6305213,0.6311322,0.7064206600189209,False,False,True,0.3769032657146454,False,False,student,seat_08
67,134.0,249.236,173.31894,323.09378,271.44827,0.3350877,0.46329919,0.6888608336448669,False,False,True,-0.00036765640834346414,False,False,student,seat_06
67,134.0,449.36603,190.75386,528.9799,295.4812,0.57280207,0.5064948,0.6461423635482788,False,False,True,-0.29902467131614685,False,False,student,seat_08
67,134.0,201.52357,150.08902,270.45026,288.1052,0.27633128,0.4564523,0.5231623649597168,False,False,False,,False,False,student,seat_06
67,134.0,0.05223092,232.17319,81.82957,466.55588,0.04794016,0.72784275,0.49634355306625366,False,False,False,,False,False,student,seat_09
67,134.0,0.02860713,172.36922,102.44607,311.32153,0.059996884,0.5038445,0.30617067217826843,False,False,False,,False,False,student,seat_05
67,134.0,0.0,171.73645,96.70041,271.951,0.056616165,0.46217442,0.29709938168525696,False,False,False,,False,False,student,seat_05
68,136.0,616.34644,69.25704,794.3545,383.89264,0.82593733,0.47203094,0.9172104597091675,False,False,True,-0.2249976098537445,False,False,instructor,
68,136.0,495.45197,276.97574,703.6994,477.26395,0.70207924,0.78566635,0.8641632199287415,False,False,False,,False,False,student,seat_12
68,136.0,270.11493,213.80766,465.75494,418.21353,0.43083715,0.6583554,0.8305930495262146,False,False,True,-0.025099806487560272,False,False,student,seat_07
68,136.0,246.63345,167.14177,329.53195,271.67825,0.33733338,0.45710418,0.7662355899810791,False,False,True,-0.0725090354681015,False,False,student,seat_06
68,136.0,395.16705,167.97354,462.7281,270.74503,0.50228053,0.4569985,0.560920774936676,False,False,True,-0.016383595764636993,False,False,student,seat_07
68,136.0,188.91437,140.83247,266.11664,274.6017,0.2664116,0.43274397,0.5072762370109558,False,False,False,,False,False,student,seat_02
68,136.0,470.39508,182.05457,556.873,296.81024,0.601445,0.4988175,0.5047768950462341,False,False,False,,False,False,student,seat_08
68,136.0,284.1093,184.23994,388.07364,315.3269,0.39354977,0.5203821,0.49368995428085327,False,False,False,,False,False,student,seat_07
68,136.0,0.0,152.59988,86.31716,325.28836,0.05053698,0.49780026,0.45890164375305176,False,False,False,,False,False,student,seat_05
68,136.0,466.40204,182.97145,556.27905,389.1402,0.5987594,0.5959496,0.4098084270954132,False,False,False,,False,False,student,seat_08
68,136.0,0.0,242.70601,61.16128,474.90222,0.035808712,0.7475086,0.3617207109928131,False,False,False,,False,False,student,seat_09
68,136.0,182.20572,141.29085,235.46434,214.03893,0.2445375,0.3701352,0.28230544924736023,False,False,True,0.3251078426837921,False,False,student,seat_02
68,136.0,0.0,151.75172,84.25221,270.0828,0.049327992,0.43941098,0.2528500258922577,False,False,True,0.7616181373596191,False,False,student,seat_05
69,138.0,644.36804,53.676872,822.1254,373.50146,0.8586027,0.44497743,0.9029000997543335,False,False,True,-0.19012875854969025,False,False,instructor,
69,138.0,296.19336,214.705,511.72443,425.79965,0.47301978,0.66719234,0.8675891757011414,False,True,False,0.13125748932361603,False,False,student,seat_07
69,138.0,545.3598,269.70917,727.0052,477.55005,0.7449444,0.778395,0.8097463846206665,False,False,False,,False,False,student,seat_12
69,138.0,295.7865,172.85626,399.66608,301.46375,0.40717363,0.49408334,0.7513933777809143,False,False,False,,False,False,student,seat_07
69,138.0,267.49997,153.75743,348.49026,257.90042,0.36065003,0.42881024,0.7480348348617554,False,False,True,-0.023799099028110504,False,False,student,seat_02
69,138.0,509.76358,204.53325,632.66705,380.9736,0.6688704,0.609903,0.7212241888046265,False,False,True,0.2580805718898773,False,False,student,seat_08
69,138.0,0.016431285,220.4867,84.68622,474.78223,0.049591716,0.72423846,0.6577205061912537,False,False,False,,False,False,student,seat_09
69,138.0,481.8883,171.62978,560.1768,291.90445,0.61010844,0.48284817,0.57640540599823,False,False,False,,False,False,student,seat_08
69,138.0,207.79465,122.98659,288.71878,272.9485,0.29069874,0.41243234,0.5059986710548401,False,False,False,,False,False,student,seat_02
69,138.0,405.4773,153.51955,477.11346,236.94682,0.5167393,0.4067358,0.32629597187042236,False,False,True,0.0012087306240573525,False,False,student,seat_03
69,138.0,14.893178,154.33742,119.77557,309.72415,0.07884587,0.48339748,0.2749726474285126,False,False,False,,False,False,student,seat_05
70,140.0,655.3066,50.83652,800.2726,371.8207,0.8522126,0.44026795,0.890684962272644,False,False,True,-0.7031005024909973,False,False,instructor,
70,140.0,467.5442,267.96906,727.76355,477.9584,0.69982886,0.7770078,0.8783186674118042,False,False,False,,False,False,student,seat_12
70,140.0,299.07983,213.14096,518.25995,414.06686,0.47853616,0.6533415,0.8526615500450134,False,True,False,0.11684779822826385,False,False,student,seat_07
70,140.0,298.37796,170.93797,405.01288,301.65622,0.41182137,0.4922856,0.7889633178710938,False,False,False,,False,False,student,seat_07
70,140.0,485.02972,171.10892,573.1228,290.4191,0.6195273,0.48075834,0.7834410667419434,False,False,False,,False,False,student,seat_08
70,140.0,206.81892,125.11908,285.10425,282.9183,0.28801122,0.42503893,0.5248250365257263,False,False,False,,False,False,student,seat_02
70,140.0,269.6091,159.91463,350.60516,256.4479,0.3631231,0.433711,0.5050473809242249,False,False,True,0.29353782534599304,False,False,student,seat_06
70,140.0,0.0,228.36043,53.37763,447.7558,0.03125154,0.7042877,0.4952890872955322,False,False,False,,False,False,student,seat_05
70,140.0,0.16881262,138.95528,137.71658,324.42245,0.08072915,0.48268515,0.42506644129753113,False,False,False,,False,False,student,seat_05
70,140.0,0.0,137.56609,109.43867,299.344,0.06407416,0.4551147,0.370442658662796,False,False,False,,False,False,student,seat_05
70,140.0,0.0,202.67462,61.864998,474.66724,0.036220726,0.70556444,0.3370448648929596,False,False,False,,False,False,student,seat_05
70,140.0,519.92737,204.92699,666.17175,357.92416,0.69443744,0.5863033,0.3311646282672882,False,False,True,0.19093917310237885,False,False,student,seat_08
70,140.0,559.99713,205.2614,667.3822,346.92615,0.7186062,0.5751954,0.2937556505203247,False,False,True,0.15455523133277893,False,False,student,seat_08
70,140.0,406.08752,154.19942,479.62622,252.24443,0.51856774,0.423379,0.2645393908023834,False,False,True,0.015812193974852562,False,False,student,seat_03
71,142.0,686.513,54.458977,823.7702,382.7372,0.88424075,0.45541272,0.898579478263855,False,False,True,-0.8801867365837097,False,False,instructor,
71,142.0,528.5346,206.84396,665.2591,375.17944,0.6989424,0.6062744,0.8522727489471436,False,True,False,0.19359444081783295,False,False,student,seat_08
71,142.0,297.87845,261.46567,508.5635,421.11462,0.47215572,0.7110212,0.787919819355011,False,True,False,0.4318619668483734,False,False,student,seat_07
71,142.0,483.9633,173.35611,573.94775,291.39584,0.61938584,0.4841166,0.775175929069519,False,False,False,,False,False,student,seat_08
71,142.0,288.37842,179.95746,429.37332,321.2538,0.42022935,0.5220951,0.765058696269989,False,False,False,,False,False,student,seat_07
71,142.0,448.03296,303.21384,711.34845,477.43912,0.6787947,0.81318015,0.7269443869590759,False,False,False,,False,False,student,seat_12
71,142.0,211.38226,124.55815,287.22183,285.53583,0.29192278,0.42718124,0.6312788128852844,False,False,False,,False,False,student,seat_02
71,142.0,253.79175,162.0191,339.09802,267.1115,0.34712517,0.44701105,0.6128268241882324,False,False,True,0.06955865025520325,False,False,student,seat_06
71,142.0,0.0,243.12311,58.983063,454.3462,0.034533408,0.7265305,0.5518145561218262,False,False,False,,False,False,student,seat_09
71,142.0,0.16178809,137.25478,139.42422,323.39255,0.08172483,0.47984096,0.49486154317855835,False,False,False,,False,False,student,seat_05
71,142.0,413.4072,155.25528,480.2872,259.32373,0.52324027,0.43185315,0.4543400704860687,False,False,True,-0.04306440427899361,False,False,student,seat_03
71,142.0,0.18221012,138.49774,107.6006,293.67166,0.06310469,0.45017645,0.2729799747467041,False,False,False,,False,False,student,seat_05
72,144.0,727.3854,50.591618,853.9301,416.98657,0.9258287,0.4870606,0.9006686210632324,False,False,True,-0.5898119807243347,False,False,instructor,
72,144.0,527.84503,206.32587,665.5076,374.2829,0.6986842,0.6048008,0.8577362895011902,False,True,False,0.20947550237178802,False,False,student,seat_08
72,144.0,483.97058,173.0169,573.9591,292.4579,0.61939675,0.48486957,0.7738841772079468,False,False,False,,False,False,student,seat_08
72,144.0,291.71356,180.73938,433.2702,324.68378,0.42446357,0.52648246,0.7711031436920166,False,False,False,,False,False,student,seat_07
72,144.0,446.411,306.46167,702.3266,477.8035,0.67256296,0.8169429,0.6793453693389893,False,False,False,,False,False,student,seat_12
72,144.0,265.88995,164.7596,336.95667,262.3233,0.3529547,0.444878,0.6589702367782593,False,True,False,0.08723488450050354,False,False,student,seat_06
72,144.0,0.0,239.79564,56.498814,452.85324,0.03307893,0.7215092,0.6544694900512695,False,False,False,,False,False,student,seat_09
72,144.0,216.75494,129.12265,300.6803,285.9944,0.30294803,0.43241358,0.6394155025482178,False,False,False,,False,False,student,seat_02
72,144.0,291.8652,261.89023,505.31555,427.80884,0.4667335,0.71843654,0.627726674079895,False,True,False,0.3841820955276489,False,False,student,seat_11
72,144.0,0.0,142.10683,137.93762,323.11392,0.080759734,0.48460495,0.613889217376709,False,False,False,,False,False,student,seat_05
72,144.0,414.3729,154.72073,479.10352,259.1364,0.52311265,0.4311012,0.5568284392356873,False,False,True,-0.10362430661916733,False,False,student,seat_03
72,144.0,355.08426,137.31271,418.25775,228.69574,0.45277637,0.38125882,0.456527441740036,False,False,True,-1.1742533445358276,False,False,student,seat_03
72,144.0,205.79155,128.76045,266.2944,214.82341,0.27639693,0.35789984,0.29453885555267334,False,False,True,0.25488242506980896,False,False,student,seat_02
72,144.0,308.4585,274.21252,467.9484,420.32095,0.45457077,0.72347236,0.28019610047340393,False,True,False,0.6217429637908936,False,False,student,seat_11
72,144.0,0.0,142.10257,111.843315,296.26855,0.065482035,0.45663658,0.2510180175304413,False,False,False,,False,False,student,seat_05
73,146.0,641.98505,64.54796,778.19214,375.47003,0.8314855,0.4583521,0.8839072585105896,False,False,True,-0.9505274295806885,False,False,instructor,
73,146.0,528.4306,204.62251,670.0601,372.72028,0.70169246,0.6013987,0.8148500919342041,False,True,False,0.2148376852273941,False,False,student,seat_08
73,146.0,291.2464,182.52242,432.26462,327.1355,0.42360127,0.5308936,0.7450330257415771,False,False,False,,False,False,student,seat_07
73,146.0,486.46106,175.6133,574.14624,296.9401,0.62096447,0.49224314,0.7377901673316956,False,False,False,,False,False,student,seat_08
73,146.0,209.3833,128.70679,317.40204,286.30103,0.30842233,0.4322998,0.716860830783844,False,False,False,,False,False,student,seat_02
73,146.0,445.00006,308.65613,710.9385,478.87677,0.676779,0.8203468,0.7056297063827515,False,False,False,,False,False,student,seat_12
73,146.0,0.0,143.86574,139.22734,322.49216,0.081514835,0.48578948,0.6810854077339172,False,False,False,,False,False,student,seat_05
73,146.0,408.9769,153.66742,479.68185,260.41602,0.520292,0.4313369,0.6047925353050232,False,False,True,-0.13640634715557098,False,False,student,seat_03
73,146.0,294.72336,261.87378,504.84906,427.78342,0.46813372,0.71839297,0.5912325382232666,False,True,False,0.515813410282135,False,False,student,seat_11
73,146.0,350.45352,136.93709,416.09827,227.15508,0.4488008,0.37926266,0.4233062267303467,False,False,False,,False,False,student,seat_03
73,146.0,0.0,227.61026,46.79294,455.23474,0.027396334,0.71129686,0.37035471200942993,False,False,False,,False,False,student,seat_05
73,146.0,305.6664,273.6817,465.79062,420.1083,0.45167273,0.722698,0.2997278571128845,False,True,False,0.6983571648597717,False,False,student,seat_11
73,146.0,206.01479,124.87762,263.33307,205.00194,0.2747938,0.34362453,0.29557788372039795,False,False,True,0.040582846850156784,False,False,student,seat_02
73,146.0,308.73254,123.24718,365.5589,184.63127,0.3947842,0.32070673,0.26798492670059204,False,False,True,0.05582701787352562,False,False,student,seat_03
74,148.0,603.85706,52.19827,724.59094,376.77686,0.7777799,0.44684908,0.8898937106132507,False,False,True,-0.43910151720046997,False,False,instructor,
74,148.0,526.6084,205.67598,659.2537,372.4208,0.6942986,0.6021842,0.8470659852027893,False,True,False,0.232844278216362,False,False,student,seat_08
74,148.0,296.67508,264.4966,505.36014,426.43073,0.46957564,0.719716,0.8108513355255127,False,True,False,0.07287060469388962,False,False,student,seat_11
74,148.0,492.32443,172.83606,576.2363,289.40887,0.6256211,0.48150513,0.7867029309272766,False,False,False,,False,False,student,seat_08
74,148.0,291.90427,181.54985,435.22586,326.11578,0.4257202,0.52881837,0.7730726003646851,False,False,False,,False,False,student,seat_07
74,148.0,209.47212,128.63629,317.33798,285.66437,0.30843684,0.4315632,0.7083559036254883,False,False,False,,False,False,student,seat_02
74,148.0,448.26898,316.17178,705.08984,477.9136,0.67526865,0.8271723,0.6543636918067932,False,False,False,,False,False,student,seat_12
74,148.0,0.0,147.39734,135.14558,320.16476,0.07912505,0.48704386,0.4899366497993469,False,False,False,,False,False,student,seat_05
74,148.0,412.93393,153.10309,470.09485,232.46931,0.5169958,0.4016379,0.43546587228775024,False,False,True,-0.16597895324230194,False,False,student,seat_03
74,148.0,357.74826,138.68535,416.37738,227.24652,0.45323515,0.38117903,0.35126206278800964,False,False,False,,False,False,student,seat_03
74,148.0,0.0,225.05762,46.533176,458.8794,0.02724425,0.7124344,0.31176766753196716,False,False,False,,False,False,student,seat_05
75,150.0,573.8085,56.291748,716.07776,376.18,0.7552027,0.4504914,0.9005210995674133,False,False,True,-0.49841630458831787,False,False,student,seat_08
75,150.0,301.30438,262.0108,494.52228,425.10425,0.46594065,0.71574485,0.8447737693786621,False,True,False,-0.0040727900341153145,False,False,student,seat_07
75,150.0,527.3187,206.66003,657.70715,371.6735,0.6938091,0.6024307,0.8336591720581055,False,True,False,0.22798243165016174,False,False,student,seat_08
75,150.0,291.89807,180.8092,431.9801,325.4089,0.42381626,0.52731055,0.7672490477561951,False,False,False,,False,False,student,seat_07
75,150.0,491.4393,178.62051,576.5462,291.89157,0.62528425,0.49011675,0.7048002481460571,False,False,False,,False,False,student,seat_08
75,150.0,448.96017,315.83047,714.67786,477.807,0.68128693,0.8267057,0.6093707084655762,False,False,False,,False,False,student,seat_12
75,150.0,208.90327,127.25456,316.15512,287.57544,0.30741125,0.4321146,0.605941116809845,False,False,False,,False,False,student,seat_02
75,150.0,0.0,135.63527,110.19682,313.97574,0.06451805,0.4683448,0.35028961300849915,False,False,False,,False,False,student,seat_05
75,150.0,358.7283,135.47345,416.85895,226.18282,0.45409092,0.37672526,0.3122130036354065,False,False,True,0.15985742211341858,False,False,student,seat_03
75,150.0,207.32343,125.87893,260.3461,206.69283,0.2738112,0.3464289,0.2724761366844177,False,False,True,-0.03376936540007591,False,False,student,seat_02
76,152.0,584.0803,57.374542,725.88403,373.94345,0.76695806,0.4492896,0.9164981842041016,False,False,True,-0.4206334948539734,False,False,instructor,
76,152.0,298.6766,262.8968,494.78918,424.1502,0.46455845,0.715674,0.8415173888206482,False,True,False,-0.007636509370058775,False,False,student,seat_07
76,152.0,526.31726,205.35608,659.8849,371.79794,0.69449776,0.60120213,0.8306317329406738,False,True,False,0.21969881653785706,False,False,student,seat_08
76,152.0,290.11972,179.63336,434.29443,325.67853,0.42413008,0.52636653,0.750926673412323,False,False,False,,False,False,student,seat_07
76,152.0,491.9437,177.89697,576.3094,289.38318,0.6254409,0.48675016,0.7043754458427429,False,False,False,,False,False,student,seat_08
76,152.0,214.26187,128.51543,314.00735,285.26126,0.30929112,0.43101737,0.6451218724250793,False,False,False,,False,False,student,seat_02
76,152.0,448.44156,316.0822,715.8157,477.69012,0.6816494,0.8268462,0.6182956695556641,False,False,False,,False,False,student,seat_12
76,152.0,357.71155,134.89017,416.27338,223.91231,0.45315278,0.3737526,0.4348313510417938,False,False,True,0.488225519657135,False,False,student,seat_03
76,152.0,0.0,142.39465,111.59548,310.64944,0.065336935,0.47192094,0.43023887276649475,False,False,False,,False,False,student,seat_05
76,152.0,410.69904,154.87653,482.3256,257.60995,0.5228482,0.4296734,0.4100028872489929,False,False,True,-0.23159508407115936,False,False,student,seat_03
77,154.0,595.98944,52.1728,716.38135,375.46262,0.768367,0.44545355,0.8618207573890686,False,False,True,-0.5751545429229736,False,False,instructor,
77,154.0,297.48764,262.73553,496.93347,425.93604,0.46511775,0.7173662,0.8372405767440796,False,True,False,-0.07670313119888306,False,False,student,seat_11
77,154.0,526.9603,206.51184,658.71857,371.43744,0.6941914,0.6020305,0.8342099189758301,False,True,False,0.24162058532238007,False,False,student,seat_08
77,154.0,288.68158,180.05475,430.33374,321.37878,0.42096916,0.5223266,0.7623862028121948,False,False,False,,False,False,student,seat_07
77,154.0,490.6524,177.74142,577.61676,292.37653,0.6254503,0.4897062,0.6716306805610657,False,False,False,,False,False,student,seat_08
77,154.0,212.66862,129.90645,314.3097,286.7108,0.30853534,0.4339763,0.6340254545211792,False,False,False,,False,False,student,seat_06
77,154.0,448.0442,315.95428,720.833,477.9127,0.6843543,0.8269447,0.6164517998695374,False,False,False,,False,False,student,seat_12
77,154.0,0.04983851,200.60008,72.61988,463.4348,0.04254667,0.691703,0.5333390831947327,False,False,False,,False,False,student,seat_05
77,154.0,0.063434534,140.1574,108.49716,288.66782,0.06356007,0.4466929,0.44733354449272156,False,False,False,,False,False,student,seat_05
77,154.0,0.0,140.46695,137.97162,322.80405,0.080779634,0.48257396,0.401256799697876,False,False,False,,False,False,student,seat_05
77,154.0,413.06653,156.01549,481.98245,257.41736,0.52403337,0.43065923,0.3199620544910431,False,False,True,-0.18488723039627075,False,False,student,seat_03
77,154.0,362.2056,136.05128,419.06284,226.13283,0.4574171,0.3772751,0.31152504682540894,False,False,True,0.48343417048454285,False,False,student,seat_03
78,156.0,613.03424,57.3745,738.7472,375.79486,0.79144114,0.4512181,0.8999283313751221,False,False,False,,False,False,instructor,
78,156.0,299.0054,261.27942,504.24683,429.17276,0.47028816,0.719221,0.8612759113311768,False,True,False,-0.07213682681322098,False,False,student,seat_11
78,156.0,527.1999,206.08597,667.176,373.86996,0.69928336,0.6041208,0.8503138422966003,False,False,True,0.22122830152511597,False,False,student,seat_08
78,156.0,473.11365,169.41664,578.8233,292.8864,0.6158882,0.48156565,0.7836964130401611,False,False,False,,False,False,student,seat_08
78,156.0,288.4544,179.99847,430.9213,321.30734,0.42118016,0.52219355,0.7676001191139221,False,False,False,,False,False,student,seat_07
78,156.0,210.90944,123.77253,314.57565,284.55795,0.30766106,0.42534426,0.689114511013031,False,False,False,,False,False,student,seat_02
78,156.0,0.02858677,216.08446,81.48344,472.03632,0.047723666,0.71679246,0.6009173393249512,False,False,False,,False,False,student,seat_09
78,156.0,448.8693,317.6407,715.084,478.0345,0.68147147,0.8288283,0.5690837502479553,False,False,False,,False,False,student,seat_12
78,156.0,0.0,144.89145,88.08061,293.82654,0.051569447,0.4569979,0.3208034336566925,False,False,False,,False,False,student,seat_05
78,156.0,0.0,145.17856,87.09653,246.51251,0.050993282,0.40801153,0.26263731718063354,False,False,False,,False,False,student,seat_01
78,156.0,309.04755,121.45046,367.47226,189.43591,0.39608887,0.32384,0.25258347392082214,False,False,True,0.013626965694129467,False,False,student,seat_03
79,158.0,286.99838,221.7681,498.91104,423.47586,0.46013433,0.6721291,0.8757815361022949,False,True,False,-0.02211247757077217,False,False,student,seat_07
79,158.0,576.49725,58.40163,689.02747,375.65237,0.7409395,0.4521396,0.8059328198432922,False,False,True,-0.7003973126411438,False,False,student,seat_08
79,158.0,292.50916,178.0682,411.90305,324.17667,0.41241935,0.5231717,0.7893845438957214,False,False,False,,False,False,student,seat_07
79,158.0,526.64545,206.42685,658.13654,373.8207,0.6936663,0.60442454,0.7840293049812317,False,True,False,0.21965976059436798,False,False,student,seat_08
79,158.0,208.88829,123.43039,313.4719,286.24677,0.3058315,0.42674702,0.6737099289894104,False,False,False,,False,False,student,seat_02
79,158.0,0.0,236.6342,81.01477,464.16754,0.047432534,0.7300018,0.5882904529571533,False,False,False,,False,False,student,seat_09
79,158.0,472.8176,168.02151,582.2655,288.01288,0.61773014,0.47503582,0.5747367143630981,True,False,False,,False,False,student,seat_08
79,158.0,448.6094,319.49054,703.7807,477.58093,0.6747015,0.8302828,0.5205458998680115,False,False,False,,False,False,student,seat_12
79,158.0,0.0,149.06624,80.02622,246.1645,0.04685376,0.4116987,0.36083781719207764,False,False,False,,False,False,student,seat_01
79,158.0,0.0,149.70183,85.13999,288.11374,0.04984777,0.45605788,0.27713802456855774,False,False,False,,False,False,student,seat_05
80,160.0,609.52374,57.865284,724.23444,375.60147,0.78088886,0.4515279,0.8889601826667786,False,False,True,-0.5231236219406128,False,False,instructor,
80,160.0,296.75327,203.88345,492.37408,403.87186,0.46201834,0.63307846,0.8809325695037842,False,True,False,0.056180115789175034,False,False,student,seat_07
80,160.0,515.0251,208.324,666.26056,374.63458,0.6916192,0.60724854,0.842892587184906,False,False,True,0.2259070724248886,False,False,student,seat_08
80,160.0,484.04675,173.11403,580.6804,318.4938,0.62337655,0.5120915,0.7797157764434814,False,False,False,,False,False,student,seat_08
80,160.0,293.81702,181.08301,384.16986,298.83688,0.39694783,0.49991655,0.7696007490158081,False,False,False,,False,False,student,seat_07
80,160.0,214.43335,124.079384,313.21457,279.5733,0.30892736,0.42047155,0.5994375944137573,False,False,False,,False,False,student,seat_02
80,160.0,0.05198659,219.2308,82.74829,468.7296,0.048477914,0.71662545,0.5314074158668518,False,False,False,,False,False,student,seat_05
80,160.0,232.90585,178.66165,343.52225,270.24332,0.3374872,0.46760935,0.4623968303203583,False,False,False,,False,False,student,seat_06
80,160.0,413.85098,150.00198,476.37653,247.75363,0.5212105,0.41432875,0.45390474796295166,False,False,True,0.11954561620950699,False,False,student,seat_03
80,160.0,0.18804352,147.11383,116.924805,311.59116,0.06856724,0.47781768,0.3749525547027588,False,False,False,,False,False,student,seat_05
80,160.0,445.32062,321.71988,686.3579,478.02814,0.6625752,0.8330709,0.31293773651123047,False,False,False,,False,False,student,seat_12
80,160.0,206.28299,125.255775,259.36136,204.94568,0.2726255,0.34395984,0.2815091609954834,False,False,True,0.21636541187763214,False,False,student,seat_02
81,162.0,601.05676,56.05438,717.2761,284.99194,0.7718577,0.3552566,0.8688988089561462,False,False,True,-0.5914507508277893,False,False,instructor,
81,162.0,313.15985,238.22238,510.9429,415.4409,0.48249578,0.68089926,0.8532842993736267,False,True,False,0.12308500707149506,False,True,student,seat_07
81,162.0,291.29535,178.56458,417.84875,320.2814,0.41518974,0.5196312,0.824374794960022,False,False,False,,False,False,student,seat_07
81,162.0,511.33545,207.06268,654.4736,375.5547,0.682558,0.6068931,0.8048802614212036,False,False,True,0.1638568639755249,False,False,student,seat_08
81,162.0,208.14842,122.63602,305.66702,285.56512,0.3008287,0.42520952,0.7421000003814697,False,False,False,,False,False,student,seat_02
81,162.0,503.60678,278.19324,770.65576,476.9371,0.74605536,0.78659415,0.7313809990882874,False,False,False,,False,False,student,seat_12
81,162.0,483.93552,172.31633,574.89075,289.41882,0.61992174,0.48097414,0.6078434586524963,False,False,False,,False,False,student,seat_08
81,162.0,0.033860255,248.86934,82.56078,472.3185,0.04835752,0.75123733,0.5289498567581177,False,False,False,,False,False,student,seat_09
81,162.0,0.049548365,146.8394,123.59355,317.05435,0.07239057,0.48322263,0.45997095108032227,False,False,False,,False,False,student,seat_05
81,162.0,250.25012,172.01025,353.96487,263.15823,0.35375583,0.4533005,0.45805996656417847,False,True,False,0.07494300603866577,False,False,student,seat_06
81,162.0,415.26242,153.73944,476.61615,245.27037,0.52217716,0.41563523,0.36426714062690735,False,False,True,0.034403640776872635,False,False,student,seat_03
82,164.0,501.50333,254.55289,769.2874,476.70035,0.7440227,0.76172215,0.8715755343437195,False,False,False,,False,False,student,seat_12
82,164.0,290.8398,178.24556,420.7469,320.396,0.41661984,0.5194183,0.8315840363502502,False,False,False,,False,False,student,seat_07
82,164.0,313.49094,240.3379,501.98477,416.4254,0.4774448,0.68412846,0.8256322741508484,False,True,False,0.13811013102531433,False,False,student,seat_07
82,164.0,601.0774,56.264423,715.2539,289.7395,0.7706858,0.36042076,0.822464644908905,False,False,True,-0.5289391875267029,False,False,instructor,
82,164.0,502.7122,212.49893,650.85516,386.2301,0.6753907,0.62367606,0.8138222694396973,False,True,False,0.21720588207244873,False,False,student,seat_08
82,164.0,267.4822,167.17143,352.96613,254.99513,0.36326018,0.43975684,0.7784332036972046,False,True,False,0.11141316592693329,False,False,student,seat_06
82,164.0,207.77458,122.51517,305.1487,283.99646,0.30030638,0.4234496,0.6995622515678406,False,False,False,,False,False,student,seat_02
82,164.0,0.0,245.08159,75.09849,459.024,0.04396867,0.7334433,0.6917765140533447,False,False,False,,False,False,student,seat_09
82,164.0,490.35733,174.99397,577.76965,290.29794,0.62536705,0.4846791,0.6047523021697998,False,False,False,,False,False,student,seat_08
82,164.0,414.12033,154.19627,479.3213,248.93452,0.5230923,0.41992792,0.559407114982605,False,False,True,0.12935400009155273,False,False,student,seat_03
82,164.0,0.15142436,144.58252,136.07278,323.90216,0.079756565,0.48800486,0.5269397497177124,False,False,False,,False,False,student,seat_05
82,164.0,0.0,144.74954,109.006386,245.36652,0.06382107,0.4063709,0.2956671416759491,False,False,False,,False,False,student,seat_01
82,164.0,206.07622,127.71007,259.5712,205.41864,0.2726273,0.3470091,0.2615012526512146,False,False,True,0.11550656706094742,False,False,student,seat_02
83,166.0,599.97894,55.10279,716.12396,379.767,0.77055204,0.45298937,0.8616788983345032,False,False,True,-0.49211356043815613,False,False,instructor,
83,166.0,505.2938,261.3894,739.14685,478.77768,0.72859526,0.7710074,0.8549571633338928,False,False,False,,False,False,student,seat_12
83,166.0,312.7878,240.14336,505.61566,416.8877,0.47915894,0.68440735,0.8482464551925659,False,True,False,0.13777750730514526,False,False,student,seat_07
83,166.0,291.42343,179.97285,420.9756,318.6682,0.41709545,0.51941776,0.8089099526405334,False,False,False,,False,False,student,seat_07
83,166.0,268.75897,152.60768,347.08615,259.7228,0.36056504,0.42951095,0.7322106957435608,False,False,True,0.3935657739639282,False,False,student,seat_02
83,166.0,506.89465,202.95515,649.92084,396.74213,0.6772924,0.62468463,0.7288196682929993,False,True,False,0.24081376194953918,False,False,student,seat_08
83,166.0,0.040472474,225.41202,75.54434,471.8549,0.044253405,0.7263197,0.7042341232299805,False,False,False,,False,False,student,seat_09
83,166.0,488.09946,174.5996,576.29395,290.1901,0.62318116,0.48415592,0.6047118306159973,False,False,False,,False,False,student,seat_08
83,166.0,0.15782788,144.55861,136.80502,322.9569,0.08018902,0.4869953,0.6010882258415222,False,False,False,,False,False,student,seat_05
83,166.0,213.94083,130.536,291.12543,285.2387,0.29570624,0.43309867,0.5564999580383301,False,False,False,,False,False,student,seat_02
83,166.0,414.541,152.29619,478.8529,247.55038,0.5230644,0.41650683,0.5416276454925537,False,False,True,-0.10271327197551727,False,False,student,seat_03
83,166.0,206.17886,125.44461,261.39493,203.62347,0.27375513,0.34277925,0.2651282846927643,False,False,True,0.14385388791561127,False,False,student,seat_02
84,168.0,584.5627,57.583923,719.0808,381.4309,0.7632573,0.45730713,0.891598105430603,False,False,True,-0.09640265256166458,False,False,instructor,
84,168.0,493.31204,265.92218,741.23517,479.3835,0.7228028,0.7763601,0.8881472945213318,False,False,False,,False,False,student,seat_12
84,168.0,312.99808,239.80466,510.02917,416.94748,0.48186606,0.6841168,0.862740159034729,False,True,False,0.11331702768802643,False,False,student,seat_07
84,168.0,290.95227,179.24207,422.11172,319.37238,0.41748476,0.51939005,0.8004330396652222,False,False,False,,False,False,student,seat_07
84,168.0,506.3203,201.11024,651.6418,390.8655,0.6779638,0.6166414,0.7760840654373169,False,True,False,0.26454514265060425,False,False,student,seat_08
84,168.0,493.77814,174.37929,578.02704,288.34073,0.6275206,0.48200002,0.7159184217453003,False,False,False,,False,False,student,seat_08
84,168.0,262.2898,159.21255,349.93628,258.9219,0.35844618,0.43555674,0.7069706320762634,False,True,False,0.14228832721710205,False,False,student,seat_06
84,168.0,0.0204373,216.40306,74.72209,476.26553,0.043760262,0.7215298,0.6956281661987305,False,False,False,,False,False,student,seat_09
84,168.0,213.85286,132.55377,289.60397,284.33954,0.29476395,0.43426386,0.4956744611263275,False,False,False,,False,False,student,seat_06
84,168.0,0.14319853,146.57994,127.657295,320.8559,0.074824646,0.48691234,0.4486568570137024,False,False,False,,False,False,student,seat_05
84,168.0,413.2207,152.65593,474.34604,244.35602,0.51965266,0.41355413,0.44221022725105286,False,False,True,-0.13604994118213654,False,False,student,seat_03
84,168.0,206.4725,126.497635,263.61346,205.85353,0.27522597,0.34619913,0.25666528940200806,False,False,True,0.12062504887580872,False,False,student,seat_02
85,170.0,497.6749,268.28467,741.51874,479.4192,0.7255232,0.7788582,0.8930172920227051,False,False,False,,False,False,student,seat_12
85,170.0,602.24164,57.123463,716.3867,382.58203,0.7720307,0.45802656,0.8732900619506836,False,False,True,-0.5162163376808167,False,False,instructor,
85,170.0,313.09805,238.68222,509.2463,415.7266,0.48146626,0.68167585,0.865203320980072,False,True,False,0.11044038087129593,False,False,student,seat_07
85,170.0,291.23517,179.95595,421.3339,317.88077,0.41719502,0.5185799,0.8014979362487793,False,False,False,,False,False,student,seat_07
85,170.0,506.9689,202.9479,650.1849,391.88568,0.67749053,0.61961836,0.7737812995910645,False,True,False,0.22244416177272797,False,False,student,seat_08
85,170.0,265.56625,158.1017,353.20755,259.13907,0.36227974,0.4346258,0.6794392466545105,False,True,False,0.06600213050842285,False,False,student,seat_06
85,170.0,0.042340588,205.55228,82.38423,459.98895,0.04825912,0.6932722,0.6786578297615051,False,False,False,,False,False,student,seat_05
85,170.0,0.351827,137.45793,137.27776,324.18146,0.08057938,0.4808744,0.6250366568565369,False,False,False,,False,False,student,seat_05
85,170.0,490.47266,176.92824,575.2563,289.3112,0.6239631,0.4856661,0.5847874283790588,False,False,False,,False,False,student,seat_08
85,170.0,413.0758,152.48056,480.00958,248.0698,0.5228837,0.41723996,0.44566041231155396,False,False,True,0.04754047840833664,False,False,student,seat_03
85,170.0,214.86269,143.27815,287.32712,285.28854,0.29402214,0.44642365,0.3546370267868042,False,False,False,,False,False,student,seat_06
86,172.0,597.1433,55.444153,733.5304,378.20834,0.77908295,0.45172134,0.8928494453430176,False,False,True,-0.1137736588716507,False,False,instructor,
86,172.0,498.60263,269.20688,743.7573,478.58304,0.72737706,0.77894783,0.872545063495636,False,False,False,,False,False,student,seat_12
86,172.0,313.65875,239.6696,503.86984,415.34744,0.4786467,0.6823094,0.8548180460929871,False,True,False,0.13165773451328278,False,False,student,seat_07
86,172.0,290.87436,181.85701,420.58923,319.10974,0.41654778,0.52184033,0.8108497262001038,False,False,False,,False,False,student,seat_07
86,172.0,507.21442,205.59084,648.70605,394.31564,0.67676836,0.6249026,0.7999047040939331,False,True,False,0.2580813765525818,False,False,student,seat_08
86,172.0,263.44748,156.23946,351.5706,260.47873,0.36008084,0.43408147,0.6519001126289368,False,True,False,0.08377838134765625,False,False,student,seat_06
86,172.0,474.5785,172.97989,573.16693,298.6516,0.6134341,0.49128282,0.6089193224906921,False,False,False,,False,False,student,seat_08
86,172.0,0.06269135,136.74982,133.00996,321.50018,0.07791139,0.47734374,0.5998971462249756,False,False,False,,False,False,student,seat_05
86,172.0,414.1046,153.28389,479.38898,247.325,0.5231227,0.4173009,0.5671618580818176,False,False,True,0.1853129118680954,False,False,student,seat_03
86,172.0,214.57498,143.1959,291.7278,283.82947,0.2964302,0.4448181,0.2949651777744293,False,False,False,,False,False,student,seat_06
86,172.0,207.27525,127.210396,265.84238,211.26877,0.27700093,0.35258245,0.2687113285064697,False,False,True,0.17428456246852875,False,False,student,seat_02
87,174.0,314.69803,233.66785,509.02527,415.35565,0.48227358,0.67606616,0.8826559782028198,False,True,False,0.08283524215221405,False,False,student,seat_07
87,174.0,497.6924,268.5091,744.1607,478.2003,0.7270803,0.77782226,0.878280758857727,False,False,False,,False,False,student,seat_12
87,174.0,599.4774,54.629387,738.49725,373.14172,0.7833575,0.4455949,0.852768063545227,False,False,True,-0.11375799775123596,False,False,instructor,
87,174.0,505.92377,205.02928,643.00977,394.9707,0.67267776,0.625,0.7976347804069519,False,False,True,0.24662990868091583,False,False,student,seat_08
87,174.0,290.825,180.93723,417.6057,320.13693,0.4147721,0.5219523,0.7964960336685181,False,False,False,,False,False,student,seat_07
87,174.0,486.8128,174.5428,573.59125,290.906,0.62084544,0.48484248,0.7313448786735535,False,False,False,,False,False,student,seat_08
87,174.0,266.68112,157.37491,352.83737,260.11194,0.36271575,0.43488213,0.6263940930366516,False,True,False,0.05504520982503891,False,False,student,seat_06
87,174.0,0.040767707,209.7795,81.65898,480.0,0.04783358,0.7185203,0.5723684430122375,False,False,False,,False,False,student,seat_09
87,174.0,413.4091,153.11752,481.61206,252.22118,0.52401704,0.4222278,0.5623056888580322,False,False,True,0.18658961355686188,False,False,student,seat_03
87,174.0,0.081423424,146.82181,129.9223,320.82697,0.076114595,0.48713413,0.5240671634674072,False,False,False,,False,False,student,seat_05
87,174.0,213.45007,137.50772,289.29575,284.30222,0.29434767,0.43938535,0.3956911563873291,False,False,False,,False,False,student,seat_06
87,174.0,0.071141146,147.4512,107.837685,293.60294,0.06317847,0.45943138,0.3227543234825134,False,False,False,,False,False,student,seat_05
87,174.0,207.1489,127.99153,265.73727,206.30664,0.27686545,0.34822723,0.25132492184638977,False,False,True,0.13636209070682526,False,False,student,seat_02
88,176.0,498.95135,267.8845,742.0368,479.23895,0.7265739,0.77825356,0.8939641118049622,False,False,False,,False,False,student,seat_12
88,176.0,598.6344,57.97803,716.9522,381.0153,0.7702498,0.45728472,0.8695494532585144,False,False,True,-0.544330358505249,False,False,instructor,
88,176.0,314.34265,218.9571,510.55872,415.62643,0.48296332,0.6610245,0.8558349013328552,False,True,False,0.17644818127155304,False,False,student,seat_07
88,176.0,290.81012,181.04115,410.2773,321.0507,0.41047272,0.52301234,0.8075911998748779,False,False,False,,False,False,student,seat_07
88,176.0,507.02838,203.30113,643.14435,396.80493,0.67340326,0.6251105,0.7731927633285522,False,True,False,0.22938120365142822,False,False,student,seat_08
88,176.0,484.23553,174.87535,576.2895,294.94305,0.6209163,0.4893942,0.7353478074073792,False,False,False,,False,False,student,seat_08
88,176.0,266.02094,157.29935,353.89166,258.31418,0.36294648,0.43293077,0.6696406006813049,False,True,False,0.19504693150520325,False,False,student,seat_02
88,176.0,210.8771,134.24602,291.39798,257.95462,0.29407206,0.4085423,0.5850827693939209,False,False,False,,False,False,student,seat_02
88,176.0,0.02624526,145.25536,122.37115,310.42798,0.071661234,0.47467014,0.42718082666397095,False,False,False,,False,False,student,seat_05
88,176.0,0.05569737,231.78134,85.90702,472.0508,0.050329458,0.73315847,0.38106265664100647,False,False,False,,False,False,student,seat_09
88,176.0,413.02048,154.15962,480.21527,246.43184,0.52297175,0.41728276,0.3694910407066345,False,False,True,0.14328135550022125,False,False,student,seat_03
88,176.0,207.39856,126.228645,264.1928,205.27625,0.27610737,0.34531757,0.25547897815704346,False,False,True,0.08393429219722748,False,False,student,seat_02
89,178.0,496.51538,268.0461,742.5705,479.308,0.7254602,0.7784939,0.8932162523269653,False,False,False,,False,False,student,seat_12
89,178.0,609.6483,55.08015,730.02563,376.45853,0.7843524,0.44951946,0.8901205062866211,False,False,True,-0.2669801115989685,False,False,instructor,
89,178.0,313.56253,222.4899,510.2299,415.25366,0.48231405,0.6643162,0.8587501645088196,False,True,False,0.20701450109481812,False,False,student,seat_07
89,178.0,287.88995,178.79713,411.65112,321.55917,0.4095674,0.52120453,0.8142334818840027,False,False,False,,False,False,student,seat_07
89,178.0,505.79932,202.08032,644.32965,393.36795,0.6733776,0.62025857,0.7822298407554626,False,False,True,0.17846257984638214,False,False,student,seat_08
89,178.0,0.09102362,256.9206,78.21912,476.50107,0.04584903,0.76398087,0.7230791449546814,False,False,False,,False,False,student,seat_09
89,178.0,484.8114,176.16049,571.7639,292.84952,0.6186038,0.4885521,0.7196722030639648,False,False,False,,False,False,student,seat_08
89,178.0,270.03644,161.04634,351.04367,255.95352,0.36363003,0.43437487,0.7099040150642395,False,True,False,0.31495723128318787,False,False,student,seat_06
89,178.0,210.08759,131.2277,303.90802,255.74011,0.3009342,0.4030915,0.6314114332199097,False,False,False,,False,False,student,seat_02
89,178.0,0.09084036,144.9522,122.97631,305.0879,0.072053365,0.46879178,0.4054693281650543,False,False,False,,False,False,student,seat_05
89,178.0,409.95627,155.8641,477.3299,238.06442,0.5194884,0.41034222,0.37825027108192444,False,False,True,0.012168565765023232,False,False,student,seat_03
89,178.0,0.0,144.93533,108.95414,270.079,0.06379048,0.43230662,0.32551729679107666,False,False,False,,False,False,student,seat_01
90,180.0,497.83624,273.6723,743.73834,477.9273,0.7269172,0.78291625,0.87544184923172,False,False,False,,False,False,student,seat_12
90,180.0,603.989,59.429237,729.9162,356.2937,0.780975,0.43304473,0.8747179508209229,False,False,True,-0.34025439620018005,False,False,instructor,
90,180.0,313.0793,218.62746,510.78717,414.7154,0.4823574,0.6597321,0.8644132018089294,False,True,False,0.12820446491241455,False,False,student,seat_07
90,180.0,282.71442,180.38667,405.18213,311.97696,0.40274975,0.5128788,0.783254861831665,False,False,False,,False,False,student,seat_07
90,180.0,483.72626,175.42387,574.9844,293.7705,0.61985403,0.48874417,0.7434816360473633,False,False,False,,False,False,student,seat_08
90,180.0,513.0899,217.44685,655.5752,396.4678,0.6842301,0.6394945,0.7173649668693542,False,False,False,,False,False,student,seat_08
90,180.0,0.016538179,219.16992,78.72916,473.5468,0.046104036,0.7215799,0.6018697619438171,False,False,False,,False,False,student,seat_09
90,180.0,213.2782,130.70024,315.09494,256.01065,0.30935198,0.40282384,0.5098586678504944,False,False,False,,False,False,student,seat_02
90,180.0,275.19193,165.65634,353.0942,256.26053,0.36784902,0.43949673,0.5061795115470886,False,True,False,0.20084255933761597,False,False,student,seat_06
90,180.0,412.23947,157.11061,480.131,250.7034,0.52246517,0.42480627,0.2982803285121918,False,False,True,-0.016822926700115204,False,False,student,seat_03
91,182.0,497.04828,272.61768,743.65894,479.0799,0.72640944,0.7830183,0.8737869262695312,False,False,False,,False,False,student,seat_12
91,182.0,316.3736,214.38264,512.1315,416.78375,0.4850732,0.657465,0.8730769753456116,False,True,False,0.25169074535369873,False,False,student,seat_07
91,182.0,601.80566,56.721333,716.03204,373.35672,0.7715677,0.447998,0.8622596859931946,False,False,True,-0.6324728727340698,False,False,instructor,
91,182.0,489.74365,170.4766,578.8965,291.27124,0.6256675,0.48098734,0.8157856464385986,False,False,False,,False,False,student,seat_08
91,182.0,277.65747,177.15628,405.36865,314.63373,0.3998982,0.51228124,0.811085045337677,False,False,False,,False,False,student,seat_07
91,182.0,209.38701,129.9106,316.31482,286.73904,0.30778795,0.43401006,0.6136354804039001,False,False,False,,False,False,student,seat_06
91,182.0,0.0,207.35686,66.30669,475.5222,0.038821246,0.7113323,0.5989882946014404,False,False,False,,False,False,student,seat_05
91,182.0,523.3655,212.18408,647.443,389.42114,0.68548506,0.6266721,0.5733705163002014,False,False,True,0.5422456860542297,False,False,student,seat_08
91,182.0,5.3901534,141.28159,139.05469,322.73135,0.08456958,0.48334682,0.4797018766403198,False,False,False,,False,False,student,seat_05
91,182.0,262.0893,165.30516,352.83374,258.40192,0.3600252,0.44136155,0.4685230851173401,False,True,False,0.37180525064468384,False,False,student,seat_06
91,182.0,418.05106,150.49313,480.65378,230.2771,0.5261738,0.39663565,0.26086828112602234,False,False,True,0.060494132339954376,False,False,student,seat_03
91,182.0,6.195103,141.2489,108.25675,284.96115,0.067009285,0.4439688,0.2549675703048706,False,False,False,,False,False,student,seat_05
92,184.0,601.69403,55.590527,715.779,371.64673,0.77135426,0.4450388,0.8949418663978577,False,False,True,-0.536925196647644,False,False,instructor,
92,184.0,495.50565,273.4972,743.23566,478.59857,0.7252584,0.7834331,0.8823511004447937,False,False,False,,False,False,student,seat_12
92,184.0,314.9881,219.1158,511.03827,415.70407,0.48362198,0.66127074,0.8519731163978577,False,True,False,0.19343453645706177,False,False,student,seat_07
92,184.0,276.9327,181.1588,411.0024,316.94208,0.4027723,0.5188551,0.8072883486747742,False,False,False,,False,False,student,seat_07
92,184.0,487.88095,171.42598,565.6581,294.6212,0.6168262,0.48546582,0.7451034188270569,False,False,False,,False,False,student,seat_08
92,184.0,0.07303472,132.89032,110.98011,304.0438,0.06501941,0.4551397,0.6736334562301636,False,False,False,,False,False,student,seat_05
92,184.0,264.5981,162.33698,353.40387,259.54193,0.36182785,0.4394572,0.6470329165458679,False,True,False,0.486412912607193,False,False,student,seat_06
92,184.0,0.0,211.55154,85.56983,479.2716,0.050099432,0.7196074,0.6297184824943542,False,False,False,,False,False,student,seat_09
92,184.0,216.60382,135.8219,320.06158,252.31961,0.3142069,0.40431407,0.5971226096153259,False,False,False,,False,False,student,seat_02
92,184.0,521.89124,214.47708,633.1767,389.65552,0.67626923,0.62930477,0.3762274384498596,False,False,True,5.848902225494385,False,False,student,seat_08
92,184.0,411.49905,155.30676,478.05933,230.98018,0.5208187,0.40238222,0.30465003848075867,False,False,True,0.15822286903858185,False,False,student,seat_03
93,186.0,609.8578,54.51721,729.17664,369.55496,0.783978,0.44174185,0.8964453339576721,False,False,True,-0.39377549290657043,False,False,instructor,
93,186.0,495.7752,273.54492,742.20636,478.18408,0.7248136,0.7830511,0.8829065561294556,False,False,False,,False,False,student,seat_12
93,186.0,311.02518,216.25049,512.9636,415.23077,0.48242903,0.657793,0.8406946659088135,False,False,True,0.4783480763435364,False,False,student,seat_07
93,186.0,279.376,181.50652,401.89688,308.7877,0.39887172,0.5107231,0.815666675567627,False,False,False,,False,False,student,seat_07
93,186.0,487.86206,168.19507,581.0245,298.9537,0.62581176,0.4866133,0.6882489919662476,False,False,True,-0.16079173982143402,False,False,student,seat_08
93,186.0,0.18234245,138.08267,114.71379,301.03882,0.0672694,0.45741823,0.6600311398506165,False,False,False,,False,False,student,seat_05
93,186.0,218.24776,135.71608,320.77734,275.83133,0.31558844,0.42869523,0.6438279151916504,False,False,False,,False,False,student,seat_02
93,186.0,265.39294,162.44534,355.27917,253.92647,0.36339116,0.43372065,0.6009343862533569,False,True,False,0.37350836396217346,False,False,student,seat_06
93,186.0,0.091094874,191.43208,87.93877,480.0,0.05153973,0.6994084,0.46858447790145874,False,False,False,,False,False,student,seat_05
93,186.0,511.92908,220.62173,633.06604,392.04324,0.67037183,0.6381927,0.46305227279663086,False,False,False,,False,False,student,seat_08
93,186.0,209.13478,124.62339,267.8623,203.09097,0.2792723,0.34136912,0.37908294796943665,False,False,True,0.17190387845039368,False,False,student,seat_02
94,188.0,495.44986,271.184,741.4334,478.16498,0.72417057,0.7805719,0.8846967816352844,False,False,False,,False,False,student,seat_12
94,188.0,593.75366,58.25984,699.58057,313.74542,0.75722146,0.38750547,0.838483452796936,False,False,True,-2.2391855716705322,False,False,student,seat_04
94,188.0,311.239,215.76454,514.2415,414.6713,0.4833024,0.656704,0.8303701281547546,False,False,True,0.47499629855155945,False,False,student,seat_07
94,188.0,277.51852,184.39603,409.39304,311.393,0.40217304,0.5164469,0.8000571727752686,False,False,False,,False,False,student,seat_07
94,188.0,265.59357,163.41411,359.03375,254.61023,0.36570686,0.43544203,0.7215831875801086,False,True,False,0.4602549970149994,False,False,student,seat_06
94,188.0,0.0,140.87486,108.00377,303.3832,0.06323405,0.46276882,0.685023307800293,False,False,False,,False,False,student,seat_05
94,188.0,481.5123,171.001,563.116,299.25772,0.6116091,0.48985285,0.6745784878730774,False,False,False,,False,False,student,seat_08
94,188.0,212.14067,126.692535,317.89844,274.89377,0.31032735,0.41831908,0.634632408618927,False,False,False,,False,False,student,seat_02
94,188.0,0.08084314,206.29056,87.2442,480.0,0.051127072,0.71488595,0.5877856612205505,False,False,False,,False,False,student,seat_05
94,188.0,522.2629,216.45589,625.5629,386.1126,0.67202914,0.6276755,0.584227979183197,False,False,False,,False,False,student,seat_08
94,188.0,208.182,127.98268,262.56915,203.5202,0.27561542,0.3453155,0.3212677240371704,False,False,True,0.24565602838993073,False,False,student,seat_02
95,190.0,495.21677,271.44287,744.3191,478.65182,0.72572356,0.78134865,0.8773547410964966,False,False,False,,False,False,student,seat_12
95,190.0,311.6012,217.84833,514.3633,413.6852,0.48358575,0.65784746,0.8445742726325989,False,False,True,0.5055152177810669,False,False,student,seat_07
95,190.0,277.3301,183.22957,407.9868,312.52274,0.4012394,0.5164087,0.8131583333015442,False,False,False,,False,False,student,seat_07
95,190.0,528.5612,57.261276,635.76324,240.78947,0.6816888,0.31046954,0.7581881880760193,False,False,True,-1.062286376953125,False,False,student,seat_04
95,190.0,266.5004,161.89719,360.32895,254.45935,0.3669961,0.43370473,0.7331838607788086,False,True,False,0.45875710248947144,False,False,student,seat_06
95,190.0,0.0,137.18805,105.60631,301.07373,0.06183039,0.45652267,0.6039504408836365,False,False,False,,False,False,student,seat_05
95,190.0,0.0,210.84497,87.41107,478.81778,0.051177442,0.7183987,0.55832439661026,False,False,False,,False,False,student,seat_09
95,190.0,213.83098,128.64587,317.63568,252.32825,0.31116316,0.39684805,0.49633392691612244,False,False,False,,False,False,student,seat_02
95,190.0,208.76616,127.89716,316.8529,310.35126,0.3077395,0.45650876,0.4573094844818115,False,False,False,,False,False,student,seat_06
95,190.0,523.9301,225.88528,630.62946,394.73422,0.6759716,0.64647865,0.45567387342453003,False,False,False,,False,False,student,seat_08
95,190.0,0.0,138.40799,135.509,318.42972,0.07933782,0.4758726,0.4020721912384033,False,False,False,,False,False,student,seat_05
95,190.0,471.61508,177.07533,565.12854,301.2429,0.6069928,0.49824816,0.35891756415367126,False,False,False,,False,False,student,seat_08
95,190.0,208.08264,127.742935,263.8111,205.44609,0.2762844,0.34707192,0.2863221764564514,False,False,True,0.19239647686481476,False,False,student,seat_02
96,192.0,495.0424,272.9898,744.6073,478.1543,0.7257902,0.7824418,0.8931669592857361,False,False,False,,False,False,student,seat_12
96,192.0,542.0705,59.153683,651.69855,240.43362,0.698928,0.3120701,0.8375341296195984,False,False,True,-0.2581790089607239,False,False,student,seat_04
96,192.0,312.5062,218.29297,513.24176,415.3304,0.48345897,0.6600244,0.8264939785003662,False,False,True,0.47508394718170166,False,False,student,seat_07
96,192.0,278.02383,183.63379,407.75745,309.7459,0.40151128,0.5139372,0.8079584240913391,False,False,False,,False,False,student,seat_07
96,192.0,266.26038,161.25089,361.57382,254.75499,0.36758444,0.43333945,0.7365894913673401,False,True,False,0.4155990183353424,False,False,student,seat_06
96,192.0,469.36942,174.37025,567.1759,292.60574,0.6068766,0.48643336,0.724179208278656,False,False,False,,False,False,student,seat_08
96,192.0,207.78224,127.345764,316.28513,309.07477,0.30683103,0.45460472,0.6283493041992188,False,False,False,,False,False,student,seat_06
96,192.0,0.12870155,139.0116,109.328094,303.02155,0.064084776,0.4604512,0.6183727979660034,False,False,False,,False,False,student,seat_05
96,192.0,522.7528,222.88718,634.3113,393.67267,0.67743796,0.6422498,0.5998986959457397,False,False,False,,False,False,student,seat_08
96,192.0,0.07153819,206.78188,87.67269,478.01834,0.051372502,0.71333355,0.4366365969181061,False,False,False,,False,False,student,seat_05
96,192.0,413.40076,154.62527,484.2062,256.21072,0.525531,0.42795417,0.37777039408683777,False,False,True,-0.006797283887863159,False,False,student,seat_03
96,192.0,207.58487,126.97458,263.29218,208.26875,0.27568913,0.3492118,0.32207539677619934,False,False,True,0.152411088347435,False,False,student,seat_02
96,192.0,213.19984,128.90552,317.52127,252.26277,0.31072664,0.3970503,0.3088579773902893,False,False,False,,False,False,student,seat_02
96,192.0,264.88242,164.43355,362.91263,301.4668,0.3675615,0.48531285,0.261300265789032,False,True,False,0.4535830020904541,False,False,student,seat_06
97,194.0,495.03165,273.17624,743.8126,478.30365,0.7253187,0.7827915,0.8924295902252197,False,False,False,,False,False,student,seat_12
97,194.0,580.7505,58.60768,708.382,303.39154,0.75476146,0.3770825,0.8560231328010559,False,False,True,0.005887375213205814,False,False,student,seat_04
97,194.0,312.67285,217.69827,513.76263,415.57968,0.48386154,0.6596645,0.8353947401046753,False,False,True,0.4841015934944153,False,False,student,seat_07
97,194.0,276.89368,183.96193,406.19397,308.56345,0.39993423,0.5130473,0.818008542060852,False,False,False,,False,False,student,seat_07
97,194.0,266.26166,162.623,359.10516,254.19409,0.36613983,0.43418446,0.7479925155639648,False,True,False,0.4972001910209656,False,False,student,seat_06
97,194.0,477.19775,173.17133,567.5834,290.8736,0.61169857,0.48338014,0.6517037749290466,False,False,False,,False,False,student,seat_08
97,194.0,208.0679,128.17712,316.19208,310.10123,0.3069438,0.45653996,0.6335105895996094,False,False,False,,False,False,student,seat_06
97,194.0,0.0,267.7131,87.00506,476.79788,0.05093973,0.7755323,0.6097675561904907,False,False,False,,False,False,student,seat_09
97,194.0,522.8699,221.0825,634.126,390.11057,0.677398,0.63665944,0.5579739809036255,False,False,False,,False,False,student,seat_08
97,194.0,4.2371235,137.40427,134.88818,321.4387,0.0814551,0.47796142,0.4915231168270111,False,False,False,,False,False,student,seat_05
97,194.0,4.885925,137.2274,112.54842,286.7401,0.06875547,0.44163284,0.3760356605052948,False,False,False,,False,False,student,seat_05
97,194.0,417.47418,154.9144,485.91147,274.27066,0.5289143,0.44706777,0.36099112033843994,False,False,True,-0.024708665907382965,False,False,student,seat_07
97,194.0,207.38753,125.922356,264.38937,211.86348,0.276216,0.35186023,0.3510860204696655,False,False,True,0.1792915314435959,False,False,student,seat_02
97,194.0,213.18718,129.2308,317.17014,252.57014,0.31051365,0.39770934,0.31807026267051697,False,False,False,,False,False,student,seat_02
97,194.0,264.4174,165.29903,359.46255,302.7672,0.36526927,0.48756897,0.2568410038948059,False,True,False,0.4260934293270111,False,False,student,seat_06
98,196.0,639.32355,55.04748,754.0253,371.76422,0.815778,0.44459552,0.8903707265853882,False,False,True,-0.640750527381897,False,False,instructor,
98,196.0,311.32272,217.80733,516.38464,415.8619,0.4846062,0.66007215,0.8315457105636597,False,False,True,0.5093697309494019,False,False,student,seat_07
98,196.0,494.67654,273.5411,741.28326,477.74225,0.7236299,0.7825868,0.8271167278289795,False,False,False,,False,False,student,seat_12
98,196.0,288.70422,177.5221,405.6329,301.46667,0.40652058,0.49894664,0.8155431151390076,False,False,False,,False,False,student,seat_07
98,196.0,0.0,276.61847,87.768,457.49713,0.051386416,0.76470375,0.677306056022644,False,False,False,,False,False,student,seat_09
98,196.0,276.9512,166.0411,355.15417,254.4123,0.3700851,0.43797228,0.6739060878753662,False,True,False,0.45299777388572693,False,False,student,seat_06
98,196.0,523.7136,220.48344,632.4653,383.93918,0.67691976,0.6296069,0.5850625038146973,False,False,False,,False,False,student,seat_08
98,196.0,481.4903,173.70226,567.67267,295.8944,0.614264,0.48916322,0.5763449668884277,False,False,False,,False,False,student,seat_08
98,196.0,207.84491,128.95299,315.36758,307.40985,0.30633053,0.45454463,0.5413687229156494,False,False,False,,False,False,student,seat_06
98,196.0,0.062304497,144.14714,126.65984,311.0126,0.07419329,0.47412473,0.534197986125946,False,False,False,,False,False,student,seat_05
98,196.0,210.24918,128.48888,315.69046,254.21854,0.3079272,0.39865354,0.4154340922832489,False,False,False,,False,False,student,seat_02
98,196.0,206.97452,125.95428,264.18414,212.62921,0.27585402,0.35269114,0.3638225793838501,False,False,True,0.16556750237941742,False,False,student,seat_02
99,198.0,644.0963,56.702957,772.3282,370.44818,0.82928836,0.4449491,0.8913227319717407,False,False,True,-0.26777902245521545,False,False,instructor,
99,198.0,495.88574,273.22916,744.777,478.74475,0.7263833,0.7833061,0.8614857196807861,False,False,False,,False,False,student,seat_12
99,198.0,308.93842,216.6314,515.407,415.84094,0.48263782,0.65882534,0.8362083435058594,False,False,True,0.4985010623931885,False,False,student,seat_07
99,198.0,312.59415,181.55345,401.99857,302.37012,0.4183798,0.5040871,0.7143402099609375,False,False,False,,False,False,student,seat_07
99,198.0,274.3772,153.33588,341.72723,263.1768,0.36071688,0.43386737,0.710099995136261,False,False,True,0.43670782446861267,False,False,student,seat_06
99,198.0,0.06338363,273.39044,89.29512,464.41733,0.052317627,0.76854974,0.6229382753372192,False,False,False,,False,False,student,seat_09
99,198.0,0.044356324,142.4997,127.812805,314.55118,0.07485782,0.47609466,0.6049960851669312,False,False,False,,False,False,student,seat_05
99,198.0,207.15985,128.59828,297.93988,308.71664,0.29572585,0.4555364,0.5658762454986572,False,False,False,,False,False,student,seat_06
99,198.0,475.2048,177.2249,564.0689,295.66055,0.6084741,0.492589,0.5208021998405457,False,False,False,,False,False,student,seat_08
99,198.0,522.63617,220.53549,633.73315,402.9891,0.6770313,0.6495048,0.4846988916397095,False,False,False,,False,False,student,seat_08
99,198.0,207.45871,126.577065,262.5823,207.52666,0.27519965,0.34802473,0.33280476927757263,False,False,True,0.17022137343883514,False,False,student,seat_02
99,198.0,211.46866,131.45686,297.21924,246.8461,0.29782665,0.3940656,0.28791552782058716,False,False,False,,False,False,student,seat_02
99,198.0,416.25342,154.03893,480.2132,239.90176,0.52486336,0.41035488,0.2578904628753662,False,False,True,0.030029205605387688,False,False,student,seat_03
100,200.0,644.5522,58.105583,770.21735,370.82004,0.8283194,0.44679752,0.8987482786178589,False,False,True,-0.4477033019065857,False,False,instructor,
100,200.0,310.27887,216.2855,515.06256,415.87457,0.48322096,0.6585001,0.7903860807418823,False,False,True,0.5101632475852966,False,False,student,seat_07
100,200.0,500.6384,257.23438,763.67395,477.73074,0.7402297,0.76558864,0.704204261302948,False,False,False,,False,False,student,seat_12
100,200.0,314.04956,181.62567,398.82156,302.03738,0.41737184,0.5038157,0.6796532273292542,False,False,False,,False,False,student,seat_07
100,200.0,279.67578,156.40932,349.56638,261.13834,0.36840877,0.4349455,0.6319088935852051,False,False,True,0.5072309970855713,False,False,student,seat_06
100,200.0,0.04014161,270.29544,88.61591,468.61026,0.051906355,0.76969343,0.619878888130188,False,False,False,,False,False,student,seat_09
100,200.0,0.072759844,142.54189,127.620186,314.44104,0.07476168,0.47602385,0.5829467177391052,False,False,False,,False,False,student,seat_05
100,200.0,472.5118,176.9245,566.32074,298.7538,0.60821575,0.49549824,0.5229960680007935,False,False,False,,False,False,student,seat_08
100,200.0,207.87737,128.25743,304.49078,307.53564,0.29998136,0.45395115,0.4788343906402588,False,False,False,,False,False,student,seat_06
100,200.0,417.15012,153.17914,481.44968,248.30536,0.5261123,0.418213,0.45498839020729065,False,False,True,0.017609013244509697,False,False,student,seat_03
100,200.0,211.75931,129.53671,305.40652,251.92116,0.3027903,0.39735195,0.39711785316467285,False,False,False,,False,False,student,seat_02
100,200.0,207.17786,126.55225,264.18948,213.15248,0.27597618,0.3538591,0.3517586886882782,False,False,True,0.20038652420043945,False,False,student,seat_02
100,200.0,521.58734,221.14131,678.8174,382.55304,0.7028131,0.62884825,0.3314886689186096,False,False,False,,False,False,student,seat_08
100,200.0,467.54044,176.55719,566.1832,361.26077,0.6052246,0.5602271,0.256093293428421,False,False,False,,False,False,student,seat_08
101,202.0,646.87537,58.41743,772.27344,361.80002,0.8308834,0.4377265,0.8793588876724243,False,False,True,-0.5075504779815674,False,False,instructor,
101,202.0,308.6868,220.07895,511.45477,416.13956,0.48017657,0.6627276,0.8642680048942566,False,True,False,0.0939972996711731,False,False,student,seat_07
101,202.0,503.5532,268.272,748.8923,476.92514,0.73328185,0.776247,0.8440803289413452,False,False,False,,False,False,student,seat_12
101,202.0,313.2596,180.21954,408.77386,305.7611,0.4227362,0.5062298,0.7444568872451782,False,False,False,,False,False,student,seat_07
101,202.0,0.0,137.7854,127.64259,313.80008,0.0747322,0.47040156,0.6648736000061035,False,False,False,,False,False,student,seat_05
101,202.0,471.8397,174.77962,564.21936,296.52753,0.60659194,0.49094492,0.6573852896690369,False,False,False,,False,False,student,seat_08
101,202.0,278.5832,156.89964,349.41803,259.2086,0.36768222,0.43344605,0.6309314370155334,False,False,True,0.452085942029953,False,False,student,seat_06
101,202.0,207.97726,127.56183,305.3381,306.80225,0.30053592,0.45246258,0.5368747115135193,False,False,False,,False,False,student,seat_06
101,202.0,0.039235543,277.6388,87.402214,463.7911,0.05119523,0.77232283,0.4990467131137848,False,False,False,,False,False,student,seat_09
101,202.0,524.1335,216.23163,635.2215,390.13953,0.67877924,0.6316366,0.47340163588523865,False,False,False,,False,False,student,seat_08
101,202.0,416.23758,153.72185,480.1844,238.58054,0.52483726,0.4086483,0.32066068053245544,False,False,True,0.019062545150518417,False,False,student,seat_03
101,202.0,207.30339,126.56866,264.41373,211.19373,0.27618098,0.35183582,0.29614531993865967,False,False,True,0.180929034948349,False,False,student,seat_02
101,202.0,211.82068,129.09631,306.40372,254.5247,0.30341005,0.39960524,0.2639213502407074,False,False,False,,False,False,student,seat_02
102,204.0,647.86005,55.995293,772.2091,370.5372,0.8314222,0.44430467,0.8856059908866882,False,False,True,-0.42824798822402954,False,False,instructor,
102,204.0,504.20538,267.7691,744.8413,476.38116,0.73129195,0.77515656,0.8805861473083496,False,False,False,,False,False,student,seat_12
102,204.0,308.95,219.382,512.6332,415.76984,0.4810206,0.6616165,0.8653948307037354,False,True,False,0.142326220870018,False,False,student,seat_07
102,204.0,313.51193,179.90935,408.0395,306.42746,0.42245397,0.5066008,0.7267962098121643,False,False,False,,False,False,student,seat_07
102,204.0,0.055407226,210.84006,84.56546,463.25195,0.04954383,0.7021792,0.6709285974502563,False,False,False,,False,False,student,seat_05
102,204.0,523.1662,215.38554,638.5392,383.4196,0.68015534,0.62375534,0.6587030291557312,False,False,False,,False,False,student,seat_08
102,204.0,278.63446,156.42082,350.12573,259.2311,0.36812657,0.43297073,0.6554442644119263,False,False,True,0.4766504764556885,False,False,student,seat_02
102,204.0,0.0,141.06,132.96036,320.62698,0.07784564,0.48092395,0.6271175742149353,False,False,False,,False,False,student,seat_05
102,204.0,467.47717,178.88623,562.6006,297.5214,0.60309005,0.49625793,0.592991292476654,False,False,False,,False,False,student,seat_08
102,204.0,208.32782,127.21366,304.90033,305.6912,0.30048487,0.45094255,0.4973985254764557,False,False,False,,False,False,student,seat_06
102,204.0,206.63332,126.023125,264.6138,208.86285,0.27590582,0.34883958,0.35512399673461914,False,False,True,0.19774958491325378,False,False,student,seat_02
102,204.0,212.84395,128.78424,306.05984,252.33864,0.30380785,0.397003,0.32766661047935486,False,False,False,,False,False,student,seat_02
103,206.0,308.76834,218.68166,512.7634,415.1085,0.48099047,0.6601981,0.8698028326034546,False,True,False,0.13638441264629364,False,False,student,seat_07
103,206.0,499.78583,269.1669,741.6642,477.84497,0.72684425,0.7781373,0.8625283241271973,False,False,False,,False,False,student,seat_12
103,206.0,631.4135,60.975376,748.2875,363.44244,0.8077874,0.4421019,0.8595051765441895,False,False,True,-0.8329286575317383,False,False,instructor,
103,206.0,313.33176,178.82193,408.56528,306.39487,0.42265636,0.50543416,0.7520938515663147,False,False,False,,False,False,student,seat_07
103,206.0,0.0,142.62558,133.86589,321.45663,0.07837582,0.48341897,0.6603266596794128,False,False,False,,False,False,student,seat_05
103,206.0,0.03372791,211.09238,82.92255,464.10873,0.048569247,0.7033345,0.6539899706840515,False,False,False,,False,False,student,seat_05
103,206.0,467.72067,178.38849,561.95,296.66824,0.6028517,0.49485075,0.6272568106651306,False,False,False,,False,False,student,seat_08
103,206.0,279.15808,156.61778,348.88934,259.3829,0.36770928,0.43333402,0.6224364638328552,False,False,True,0.3828853964805603,False,False,student,seat_06
103,206.0,524.7595,215.12514,643.78345,383.12698,0.6841586,0.6231793,0.514665424823761,False,False,False,,False,False,student,seat_08
103,206.0,208.21178,128.17175,304.10156,307.6183,0.29994926,0.45394796,0.5023772716522217,False,False,False,,False,False,student,seat_06
103,206.0,206.32649,126.4195,263.47403,210.271,0.27505887,0.35071927,0.37768790125846863,False,False,True,0.15399521589279175,False,False,student,seat_02
103,206.0,213.19304,128.83356,305.1259,246.31802,0.3034654,0.3907829,0.3191141188144684,False,False,False,,False,False,student,seat_02
103,206.0,412.56247,156.24225,477.85123,231.46016,0.5213195,0.40385666,0.2770291566848755,False,False,True,0.09844810515642166,False,False,student,seat_03
103,206.0,462.87848,178.03404,561.53955,341.96442,0.5997763,0.5416651,0.26536089181900024,False,False,False,,False,False,student,seat_08
104,208.0,504.56235,267.7793,744.2395,476.46936,0.73114866,0.775259,0.8842087984085083,False,False,False,,False,False,student,seat_12
104,208.0,308.94534,220.3619,512.26117,415.77576,0.4808001,0.6626434,0.8750261664390564,False,True,False,0.1272168606519699,False,False,student,seat_07
104,208.0,564.9737,67.54484,676.14355,283.02023,0.7266494,0.36517194,0.864065408706665,False,False,True,-0.46584561467170715,False,False,student,seat_04
104,208.0,312.80322,178.65929,409.36996,306.60217,0.42281803,0.5054807,0.8049315810203552,False,False,False,,False,False,student,seat_07
104,208.0,277.8493,154.39404,347.3479,259.92285,0.36604053,0.4315801,0.6701991558074951,False,False,True,0.3461424708366394,False,False,student,seat_02
104,208.0,467.01974,177.20438,564.44946,297.54132,0.6039047,0.49452677,0.6196977496147156,False,False,False,,False,False,student,seat_08
104,208.0,0.014171219,144.17383,132.04727,319.65222,0.07731935,0.48315212,0.609564483165741,False,False,False,,False,False,student,seat_05
104,208.0,0.04086951,194.75328,83.84652,462.25638,0.0491144,0.68438506,0.6088463068008423,False,False,False,,False,False,student,seat_05
104,208.0,207.67221,128.02304,301.65988,308.5721,0.2982038,0.45478663,0.5692972540855408,False,False,False,,False,False,student,seat_06
104,208.0,525.04614,219.56964,637.13556,385.76016,0.6804342,0.63055193,0.41041111946105957,False,False,False,,False,False,student,seat_08
104,208.0,207.37108,125.61746,263.08167,203.89342,0.27544072,0.34324047,0.36949148774147034,False,False,True,0.18870815634727478,False,False,student,seat_02
104,208.0,415.0978,156.84758,478.8284,238.05241,0.523376,0.41135415,0.30931591987609863,False,False,True,0.04887106642127037,False,False,student,seat_03
105,210.0,539.0165,270.507,788.4886,476.87,0.7772278,0.77851766,0.8648780584335327,False,False,False,,False,False,instructor,
105,210.0,605.91974,67.21682,718.2861,289.13266,0.77529615,0.37119737,0.8586572408676147,False,False,True,-0.4583117961883545,False,False,other,
105,210.0,0.0,260.96112,123.533936,454.39258,0.07232666,0.7451601,0.7996261715888977,False,False,False,,False,False,student,seat_09
105,210.0,351.7826,177.90024,433.52112,305.20383,0.45977968,0.5032334,0.7345425486564636,False,False,False,,False,False,student,seat_07
105,210.0,347.4093,222.00261,508.97668,414.28012,0.50139695,0.6627945,0.7256941199302673,False,False,True,1.6583329439163208,False,False,student,seat_07
105,210.0,314.30502,154.17387,384.14243,258.726,0.40892708,0.43010408,0.7241004109382629,False,False,True,0.3381415903568268,False,False,student,seat_03
105,210.0,512.8124,174.8289,605.36597,298.85437,0.65467113,0.4934201,0.6575469374656677,False,False,False,,False,False,student,seat_08
105,210.0,247.32121,126.42385,338.91553,308.74435,0.34322995,0.4533002,0.5720040798187256,False,False,False,,False,False,student,seat_06
105,210.0,30.994595,140.11777,162.99826,305.0965,0.11357896,0.46376485,0.5242730975151062,False,False,False,,False,False,student,seat_05
105,210.0,0.0,117.94983,58.084652,216.14343,0.034007408,0.34801382,0.5123330354690552,False,False,True,0.6795709729194641,False,False,student,seat_01
105,210.0,558.73694,223.34966,676.30676,385.6961,0.7230935,0.63442266,0.431774765253067,False,False,False,,False,False,student,seat_08
105,210.0,245.96289,126.10756,303.44046,209.68916,0.32166472,0.34978825,0.2912353277206421,False,False,True,0.21407224237918854,False,False,student,seat_02
106,212.0,537.0739,278.15005,786.91675,477.15128,0.7751702,0.7867722,0.8442429900169373,False,False,False,,False,False,instructor,
106,212.0,598.39087,68.568825,710.7698,290.5418,0.7664875,0.37407357,0.8420818448066711,False,False,True,-0.4813288152217865,False,False,other,
106,212.0,0.00071263313,242.98106,118.76568,478.80573,0.06953535,0.7518613,0.7863345742225647,False,False,False,,False,False,student,seat_09
106,212.0,344.28497,184.4475,429.35168,310.0905,0.45294887,0.51514375,0.7217051982879639,False,False,False,,False,False,student,seat_07
106,212.0,25.93362,146.66837,150.4338,303.3642,0.10325962,0.46878392,0.713752269744873,False,False,False,,False,False,student,seat_05
106,212.0,242.18605,132.62161,336.86404,317.93155,0.3390223,0.4693262,0.7075415849685669,False,False,False,,False,False,student,seat_06
106,212.0,310.61316,160.0353,381.87186,260.78036,0.4054362,0.43834966,0.7024253606796265,False,False,True,0.32595279812812805,False,False,student,seat_07
106,212.0,342.76248,221.14253,523.48724,421.5011,0.507172,0.6694204,0.67563796043396,False,False,True,0.7539141178131104,False,False,student,seat_07
106,212.0,510.71732,178.71394,603.40356,300.6505,0.6522956,0.49933797,0.65870600938797,False,False,False,,False,False,student,seat_08
106,212.0,557.30273,226.29808,672.8107,398.96323,0.720207,0.65131384,0.483053982257843,False,False,False,,False,False,student,seat_08
106,212.0,0.0,128.56544,49.61128,222.33829,0.029046416,0.36552474,0.4598838984966278,False,False,True,0.3815196454524994,False,False,student,seat_01
107,214.0,609.37854,101.91436,729.5135,347.99442,0.78389466,0.468655,0.8424866199493408,False,False,True,-0.4991964101791382,False,False,instructor,
107,214.0,317.27853,264.62784,549.74835,476.72046,0.50762695,0.7722378,0.8210508823394775,False,False,True,0.5474911332130432,False,False,student,seat_11
107,214.0,0.0,183.79494,114.46792,355.96857,0.06701869,0.56225365,0.7406748533248901,True,False,False,,False,False,student,seat_05
107,214.0,331.81622,224.47137,422.312,367.00244,0.44152707,0.61611855,0.7106655240058899,False,False,False,,False,False,student,seat_07
107,214.0,290.64465,201.58868,362.47946,316.29965,0.38239118,0.539467,0.7102064490318298,False,False,True,0.4379074275493622,False,False,student,seat_07
107,214.0,522.1804,219.76173,618.213,356.625,0.66767764,0.60040283,0.6333649754524231,False,False,False,,False,False,student,seat_08
107,214.0,213.703,171.47395,315.9774,366.53247,0.31011733,0.5604233,0.6300068497657776,False,False,False,,False,False,student,seat_06
107,214.0,434.62494,201.18391,512.5842,313.9935,0.5545721,0.53664315,0.5124667286872864,False,False,True,0.03844376280903816,False,False,student,seat_07
107,214.0,586.6812,332.14325,781.36145,478.7625,0.8009618,0.8446935,0.49553442001342773,False,False,False,,False,False,other,
107,214.0,214.27875,170.61052,273.53842,258.34064,0.28560725,0.44682413,0.4285600185394287,False,False,True,0.11139408499002457,False,False,student,seat_06
107,214.0,566.0864,269.98053,688.5349,468.6753,0.73455584,0.76943314,0.2986717224121094,False,False,False,,False,False,student,seat_12
108,216.0,616.4263,123.8155,762.3327,430.26346,0.80723596,0.5771656,0.8786125779151917,False,False,True,-0.5678850412368774,False,False,instructor,
108,216.0,127.58779,210.57027,254.06683,392.98148,0.2234512,0.6286997,0.7827533483505249,False,False,False,,False,False,student,seat_06
108,216.0,499.9092,268.76877,626.0399,467.18695,0.65922076,0.7666205,0.7750495672225952,False,False,False,,False,False,student,seat_12
108,216.0,225.74605,245.70454,317.05667,394.05856,0.3178002,0.6664199,0.7611635327339172,False,False,True,0.3558013439178467,False,False,student,seat_06
108,216.0,129.50626,209.59294,207.39041,324.71332,0.1972463,0.55656904,0.7219372987747192,False,False,True,0.07214085012674332,False,False,student,seat_06
108,216.0,293.76593,330.6021,504.44882,476.30823,0.46733883,0.8405316,0.7026121616363525,False,False,False,,False,False,student,seat_11
108,216.0,272.50253,279.77975,389.37067,455.38757,0.38751358,0.76579934,0.6621185541152954,False,False,False,,False,False,student,seat_11
108,216.0,405.0715,244.62553,503.88727,386.17087,0.53217727,0.6570796,0.4337864816188812,False,False,True,0.11452168226242065,False,False,student,seat_07
108,216.0,288.21494,203.87192,342.0404,284.26733,0.36900198,0.5084784,0.3574025630950928,False,False,True,0.056202150881290436,False,False,student,seat_06
109,218.0,613.9462,118.439835,790.12415,475.6587,0.8220552,0.6188526,0.9195827841758728,False,False,True,-0.6662359237670898,False,False,instructor,
109,218.0,478.0991,297.54593,630.73773,477.73102,0.64920187,0.8075802,0.8225114941596985,False,False,False,,False,False,student,seat_12
109,218.0,15.50086,225.7792,116.08072,365.74255,0.07703839,0.61616844,0.7944806218147278,False,False,True,0.25285160541534424,False,False,student,seat_05
109,218.0,142.40436,268.90237,247.44345,442.2177,0.22824813,0.74075013,0.7897935509681702,False,False,True,0.3603286147117615,False,False,student,seat_10
109,218.0,20.437912,228.03206,173.39026,407.7908,0.113482535,0.6623155,0.7708169221878052,False,False,False,,False,False,student,seat_05
109,218.0,201.50401,307.97968,334.6923,471.5281,0.31393224,0.8119873,0.7437439560890198,False,False,False,,False,False,student,seat_10
109,218.0,217.12083,218.92252,281.04932,316.53928,0.2916687,0.5577727,0.636133074760437,False,False,True,0.040535490959882736,False,False,student,seat_06
109,218.0,291.8975,371.31427,469.30908,478.77798,0.4456713,0.88551277,0.49233773350715637,False,False,False,,False,False,student,seat_11
109,218.0,369.52472,274.6111,474.3322,441.94193,0.49406144,0.7464094,0.43553513288497925,True,False,True,-0.033304329961538315,False,False,student,seat_11
109,218.0,14.098877,231.90024,175.27013,467.30502,0.110871784,0.72833884,0.3813152015209198,False,False,False,,False,False,student,seat_09
109,218.0,595.5703,379.9791,737.71906,477.67075,0.7806144,0.89338523,0.3294740915298462,False,False,False,,False,False,other,
109,218.0,277.8315,248.25607,345.79724,315.92166,0.36512223,0.58768517,0.3239080309867859,False,False,False,,False,False,student,seat_06
109,218.0,276.98047,249.06798,371.7606,386.45865,0.379825,0.6620069,0.2708929181098938,False,False,False,,False,False,student,seat_06
110,220.0,608.9709,92.23485,813.36804,475.3969,0.8327511,0.5912831,0.9155879616737366,False,False,True,-0.6239566206932068,False,False,instructor,
110,220.0,28.596502,272.9002,159.14996,473.19412,0.10992181,0.7771816,0.8650280833244324,False,False,True,0.4173894226551056,False,False,student,seat_09
110,220.0,447.77753,303.25302,612.12134,477.0847,0.62054974,0.8128518,0.8547461032867432,False,False,False,,False,False,student,seat_12
110,220.0,103.165215,321.4289,265.78415,476.63022,0.21601251,0.8313115,0.7353247404098511,False,False,False,,False,False,student,seat_10
110,220.0,127.44194,212.0433,198.97704,326.64032,0.19111182,0.56112874,0.7348225712776184,False,False,True,0.05203074961900711,False,False,student,seat_06
110,220.0,0.0,223.38097,68.43225,467.2648,0.04006572,0.71942264,0.6551169157028198,False,False,False,,False,False,student,seat_09
110,220.0,196.02396,248.28859,311.17783,405.1823,0.29695654,0.6806988,0.5751729607582092,False,False,False,,False,False,student,seat_06
110,220.0,306.29898,279.8715,438.29202,474.3801,0.43594322,0.78567874,0.5596388578414917,True,False,True,-0.02983141504228115,False,False,student,seat_11
110,220.0,231.4821,398.8663,405.02716,478.05493,0.3726635,0.91345966,0.2721506357192993,False,False,False,,False,False,student,seat_10
111,222.0,589.4331,97.44464,795.49506,476.75735,0.8108479,0.5981271,0.9275583028793335,False,False,True,-0.5778270959854126,False,False,instructor,
111,222.0,10.1836605,270.24207,140.16486,471.84662,0.08802606,0.77300906,0.8388975262641907,False,False,True,0.4246166944503784,False,False,student,seat_09
111,222.0,420.9889,310.15823,588.05585,476.87503,0.5907756,0.8198263,0.8300224542617798,False,False,False,,False,False,student,seat_12
111,222.0,82.52211,322.7055,251.27159,476.0884,0.19542956,0.832077,0.7823949456214905,False,False,False,,False,False,student,seat_10
111,222.0,111.95403,210.86041,182.45445,331.42883,0.1723703,0.5648846,0.7783705592155457,False,False,True,-0.028888912871479988,False,False,student,seat_05
111,222.0,0.0,222.16733,50.571926,464.85086,0.029608857,0.71564394,0.6947821378707886,False,False,False,,False,False,student,seat_05
111,222.0,180.11465,247.88223,296.0743,399.44974,0.27879915,0.6743041,0.5423976182937622,False,False,False,,False,False,student,seat_06
111,222.0,290.07175,270.56876,412.90558,471.04077,0.41157922,0.7725099,0.451513409614563,True,False,True,0.3489818274974823,False,False,student,seat_11
111,222.0,289.0731,270.51202,394.19226,405.77292,0.40003827,0.7044634,0.40476760268211365,False,False,True,0.4970776438713074,False,False,student,seat_07
112,224.0,657.8411,61.46803,853.97046,474.33273,0.88513553,0.5581258,0.9242492318153381,False,False,True,-0.5041925311088562,False,False,instructor,
112,224.0,8.065521,244.20863,140.19327,450.87866,0.08680257,0.72404927,0.8333954215049744,False,False,True,0.47979113459587097,False,False,student,seat_09
112,224.0,107.6107,184.13997,181.5588,303.108,0.16930299,0.50755,0.7589991092681885,False,False,True,0.05129531770944595,False,False,student,seat_05
112,224.0,0.0,197.31326,48.227806,440.77213,0.02823642,0.66467226,0.6843621134757996,False,False,False,,False,False,student,seat_05
112,224.0,412.71643,291.8962,582.4577,478.9094,0.58265465,0.8029225,0.6416804790496826,False,False,False,,False,False,student,seat_12
112,224.0,191.23315,368.31738,397.17203,476.06836,0.3444995,0.87956846,0.5791581869125366,False,False,False,,False,False,student,seat_10
112,224.0,80.598785,296.18094,247.49855,467.4396,0.19209448,0.79543805,0.5521897673606873,False,False,False,,False,False,student,seat_10
112,224.0,178.62639,222.21921,288.59317,386.413,0.27354774,0.6339919,0.5506454706192017,False,False,False,,False,False,student,seat_06
112,224.0,294.93402,238.29555,409.99252,423.6986,0.41272044,0.6895772,0.5375424027442932,False,False,True,0.057705290615558624,False,False,student,seat_07
112,224.0,566.07117,372.33624,726.51624,476.40692,0.7567842,0.8841075,0.4203110635280609,False,False,False,,False,False,student,seat_12
113,226.0,648.56995,40.20424,854.0,475.11734,0.8797248,0.53679335,0.9305753111839294,False,False,True,-0.4504861831665039,False,False,instructor,
113,226.0,419.9793,270.5238,598.4057,478.45697,0.59624416,0.7801883,0.85689377784729,False,False,False,,False,False,student,seat_12
113,226.0,9.050421,228.35005,151.86055,440.88495,0.09421017,0.6971198,0.8424424529075623,False,False,True,0.4624979794025421,False,False,student,seat_05
113,226.0,75.4403,275.26636,263.3341,472.73834,0.19834568,0.7791716,0.7544360756874084,False,False,False,,False,False,student,seat_10
113,226.0,111.02409,165.56496,184.26706,301.93524,0.17288709,0.48697937,0.6902920603752136,False,False,True,0.0007576234056614339,False,False,student,seat_05
113,226.0,0.0,181.47826,54.976227,421.64667,0.032187488,0.6282551,0.6661270260810852,False,False,False,,False,False,student,seat_05
113,226.0,292.9222,225.88914,424.16104,422.45676,0.41983798,0.6753603,0.6577107310295105,False,False,True,0.03575678542256355,False,False,student,seat_07
113,226.0,206.58905,356.3142,397.1424,478.00198,0.35347274,0.86907935,0.6105750203132629,False,False,False,,False,False,student,seat_10
113,226.0,555.4016,354.83447,742.75415,478.8205,0.76004434,0.8683906,0.3972174823284149,False,False,False,,False,False,other,
113,226.0,182.16006,201.49388,261.07773,277.72485,0.2595069,0.4991862,0.38817286491394043,False,False,False,,False,False,student,seat_06
113,226.0,181.47969,201.89574,300.50098,367.65518,0.28219008,0.59328216,0.2967930734157562,False,False,False,,False,False,student,seat_06
114,228.0,609.4829,41.68065,795.3319,467.7764,0.8224911,0.5306844,0.9170609712600708,False,False,True,-0.5633211731910706,False,False,instructor,
114,228.0,421.68524,229.8067,601.8074,476.19238,0.5992346,0.7354157,0.83878093957901,False,False,False,,False,False,student,seat_12
114,228.0,98.19109,200.62529,223.15686,387.61868,0.18814284,0.6127541,0.8135499358177185,False,False,True,0.23242148756980896,False,False,student,seat_05
114,228.0,193.94397,315.06403,444.59033,479.27682,0.37384912,0.82743835,0.776019811630249,False,False,False,,False,False,student,seat_10
114,228.0,0.0,160.81525,132.43282,367.62524,0.07753678,0.55045885,0.7315739989280701,False,False,False,,False,False,student,seat_05
114,228.0,160.79756,237.32024,319.28107,451.9997,0.28107646,0.7180416,0.7286849617958069,False,False,False,,False,False,student,seat_10
114,228.0,178.86607,146.36009,245.71709,260.9239,0.24858499,0.42425415,0.6239690184593201,False,False,True,0.023848680779337883,False,False,student,seat_02
114,228.0,0.00025451183,152.60687,72.348495,294.05896,0.042358752,0.4652769,0.6165082454681396,False,False,True,0.024294143542647362,False,False,student,seat_05
114,228.0,337.0756,198.54562,453.4223,376.68845,0.4628208,0.59920216,0.4958983063697815,False,False,True,-0.049358490854501724,False,False,student,seat_07
114,228.0,534.9541,310.5324,722.3436,473.31876,0.7361228,0.8165117,0.4639039933681488,False,False,False,,False,False,student,seat_12
114,228.0,242.76968,179.37465,345.38083,321.4531,0.34435043,0.52169555,0.32924649119377136,False,False,True,0.24915751814842224,False,False,student,seat_06
115,230.0,636.3724,33.68568,820.06104,474.24005,0.85271275,0.5290893,0.9108125567436218,False,False,True,-0.6302854418754578,False,False,instructor,
115,230.0,187.83243,221.91148,343.2917,456.3857,0.31096262,0.70655954,0.820434033870697,False,False,False,,False,False,student,seat_06
115,230.0,460.3256,222.9904,628.3645,439.56207,0.63740635,0.69015884,0.7989299893379211,False,False,False,,False,False,student,seat_08
115,230.0,124.85852,190.13464,247.21088,379.1787,0.21783923,0.59303474,0.7897710204124451,False,False,True,0.29847046732902527,False,False,student,seat_06
115,230.0,3.0235498,148.0753,159.08612,462.13007,0.094911985,0.6356306,0.729697585105896,False,False,False,,False,False,student,seat_05
115,230.0,0.0,144.4044,95.042175,300.15668,0.055645302,0.4630845,0.6955865621566772,False,False,True,0.05483848601579666,False,False,student,seat_05
115,230.0,205.27602,301.95178,480.7545,479.80222,0.40165722,0.8143271,0.6555231809616089,False,False,False,,False,False,student,seat_11
115,230.0,206.48065,138.6905,269.86264,241.79597,0.2788895,0.39634007,0.503117024898529,False,False,True,0.06691715121269226,False,False,student,seat_02
115,230.0,274.35333,170.9607,368.6835,314.61963,0.3764853,0.5058128,0.4707629680633545,False,False,False,,False,False,student,seat_06
115,230.0,6.842968,142.8422,158.72751,365.20572,0.09693822,0.5292166,0.46806231141090393,False,False,False,,False,False,student,seat_05
115,230.0,365.08398,190.6505,480.35464,367.535,0.49498746,0.5814432,0.3913521468639374,False,False,True,-0.14947038888931274,False,False,student,seat_07
115,230.0,276.34497,170.95686,344.3593,236.69919,0.36341,0.42464173,0.3644144535064697,False,False,False,,False,False,student,seat_02
115,230.0,562.43427,306.7951,748.56335,476.42343,0.767563,0.8158526,0.25435394048690796,False,False,False,,False,False,other,
116,232.0,637.94684,39.432964,820.16754,478.57788,0.85369694,0.53959465,0.9218775033950806,False,False,True,-0.6701331734657288,False,False,instructor,
116,232.0,454.45865,226.89401,617.43225,451.22458,0.62757075,0.7063735,0.8285497426986694,False,False,False,,False,False,student,seat_08
116,232.0,1.273964,140.64772,157.78311,467.6276,0.093124755,0.63362014,0.8161182999610901,False,False,False,,False,False,student,seat_05
116,232.0,181.77313,226.68582,338.30414,462.42017,0.3044949,0.7178187,0.7888500690460205,False,False,False,,False,False,student,seat_10
116,232.0,117.88643,198.60663,240.16344,383.0951,0.20963107,0.60593927,0.7839100360870361,False,False,True,0.28716516494750977,False,False,student,seat_06
116,232.0,0.0,148.39925,89.6806,296.62207,0.05250621,0.46356386,0.6501222252845764,False,False,True,0.06559443473815918,False,False,student,seat_05
116,232.0,224.86447,309.44922,469.63196,478.59396,0.40661386,0.8208783,0.5848938226699829,False,False,False,,False,False,student,seat_11
116,232.0,194.32399,141.17398,263.6636,263.2016,0.26814264,0.42122456,0.5840086936950684,False,False,True,0.044625308364629745,False,False,student,seat_02
116,232.0,275.44983,175.26736,366.6908,320.16367,0.37596056,0.516074,0.5056140422821045,False,False,True,-0.19184516370296478,False,False,student,seat_06
116,232.0,555.29767,307.50406,757.94635,475.74454,0.7688782,0.81588393,0.44957926869392395,False,False,False,,False,False,other,
116,232.0,358.52777,194.30037,457.7317,357.57385,0.47790366,0.574869,0.4283580780029297,False,False,True,-0.032077640295028687,False,False,student,seat_07
116,232.0,359.25308,193.899,446.776,323.15897,0.47191396,0.53860205,0.29044225811958313,False,False,True,-0.012845315970480442,False,False,student,seat_07
117,234.0,636.3949,39.904972,821.3723,476.7418,0.8534937,0.53817374,0.9188605546951294,False,False,True,-0.7054213881492615,False,False,instructor,
117,234.0,3.5037932,139.58072,179.37476,473.4236,0.10707176,0.63854617,0.848712146282196,False,False,False,,False,False,student,seat_05
117,234.0,457.87967,255.72112,614.6844,444.2344,0.6279649,0.7291203,0.8174201250076294,False,False,False,,False,False,student,seat_12
117,234.0,172.72855,140.3525,267.9545,241.76959,0.25801116,0.3980438,0.8087178468704224,False,False,True,0.06014624610543251,False,False,student,seat_02
117,234.0,177.89354,234.18787,330.98743,457.56058,0.2979397,0.7205713,0.75266033411026,False,False,False,,False,False,student,seat_10
117,234.0,359.2841,194.59103,447.84128,330.06882,0.47255585,0.54652065,0.6778543591499329,False,False,True,-0.03120589256286621,False,False,student,seat_07
117,234.0,117.97749,228.35103,247.11151,383.15466,0.21375233,0.63698506,0.6448116898536682,False,False,False,,False,False,student,seat_06
117,234.0,0.0,149.21614,87.74418,295.9676,0.05137247,0.46373305,0.6298457384109497,False,False,True,0.05816302448511124,False,False,student,seat_05
117,234.0,218.79659,309.33792,478.5739,478.1222,0.40829653,0.8202709,0.6154558062553406,False,False,False,,False,False,student,seat_11
117,234.0,556.49365,308.6606,758.7616,475.64548,0.7700558,0.8169855,0.41567930579185486,False,False,False,,False,False,other,
117,234.0,268.26697,178.56172,365.9854,320.38507,0.37134215,0.51973623,0.38591524958610535,False,False,False,,False,False,student,seat_06
118,236.0,637.9592,37.89156,821.61664,478.4302,0.8545526,0.5378352,0.9222592115402222,False,False,True,-0.6070175170898438,False,False,instructor,
118,236.0,457.352,254.18222,616.23773,449.34076,0.62856543,0.7328364,0.8651002645492554,False,False,False,,False,False,student,seat_12
118,236.0,1.6096958,148.03076,179.1623,469.56387,0.1058384,0.6433277,0.8223540782928467,False,False,False,,False,False,student,seat_05
118,236.0,171.91399,141.27121,266.21823,244.43929,0.25651768,0.40178177,0.8084526062011719,False,False,True,0.06346377730369568,False,False,student,seat_02
118,236.0,173.7156,234.48927,328.12073,455.20554,0.2938152,0.7184321,0.7481657266616821,False,False,False,,False,False,student,seat_10
118,236.0,217.171,309.06223,475.78802,478.21927,0.40571374,0.82008487,0.7021321058273315,False,False,False,,False,False,student,seat_11
118,236.0,118.425186,228.55264,244.9477,376.97635,0.21274757,0.63075936,0.6922823786735535,False,True,False,0.42424601316452026,False,False,student,seat_06
118,236.0,359.18665,194.2695,448.4869,327.64047,0.47287682,0.54365623,0.6786061525344849,False,False,True,-0.01006138976663351,False,False,student,seat_07
118,236.0,0.13249886,151.23714,83.34848,292.85754,0.048876453,0.46259862,0.6556393504142761,False,False,True,0.017746103927493095,False,False,student,seat_05
118,236.0,557.1556,310.41632,744.2399,476.99918,0.76194113,0.8202245,0.55555659532547,False,False,False,,False,False,other,
118,236.0,267.0025,177.62288,364.74432,320.53918,0.3698752,0.5189188,0.37078434228897095,False,False,False,,False,False,student,seat_06
118,236.0,269.30872,177.05904,343.89832,243.38905,0.3590205,0.43796676,0.2959436774253845,False,False,False,,False,False,student,seat_06
119,238.0,645.3234,39.78814,833.3009,475.26694,0.8657051,0.53651565,0.9177301526069641,False,False,True,-0.6287150382995605,False,False,instructor,
119,238.0,1.236505,153.08904,170.00114,467.28888,0.10025624,0.646227,0.8085201382637024,False,False,False,,False,False,student,seat_05
119,238.0,173.06818,141.21722,266.61914,238.46567,0.25742817,0.395503,0.7971722483634949,False,False,True,0.062122244387865067,False,False,student,seat_02
119,238.0,464.0285,231.99963,621.06226,458.84265,0.6352991,0.7196274,0.787465512752533,False,False,False,,False,False,student,seat_12
119,238.0,175.64326,233.0803,329.66748,455.79456,0.29584938,0.717578,0.7778951525688171,False,False,False,,False,False,student,seat_10
119,238.0,219.11386,310.0823,465.4067,478.3872,0.40077317,0.8213224,0.7328313589096069,False,False,False,,False,False,student,seat_11
119,238.0,118.374435,214.78609,238.48969,386.06375,0.20893684,0.62588525,0.7320889830589294,False,True,False,0.39593204855918884,False,False,student,seat_06
119,238.0,0.11298799,150.85637,84.91372,295.34726,0.049781445,0.46479544,0.6765393018722534,False,False,True,0.152119442820549,False,False,student,seat_05
119,238.0,358.8559,194.71541,447.53012,330.05984,0.47212294,0.54664093,0.6301795244216919,False,False,True,0.024577947333455086,False,False,student,seat_07
119,238.0,560.6812,305.90793,746.25476,476.14206,0.76518506,0.8146354,0.45664048194885254,False,False,False,,False,False,other,
119,238.0,269.16187,176.10867,342.92953,243.2998,0.35836735,0.43688384,0.3095424175262451,False,False,False,,False,False,student,seat_06
119,238.0,6.5617175,150.1233,170.2681,362.20212,0.10353034,0.53367233,0.29732418060302734,False,False,False,,False,False,student,seat_05
119,238.0,266.98322,176.81854,365.2273,321.0323,0.37014666,0.5185946,0.2816013991832733,False,False,False,,False,False,student,seat_06
120,240.0,624.03174,37.502625,815.05896,463.11615,0.842559,0.5214779,0.9265324473381042,False,False,True,-0.5215225219726562,False,False,instructor,
120,240.0,455.51,260.26926,616.51935,457.49176,0.6276518,0.7476677,0.884240448474884,False,False,False,,False,False,student,seat_12
120,240.0,167.40303,234.32498,332.24542,459.0846,0.2925342,0.7223016,0.8011764883995056,False,False,False,,False,False,student,seat_10
120,240.0,0.0,156.0513,170.26506,467.95596,0.0996868,0.65000755,0.7838901281356812,False,False,False,,False,False,student,seat_05
120,240.0,214.60393,310.7202,468.7071,479.16678,0.400065,0.8227989,0.7551091909408569,False,False,False,,False,False,student,seat_11
120,240.0,176.99203,141.991,267.4897,238.80884,0.2602352,0.3966665,0.7388564348220825,False,False,True,0.05020751804113388,False,False,student,seat_02
120,240.0,121.48556,209.16731,236.36722,385.02914,0.20951568,0.61895466,0.6803130507469177,False,True,False,0.3927498757839203,False,False,student,seat_06
120,240.0,0.0,150.75943,90.93501,295.90732,0.05324064,0.46527785,0.6647992134094238,False,False,True,0.14797095954418182,False,False,student,seat_05
120,240.0,358.93442,193.95285,450.0026,332.33414,0.4736165,0.5482156,0.5625845193862915,False,False,True,-0.01848517172038555,False,False,student,seat_07
120,240.0,561.21515,309.98587,744.03174,476.1506,0.76419604,0.8188922,0.4931362271308899,False,False,False,,False,False,other,
120,240.0,2.7713082,155.00113,170.02782,348.99152,0.10117044,0.52499235,0.4579814076423645,False,False,False,,False,False,student,seat_05
120,240.0,266.90152,176.28145,364.8336,320.79596,0.36986834,0.51778895,0.4241849482059479,False,False,False,,False,False,student,seat_06
120,240.0,267.70444,176.27058,342.49905,240.02715,0.357262,0.43364346,0.29255878925323486,False,False,False,,False,False,student,seat_06
121,242.0,666.4026,27.395655,854.0,477.25937,0.89016545,0.52568233,0.9213140606880188,False,False,True,-0.5125355124473572,False,False,instructor,
121,242.0,452.65433,260.31796,618.43225,453.87262,0.6270999,0.7439485,0.8909454941749573,False,False,False,,False,False,student,seat_12
121,242.0,215.8592,310.11572,487.03003,480.0,0.41152763,0.8230372,0.8349742293357849,False,False,False,,False,False,student,seat_11
121,242.0,0.0,156.69243,170.61873,468.75302,0.09989387,0.65150565,0.8211501240730286,False,False,False,,False,False,student,seat_05
121,242.0,168.95175,234.42169,323.1653,455.7092,0.28812474,0.7188863,0.7828484773635864,False,False,False,,False,False,student,seat_10
121,242.0,174.07022,142.78525,267.59348,238.07831,0.2585853,0.39673287,0.7672299146652222,False,False,True,0.04281630739569664,False,False,student,seat_02
121,242.0,0.0,150.77335,92.738495,296.84402,0.054296542,0.4662681,0.6894045472145081,False,False,True,0.13752201199531555,False,False,student,seat_05
121,242.0,120.78134,210.87442,240.93246,383.71643,0.21177623,0.61936545,0.682384729385376,False,True,False,0.3546431362628937,False,False,student,seat_06
121,242.0,359.50632,193.30296,447.8132,348.2977,0.4726695,0.5641673,0.6596349477767944,False,False,True,0.09079353511333466,False,False,student,seat_07
121,242.0,561.5866,306.62054,742.56903,476.39117,0.7635572,0.81563723,0.47812163829803467,False,False,False,,False,False,other,
121,242.0,266.70984,177.52873,366.2933,318.1989,0.37061074,0.516383,0.38209810853004456,False,False,False,,False,False,student,seat_06
121,242.0,267.87857,176.18727,344.60095,242.73384,0.35859454,0.43637615,0.34405645728111267,False,False,False,,False,False,student,seat_06
121,242.0,2.2185645,155.77452,170.35292,364.3978,0.10103717,0.54184616,0.28411081433296204,False,False,False,,False,False,student,seat_05
122,244.0,686.37225,27.735846,853.95294,474.39676,0.9018297,0.5230548,0.9214591979980469,False,False,True,-0.6743178963661194,False,False,instructor,
122,244.0,0.0,155.45926,160.95804,467.5783,0.09423773,0.6489975,0.8286911249160767,False,False,False,,False,False,student,seat_05
122,244.0,354.96835,189.54596,470.81116,373.99603,0.48347747,0.5870229,0.7970238327980042,False,False,True,-0.00800830963999033,False,False,student,seat_07
122,244.0,112.527115,210.97284,236.01134,379.0151,0.20406233,0.61457074,0.7764727473258972,False,True,False,0.3512323498725891,False,False,student,seat_06
122,244.0,0.0,150.24654,88.42287,277.0856,0.051769827,0.44513765,0.7287036180496216,False,False,True,0.16079145669937134,False,False,student,seat_05
122,244.0,173.89705,231.93831,327.22897,434.4891,0.29339933,0.6941952,0.7197102904319763,False,False,False,,False,False,student,seat_06
122,244.0,183.44867,142.98305,263.1294,246.517,0.26146257,0.40572923,0.6793195009231567,False,False,True,0.05911494791507721,False,False,student,seat_02
122,244.0,280.1759,313.3546,509.06415,478.79324,0.46208435,0.825154,0.6239524483680725,False,False,False,,False,False,student,seat_11
122,244.0,557.9752,305.7899,739.95966,476.54578,0.759915,0.814933,0.5419737696647644,False,False,False,,False,False,student,seat_12
122,244.0,461.31644,222.1021,628.966,467.5333,0.6383387,0.7183702,0.48604580760002136,False,False,False,,False,False,student,seat_12
122,244.0,262.77634,176.05843,361.99594,314.8365,0.36579174,0.51134884,0.4498436152935028,False,False,True,0.6254130005836487,False,False,student,seat_06
123,246.0,616.63086,31.54941,829.8135,476.4025,0.84686434,0.5291166,0.9267846941947937,False,False,True,-0.28955912590026855,False,False,instructor,
123,246.0,27.508862,208.36343,155.03554,384.84396,0.10687611,0.6179244,0.8209487795829773,False,True,False,0.4294605553150177,False,False,student,seat_05
123,246.0,402.76743,228.36446,550.5533,425.69006,0.5581503,0.6813068,0.8002490997314453,False,False,False,,False,False,student,seat_07
123,246.0,275.7456,193.98187,392.9247,373.39114,0.39149314,0.5910136,0.7228634357452393,False,False,True,0.2781384289264679,False,False,student,seat_07
123,246.0,206.95067,324.47458,411.11652,480.0,0.36186603,0.8379944,0.7054052352905273,False,False,False,,False,False,student,seat_10
123,246.0,91.1467,235.61806,252.26295,462.47983,0.20105952,0.7271853,0.6995423436164856,False,False,False,,False,False,student,seat_10
123,246.0,107.041405,144.30269,184.38646,244.49449,0.17062521,0.40499705,0.6738641858100891,False,False,True,0.033511269837617874,False,False,student,seat_01
123,246.0,185.8516,177.87955,283.47372,321.16376,0.27478063,0.5198368,0.5414261221885681,False,False,False,,False,False,student,seat_06
123,246.0,0.0,164.71767,83.83201,337.18787,0.049081974,0.52281827,0.5191447138786316,False,False,False,,False,False,student,seat_05
123,246.0,476.44754,305.94757,694.4354,473.11887,0.68552864,0.8115275,0.5164275765419006,False,False,False,,False,False,student,seat_12
123,246.0,185.16971,177.3302,258.43213,240.19797,0.25972006,0.43492517,0.4046265780925751,False,False,False,,False,False,student,seat_06
124,248.0,608.94464,29.512012,835.8058,475.5604,0.84587264,0.5261171,0.9334436655044556,False,False,True,-0.03749573230743408,False,False,instructor,
124,248.0,29.774668,209.62303,159.41359,386.18518,0.110765964,0.62063354,0.8134679794311523,False,True,False,0.3362463116645813,False,False,student,seat_05
124,248.0,397.42844,235.41849,549.402,431.62277,0.5543504,0.69483465,0.7810878157615662,False,False,False,,False,False,student,seat_07
124,248.0,211.66573,326.53836,416.54117,480.0,0.36780265,0.8401441,0.7756014466285706,False,False,False,,False,False,student,seat_10
124,248.0,95.37958,145.14735,185.75873,241.40024,0.16460088,0.40265375,0.7271488904953003,False,False,True,0.019897202029824257,False,False,student,seat_01
124,248.0,81.42353,238.34003,256.28384,467.85776,0.19772094,0.73562264,0.706118106842041,False,False,False,,False,False,student,seat_10
124,248.0,278.642,196.63922,393.2442,369.6777,0.39337602,0.5899134,0.6963813304901123,False,False,True,0.2938742935657501,False,False,student,seat_07
124,248.0,472.60202,312.90594,644.9288,475.18253,0.654292,0.82092553,0.6184453964233398,False,False,False,,False,False,student,seat_12
124,248.0,0.0,167.99496,87.56614,360.14133,0.05126823,0.550142,0.5309156775474548,False,False,False,,False,False,student,seat_05
124,248.0,184.51743,176.21878,259.40424,243.43027,0.2599073,0.43713441,0.3972398042678833,False,False,False,,False,False,student,seat_06
124,248.0,184.9751,177.10303,283.19882,323.70804,0.2741065,0.5216782,0.2518658936023712,False,False,False,,False,False,student,seat_06
125,250.0,624.3298,35.342327,826.7673,476.48694,0.84958845,0.5331555,0.9272276163101196,False,False,True,-0.41818132996559143,False,False,instructor,
125,250.0,409.06464,231.1,548.00275,427.99908,0.5603439,0.6865616,0.8556995391845703,False,False,False,,False,False,student,seat_07
125,250.0,0.0,203.67308,147.14449,379.3948,0.08615017,0.6073624,0.8266786932945251,False,True,False,0.30700919032096863,False,False,student,seat_05
125,250.0,84.57115,238.62016,290.5563,469.31808,0.21962965,0.73743564,0.8031328916549683,False,False,False,,False,False,student,seat_10
125,250.0,275.4993,198.44191,394.0393,366.76297,0.3920015,0.5887551,0.7968671917915344,False,False,True,0.33906248211860657,False,False,student,seat_07
125,250.0,107.71161,142.61148,187.6618,244.92328,0.17293525,0.40368205,0.6833693385124207,False,False,True,0.08517236262559891,False,False,student,seat_01
125,250.0,476.3055,311.804,656.32806,474.93716,0.6631344,0.819522,0.6359318494796753,False,False,False,,False,False,student,seat_12
125,250.0,0.1453568,170.376,68.18304,365.02112,0.040004913,0.5577053,0.6210231184959412,False,False,False,,False,False,student,seat_05
125,250.0,289.44867,355.19077,419.5702,476.22113,0.41511643,0.866054,0.4414075016975403,False,False,False,,False,False,student,seat_11
125,250.0,186.3082,176.44153,260.7985,245.48103,0.26177207,0.43950266,0.3632067143917084,False,False,False,,False,False,student,seat_06
125,250.0,187.25116,177.68057,285.8638,321.9003,0.27699938,0.52039677,0.2957723140716553,False,False,False,,False,False,student,seat_06
126,252.0,628.87537,31.448948,817.192,475.65933,0.8466437,0.52823776,0.9183220267295837,False,False,True,-0.7781643271446228,False,False,instructor,
126,252.0,109.23154,237.95734,309.58472,464.14603,0.24520858,0.7313577,0.8674635291099548,False,False,False,,False,False,student,seat_10
126,252.0,420.739,228.10025,559.7313,428.09753,0.57404584,0.68353933,0.8586730360984802,False,False,False,,False,False,student,seat_08
126,252.0,12.016456,196.6756,166.01865,384.66336,0.10423601,0.60556144,0.8461858630180359,False,False,True,0.4566987454891205,False,False,student,seat_05
126,252.0,137.8092,142.90918,205.38434,245.67226,0.200933,0.4047723,0.7004550695419312,False,False,True,0.10700605064630508,False,False,student,seat_02
126,252.0,491.45328,311.91928,668.0181,473.44543,0.67884743,0.8180883,0.6836682558059692,False,False,False,,False,False,student,seat_12
126,252.0,294.31314,199.15784,408.52045,366.777,0.4114951,0.58951545,0.660379946231842,False,False,True,0.2805328667163849,False,False,student,seat_07
126,252.0,0.0,176.80644,90.69315,386.29205,0.053099036,0.58656096,0.4916883409023285,False,False,False,,False,False,student,seat_05
126,252.0,202.98048,177.31982,302.40137,340.2113,0.29589102,0.5390949,0.3345456123352051,False,False,False,,False,False,student,seat_06
126,252.0,203.56961,176.2782,279.27588,244.30478,0.28269643,0.43810728,0.27088263630867004,False,False,False,,False,False,student,seat_06
127,254.0,554.3005,39.300617,746.9484,467.63354,0.7618553,0.52805644,0.9217642545700073,False,False,True,-0.3363083600997925,False,False,instructor,
127,254.0,113.97785,238.01628,309.96008,464.2204,0.24820721,0.7314966,0.8596954941749573,False,False,False,,False,False,student,seat_10
127,254.0,22.016058,196.03438,170.2235,387.75153,0.11255243,0.6081103,0.8228476643562317,False,False,True,0.42925357818603516,False,False,student,seat_05
127,254.0,418.25098,233.86447,556.6148,433.54474,0.5707645,0.6952179,0.8091704249382019,False,False,False,,False,False,student,seat_08
127,254.0,292.0659,198.08652,408.59918,368.4034,0.41022542,0.5900937,0.7053987383842468,False,False,True,0.25164711475372314,False,False,student,seat_07
127,254.0,139.00473,144.3084,204.41785,243.76169,0.20106708,0.40423965,0.6577313542366028,False,False,True,0.056336648762226105,False,False,student,seat_02
127,254.0,0.0,173.60506,94.4384,448.73865,0.0552918,0.64827466,0.5709460973739624,False,False,False,,False,False,student,seat_05
127,254.0,492.4889,314.07727,675.07184,475.00778,0.6835836,0.8219636,0.48625507950782776,False,False,False,,False,False,student,seat_12
127,254.0,0.0,153.04967,33.277164,243.18431,0.019483117,0.41274372,0.42597585916519165,False,False,False,,False,False,student,seat_01
127,254.0,204.55663,176.79056,279.623,242.4718,0.28347754,0.43673164,0.40311264991760254,False,False,False,,False,False,student,seat_06
127,254.0,202.14906,177.3232,303.3288,339.14145,0.29594722,0.537984,0.3341793715953827,False,False,True,0.12891362607479095,False,False,student,seat_06
128,256.0,558.2847,36.99641,757.51447,471.74475,0.77037424,0.5299387,0.9171192049980164,False,False,True,-0.38860124349594116,False,False,instructor,
128,256.0,292.28873,193.23586,408.08698,369.68146,0.41005605,0.5863722,0.8594691753387451,False,False,True,0.1962612271308899,False,False,student,seat_07
128,256.0,111.57567,238.30292,310.09283,464.8181,0.24687852,0.73241776,0.854942798614502,False,False,False,,False,False,student,seat_10
128,256.0,418.98886,237.12677,558.1913,427.97342,0.57211953,0.69281274,0.7852537035942078,False,False,False,,False,False,student,seat_08
128,256.0,21.529497,205.02696,178.08524,389.16885,0.11687045,0.61895394,0.7192195653915405,False,False,True,0.5930294990539551,False,False,student,seat_05
128,256.0,123.1415,142.7464,204.91974,242.29173,0.19207333,0.4010814,0.6349174380302429,False,False,True,0.09521759301424026,False,False,student,seat_02
128,256.0,0.0,176.28503,104.24802,411.51196,0.061035138,0.61228853,0.5791653394699097,False,False,False,,False,False,student,seat_05
128,256.0,491.7277,314.33954,689.7408,475.00323,0.69172627,0.82223207,0.4059971570968628,False,False,False,,False,False,student,seat_12
128,256.0,0.0,151.90413,33.641735,246.73393,0.019696565,0.41524798,0.38635706901550293,False,False,False,,False,False,student,seat_01
128,256.0,207.12263,176.77614,312.43344,344.1637,0.30418974,0.54264563,0.35552486777305603,False,False,False,,False,False,student,seat_06
128,256.0,205.12033,175.97034,278.8192,242.76651,0.28333697,0.43618423,0.3340326249599457,False,False,False,,False,False,student,seat_06
128,256.0,246.01239,363.46848,439.33368,475.87393,0.40125647,0.874315,0.33220353722572327,False,False,False,,False,False,student,seat_11
129,258.0,569.47266,38.855446,745.22534,445.66748,0.7697295,0.5047114,0.9066126942634583,False,False,True,-0.87215656042099,False,False,instructor,
129,258.0,409.7393,232.15083,560.02246,452.23727,0.5677762,0.7129043,0.861620306968689,False,False,False,,False,False,student,seat_07
129,258.0,285.402,189.62468,408.3427,368.11935,0.40617374,0.58098334,0.8187985420227051,False,False,True,0.1366313248872757,False,False,student,seat_07
129,258.0,112.68159,235.57057,303.45804,463.3906,0.24364147,0.72808456,0.8018134236335754,False,False,False,,False,False,student,seat_10
129,258.0,22.290148,197.20473,176.39403,388.34064,0.11632563,0.6099431,0.7982003092765808,False,False,True,0.48643258213996887,False,False,student,seat_05
129,258.0,136.55006,144.80753,203.49283,243.23979,0.19908835,0.40421593,0.6369557976722717,False,False,True,0.08359555900096893,False,False,student,seat_02
129,258.0,0.0,184.45764,99.19122,428.722,0.058074486,0.6387288,0.5227574110031128,False,False,False,,False,False,student,seat_05
129,258.0,248.7602,362.63287,427.54895,476.4535,0.39596555,0.8740483,0.475394606590271,False,False,False,,False,False,student,seat_11
129,258.0,494.0011,313.19696,681.6664,474.50845,0.68832994,0.8205265,0.4642755091190338,False,False,False,,False,False,student,seat_12
129,258.0,204.66602,176.65085,278.53036,242.8644,0.28290185,0.43699506,0.30687472224235535,False,False,False,,False,False,student,seat_06
130,260.0,589.32153,33.627407,773.04047,477.2204,0.79763585,0.53213316,0.9176111221313477,False,False,True,-0.67490553855896,False,False,instructor,
130,260.0,107.559616,237.83891,299.03848,463.95602,0.23805508,0.73103637,0.8542734384536743,False,False,False,,False,False,student,seat_10
130,260.0,413.1334,231.81635,555.51733,438.75305,0.56712574,0.6985098,0.839557945728302,False,False,False,,False,False,student,seat_07
130,260.0,21.738527,196.19043,173.06801,386.85913,0.11405535,0.6073433,0.8248616456985474,False,False,True,0.44813111424446106,False,False,student,seat_05
130,260.0,282.784,189.07489,408.91907,366.77338,0.40497836,0.57900864,0.8066038489341736,False,False,True,0.12232746928930283,False,False,student,seat_07
130,260.0,136.92915,144.98872,204.8899,245.35202,0.20012824,0.40660495,0.6546472311019897,False,False,True,0.02904522605240345,False,False,student,seat_02
130,260.0,0.0,177.58162,96.651665,441.896,0.056587625,0.6452892,0.5441839694976807,False,False,False,,False,False,student,seat_05
130,260.0,270.69925,365.7586,428.18604,478.77814,0.4091834,0.87972575,0.5331993699073792,False,False,False,,False,False,student,seat_11
130,260.0,489.47083,314.7922,687.17365,475.1783,0.68890196,0.82288593,0.4181409776210785,False,False,False,,False,False,student,seat_12
130,260.0,202.42174,177.34486,296.78284,322.54282,0.29227436,0.52071637,0.39111974835395813,False,False,False,,False,False,student,seat_06
130,260.0,0.0,150.94356,34.0203,248.24458,0.019918209,0.415821,0.3857268989086151,False,False,False,,False,False,student,seat_01
131,262.0,575.58716,32.47783,811.7755,476.52438,0.8122732,0.5302106,0.9261224865913391,False,False,True,-0.1306726038455963,False,False,instructor,
131,262.0,284.62115,189.52939,408.76578,368.39444,0.40596426,0.5811707,0.812890350818634,False,False,True,0.11839105188846588,False,False,student,seat_07
131,262.0,65.78288,197.81577,175.08794,385.4348,0.14102507,0.6075527,0.8103041648864746,True,False,True,0.40565261244773865,False,False,student,seat_05
131,262.0,108.181946,237.17451,301.1007,467.86435,0.23962684,0.7344155,0.7975530624389648,False,False,False,,False,False,student,seat_10
131,262.0,409.81406,242.98834,561.3935,438.44058,0.56862265,0.7098218,0.7916250228881836,False,False,False,,False,False,student,seat_07
131,262.0,130.19772,143.462,203.90756,269.6597,0.195612,0.4303351,0.7138519287109375,False,False,True,0.05349653214216232,False,False,student,seat_02
131,262.0,0.0,173.76317,74.1187,392.5146,0.043395024,0.58987266,0.5566601753234863,False,False,False,,False,False,student,seat_05
131,262.0,275.59933,362.08524,425.73203,478.59906,0.41061556,0.8757128,0.5374951958656311,False,False,False,,False,False,student,seat_11
131,262.0,489.7339,314.86795,702.2443,476.0177,0.69787955,0.8238392,0.47948214411735535,False,False,False,,False,False,student,seat_12
131,262.0,205.13248,176.72911,302.6004,345.37476,0.2972675,0.54385823,0.3271326720714569,False,False,False,,False,False,student,seat_06
131,262.0,499.0008,404.54523,710.44604,479.63867,0.708107,0.9210249,0.2506139874458313,False,False,False,,False,False,student,seat_12
132,264.0,591.1864,34.518402,809.1486,475.89474,0.81986827,0.53168035,0.904327392578125,False,False,True,-0.45058414340019226,False,False,instructor,
132,264.0,57.92712,211.74892,181.40761,382.94107,0.14012572,0.61946875,0.8245587348937988,False,False,True,0.58746737241745,False,False,student,seat_05
132,264.0,289.19363,189.99394,410.02835,366.41678,0.40938056,0.5795945,0.7746155261993408,False,False,True,-0.050590723752975464,False,False,student,seat_07
132,264.0,108.542786,246.86734,297.8586,468.34756,0.23793992,0.7450155,0.7668595910072327,False,False,False,,False,False,student,seat_10
132,264.0,412.24606,236.71906,560.75116,451.46442,0.5696705,0.7168578,0.7618515491485596,False,False,False,,False,False,student,seat_11
132,264.0,115.20251,143.92256,204.49686,265.81918,0.18717761,0.42681435,0.7181164622306824,False,False,True,0.05989306420087814,False,False,student,seat_01
132,264.0,0.0,172.8905,91.09221,381.64542,0.053332675,0.57764155,0.5423672199249268,False,False,False,,False,False,student,seat_05
132,264.0,259.13034,360.42532,430.746,477.5213,0.40390888,0.8728611,0.41429439187049866,False,False,False,,False,False,student,seat_11
132,264.0,526.78796,311.20935,679.8921,430.57956,0.7064872,0.7726968,0.37355977296829224,False,False,False,,False,False,student,seat_12
132,264.0,495.74533,310.83536,696.24023,473.53137,0.69788384,0.81704867,0.36867019534111023,False,False,False,,False,False,student,seat_12
132,264.0,0.0,150.8867,34.360447,246.67145,0.020117357,0.4141231,0.35299134254455566,False,False,False,,False,False,student,seat_01
132,264.0,199.42612,177.04768,300.40765,298.50842,0.2926427,0.49537092,0.26322609186172485,False,False,False,,False,False,student,seat_06
133,266.0,547.5401,34.13411,754.51434,475.35352,0.76232696,0.53071624,0.9126595258712769,False,False,True,-1.264572024345398,False,False,instructor,
133,266.0,292.85324,192.2176,408.30975,370.522,0.41051695,0.5861871,0.8333743810653687,False,False,True,0.11067754030227661,False,False,student,seat_07
133,266.0,57.524555,213.32156,165.89742,384.1294,0.13080911,0.62234473,0.7862557172775269,False,False,True,0.9856662154197693,False,False,student,seat_05
133,266.0,117.723885,236.5613,307.23227,466.44714,0.24880336,0.73230046,0.7723740935325623,True,False,False,,False,False,student,seat_10
133,266.0,116.86471,144.55379,203.2942,246.54459,0.18744667,0.40739414,0.7495067715644836,False,False,True,0.04790971428155899,False,False,student,seat_01
133,266.0,0.0,154.25163,83.86139,367.20654,0.049099173,0.5431856,0.5544326305389404,False,False,False,,False,False,student,seat_05
133,266.0,414.66666,237.598,559.7463,426.972,0.5704994,0.69226044,0.5471730828285217,False,False,False,,False,False,student,seat_08
133,266.0,241.32524,370.64798,428.82544,478.7392,0.39235988,0.8847783,0.40476521849632263,False,False,False,,False,False,student,seat_11
133,266.0,496.03333,311.39178,691.4139,475.62555,0.6952267,0.81980973,0.4017102122306824,False,False,False,,False,False,student,seat_12
133,266.0,0.0,153.43253,27.882338,243.2155,0.016324554,0.41317502,0.3260107934474945,False,False,False,,False,False,student,seat_01
133,266.0,514.426,311.5062,682.65515,433.45068,0.7008672,0.7759968,0.2969026565551758,False,False,False,,False,False,student,seat_12
133,266.0,205.44019,176.23824,279.64505,242.8368,0.28400776,0.4365365,0.2628389894962311,False,False,False,,False,False,student,seat_06
134,268.0,537.8634,29.635847,774.6884,476.00073,0.7684729,0.5267047,0.9114594459533691,False,False,True,-0.6357516646385193,False,False,instructor,
134,268.0,58.056145,202.40993,169.89171,382.163,0.13345893,0.6089302,0.8443371653556824,True,False,True,0.5974808931350708,False,False,student,seat_05
134,268.0,411.92627,237.36536,555.9235,426.6903,0.56665677,0.69172466,0.7995931506156921,False,False,False,,False,False,student,seat_07
134,268.0,111.24852,237.52397,304.78787,467.46747,0.24358101,0.7343661,0.7950099110603333,True,False,False,,False,False,student,seat_10
134,268.0,133.52467,143.69685,202.39719,246.0003,0.19667557,0.4059345,0.7265656590461731,False,False,True,-0.0033996151760220528,False,False,student,seat_02
134,268.0,271.435,190.67514,408.59717,364.025,0.3981453,0.5778126,0.7167348861694336,False,False,True,-0.0015286717098206282,False,False,student,seat_07
134,268.0,0.0,155.75229,86.64711,375.2204,0.050730158,0.55309653,0.4991947412490845,False,False,False,,False,False,student,seat_05
134,268.0,203.1651,178.8411,279.5107,242.29977,0.28259706,0.4386884,0.4797225594520569,False,False,False,,False,False,student,seat_06
134,268.0,245.8042,370.78296,426.9605,478.27856,0.39389035,0.8844391,0.4244237542152405,False,False,False,,False,False,student,seat_11
134,268.0,0.0,152.69109,29.128147,244.94519,0.01705395,0.41420448,0.42351099848747253,False,False,False,,False,False,student,seat_01
134,268.0,495.13327,310.02243,700.53973,476.52664,0.7000427,0.81932193,0.3460717499256134,False,False,False,,False,False,student,seat_12
134,268.0,524.39136,309.4966,678.59576,431.70572,0.70432496,0.7720858,0.27044522762298584,False,False,False,,False,False,student,seat_12
135,270.0,612.7666,28.22805,796.74146,475.22052,0.8252389,0.5244256,0.912179708480835,False,False,True,-0.5411556363105774,False,False,instructor,
135,270.0,413.84058,232.39708,563.2831,434.14832,0.57208645,0.6943181,0.848034143447876,False,False,False,,False,False,student,seat_08
135,270.0,61.406906,199.08522,179.35457,385.62384,0.14096105,0.6090719,0.8263096809387207,True,False,True,0.7472928762435913,False,False,student,seat_05
135,270.0,110.87507,240.31696,305.198,466.24365,0.2436025,0.73600066,0.7787815928459167,False,False,False,,False,False,student,seat_10
135,270.0,495.53967,309.80933,699.6809,477.16492,0.69977784,0.81976485,0.7601292133331299,False,True,False,0.7643856406211853,False,False,student,seat_12
135,270.0,268.01065,189.13814,408.811,364.2769,0.3962656,0.576474,0.7185240983963013,False,False,True,-0.0026241219602525234,False,False,student,seat_07
135,270.0,0.0,154.74524,95.47506,379.78665,0.05589875,0.556804,0.6212173700332642,False,False,False,,False,False,student,seat_05
135,270.0,136.29675,143.95923,205.75575,252.58243,0.20026493,0.4130642,0.6166823506355286,False,False,True,-0.02897190861403942,False,False,student,seat_02
135,270.0,246.3155,372.16782,429.10233,478.55328,0.3954437,0.88616776,0.5554211139678955,False,False,False,,False,False,student,seat_11
135,270.0,0.0,152.37674,29.130964,247.5827,0.017055599,0.41662443,0.40238210558891296,False,False,False,,False,False,student,seat_01
135,270.0,202.96136,177.9727,280.0506,242.13269,0.28279388,0.4376098,0.3420976400375366,False,False,False,,False,False,student,seat_06
135,270.0,500.60205,360.98965,695.1581,479.89856,0.70009375,0.8759252,0.2908790409564972,False,False,False,,False,False,student,seat_12
135,270.0,501.74106,400.95258,695.9368,480.0,0.7012165,0.9176589,0.27520591020584106,False,False,False,,False,False,student,seat_12
136,272.0,622.3914,31.421135,799.1326,475.9617,0.832274,0.5285238,0.9214123487472534,False,False,True,-0.9000758528709412,False,False,instructor,
136,272.0,267.63885,192.29619,409.29608,366.32153,0.39633194,0.5818935,0.8154913187026978,False,False,True,0.20934844017028809,False,False,student,seat_07
136,272.0,61.534,198.39162,178.00975,385.76743,0.14024809,0.608499,0.7879798412322998,True,False,True,0.9978087544441223,False,False,student,seat_05
136,272.0,421.51077,228.81136,561.86145,431.023,0.57574487,0.68732744,0.7533815503120422,False,False,False,,False,False,student,seat_08
136,272.0,112.87067,239.63823,310.47357,465.84396,0.24785963,0.7348773,0.7503405809402466,False,False,False,,False,False,student,seat_10
136,272.0,495.26025,311.37888,690.91705,475.30518,0.69448316,0.8194626,0.6879001259803772,False,False,False,,False,False,student,seat_12
136,272.0,0.0,155.94041,94.90925,387.6555,0.055567477,0.56624573,0.6331535577774048,False,False,False,,False,False,student,seat_05
136,272.0,137.20456,143.42732,205.53175,250.90918,0.2006653,0.41076717,0.6288566589355469,False,False,True,0.06546779721975327,False,False,student,seat_02
136,272.0,249.26222,371.90778,428.91443,476.76535,0.39705893,0.88403445,0.4136464595794678,False,False,False,,False,False,student,seat_11
136,272.0,203.70189,176.25922,296.62256,331.71432,0.29293,0.5291391,0.40392476320266724,False,False,False,,False,False,student,seat_06
137,274.0,646.85425,42.71898,809.17126,332.77805,0.852474,0.39114273,0.8718679547309875,False,False,True,-0.729865312576294,False,False,instructor,
137,274.0,417.72852,194.21484,538.45496,366.5864,0.5598264,0.584168,0.8565841913223267,False,False,True,0.17479440569877625,False,False,student,seat_07
137,274.0,238.95592,239.15836,435.38406,456.9697,0.3948126,0.72513336,0.8235254287719727,False,False,False,,False,False,student,seat_11
137,274.0,626.68787,316.08432,837.66766,478.53983,0.857351,0.82773346,0.7937966585159302,False,False,False,,False,False,other,
137,274.0,195.65074,197.52916,307.06088,384.27707,0.29432765,0.60604817,0.76642245054245,True,False,True,1.3486113548278809,False,False,student,seat_06
137,274.0,524.27216,236.10318,697.4667,423.1904,0.7153037,0.6867641,0.7509765625,False,False,True,-1.2313597202301025,False,False,student,seat_08
137,274.0,65.95224,156.25537,227.01692,415.527,0.17152762,0.5956066,0.6315653324127197,False,False,False,,False,False,student,seat_05
137,274.0,63.692238,153.9523,155.75368,288.323,0.12848122,0.46070343,0.6209840774536133,False,False,True,-0.32436883449554443,False,False,student,seat_05
137,274.0,268.06174,143.87325,335.48108,244.75223,0.35336232,0.4048182,0.6199638247489929,False,False,True,-0.005140612833201885,False,False,student,seat_02
137,274.0,387.00455,375.0786,559.4586,478.25015,0.5541353,0.8888841,0.45343685150146484,False,False,False,,False,False,student,seat_11
138,276.0,658.3839,41.192974,821.6781,333.3075,0.86654687,0.39010465,0.8863804340362549,False,False,True,-0.7578582167625427,False,False,instructor,
138,276.0,410.48734,190.61491,554.0693,364.14822,0.56472874,0.57787824,0.8214704394340515,False,False,True,0.19836731255054474,False,False,student,seat_07
138,276.0,537.7743,236.78152,714.9151,422.56033,0.7334247,0.6868144,0.8153262734413147,False,False,True,-0.7214491367340088,False,False,student,seat_08
138,276.0,220.27063,192.83621,320.9744,378.07108,0.31688818,0.5946951,0.8011654615402222,False,False,True,0.051716744899749756,False,False,student,seat_06
138,276.0,248.14415,237.02498,451.7757,461.608,0.40978914,0.72774273,0.794150173664093,False,False,False,,False,False,student,seat_11
138,276.0,82.0315,152.54092,170.97432,284.99988,0.14812988,0.45577165,0.7738407850265503,False,False,True,-0.28787752985954285,False,False,student,seat_05
138,276.0,77.31316,154.91643,238.01917,408.26654,0.18462081,0.58664894,0.7597371935844421,False,False,False,,False,False,student,seat_05
138,276.0,644.33514,314.9498,853.2694,478.51843,0.87681764,0.82652944,0.7307536602020264,False,False,False,,False,False,other,
138,276.0,284.00574,142.88165,347.83438,248.02386,0.3699298,0.40719324,0.6478360891342163,False,False,True,0.029712144285440445,False,False,student,seat_02
138,276.0,350.57553,174.89606,424.016,242.6748,0.45350793,0.43496963,0.3305405080318451,False,False,False,,False,False,student,seat_07
138,276.0,645.64386,401.91452,846.3303,480.0,0.87352115,0.918661,0.2983945310115814,False,False,False,,False,False,other,
138,276.0,279.11804,369.2453,583.2665,480.0,0.504909,0.8846305,0.26180100440979004,False,False,False,,False,False,student,seat_11
139,278.0,693.161,88.610435,815.2594,304.25058,0.8831501,0.40923023,0.8545690774917603,False,False,True,-0.6798299551010132,False,False,instructor,
139,278.0,603.80505,235.35284,730.57,372.62888,0.78125,0.63331425,0.8198143839836121,False,False,False,,False,False,other,
139,278.0,401.25244,329.44485,643.9306,479.17273,0.6119339,0.84230995,0.786838948726654,False,False,False,,False,False,student,seat_12
139,278.0,381.4911,203.82074,449.47775,330.36154,0.48651573,0.5564398,0.7712975740432739,False,False,True,0.11092254519462585,False,False,student,seat_07
139,278.0,400.07013,231.07028,543.63324,397.2972,0.55251956,0.6545495,0.7477766871452332,True,False,False,,False,False,student,seat_07
139,278.0,530.3171,203.29326,615.0289,312.5299,0.6705772,0.5373158,0.7101669311523438,False,False,True,0.162761852145195,False,False,student,seat_08
139,278.0,0.0,189.48346,163.27458,363.19174,0.09559402,0.5757033,0.6614881157875061,False,False,False,,False,False,student,seat_05
139,278.0,0.0,166.00679,49.446495,284.7331,0.028949939,0.4695207,0.620147705078125,False,False,False,,False,False,student,seat_05
139,278.0,663.3374,354.7719,852.95306,475.8767,0.8877579,0.865259,0.5997353792190552,False,False,False,,False,False,other,
139,278.0,289.25626,175.52928,397.30643,312.50113,0.40196878,0.508365,0.5106253027915955,False,False,False,,False,False,student,seat_07
139,278.0,284.63422,174.5514,346.3853,266.5326,0.36944938,0.4594625,0.49831342697143555,False,False,True,-0.21995913982391357,False,False,student,seat_06
139,278.0,0.026733924,360.27466,122.76572,480.0,0.07189254,0.8752861,0.3558844029903412,False,False,False,,False,False,student,seat_09
139,278.0,706.1562,289.7572,825.3291,385.65164,0.8966542,0.7035509,0.28479331731796265,False,False,False,,False,False,other,
140,280.0,451.92572,316.1155,645.47974,476.10556,0.6425091,0.8252303,0.9048131704330444,False,True,False,0.28894782066345215,False,False,student,seat_12
140,280.0,452.8064,235.35997,571.14886,360.9831,0.5995054,0.6211907,0.7988455295562744,False,False,False,,False,False,student,seat_08
140,280.0,637.62463,125.0141,734.797,285.83136,0.80352557,0.42796403,0.7541624903678894,False,False,True,-1.2386103868484497,False,False,instructor,
140,280.0,628.7007,232.9946,726.51605,349.90747,0.79345244,0.6071897,0.7361229062080383,False,False,False,,False,False,other,
140,280.0,696.396,282.82382,853.78485,448.59238,0.90760005,0.7618919,0.7094554305076599,False,False,True,1.2985345125198364,False,False,other,
140,280.0,9.033542,234.2257,143.6568,380.02066,0.089397155,0.63983995,0.6597703695297241,False,False,False,,False,False,student,seat_05
140,280.0,439.0188,209.3863,496.6042,312.2187,0.5477886,0.54333854,0.6326638460159302,False,False,True,0.17582347989082336,False,False,student,seat_07
140,280.0,105.14389,175.38206,174.15976,270.3914,0.16352673,0.46434733,0.6044043898582458,False,False,True,0.22753621637821198,False,False,student,seat_05
140,280.0,361.18277,188.66434,450.16693,358.86655,0.4750291,0.5703447,0.5423835515975952,False,False,False,,False,False,student,seat_07
140,280.0,160.68224,196.26654,266.86496,345.74225,0.25032037,0.5645925,0.5368839502334595,False,False,False,,False,False,student,seat_06
140,280.0,560.71436,209.85886,626.4391,302.01184,0.6950547,0.53319865,0.46020907163619995,False,False,True,0.15043601393699646,False,False,student,seat_08
140,280.0,627.41785,346.9337,838.25073,478.56622,0.8581198,0.8598957,0.4102019667625427,False,False,False,,False,False,other,
141,282.0,449.09814,314.58493,644.85284,474.22284,0.6404865,0.8216747,0.8886672854423523,False,True,False,0.37423306703567505,False,False,student,seat_12
141,282.0,451.72025,236.79802,569.7134,360.55005,0.598029,0.62223756,0.8226669430732727,False,False,False,,False,False,student,seat_08
141,282.0,12.629956,324.93906,240.79591,479.64917,0.14837581,0.8381128,0.8157808184623718,False,False,False,,False,False,student,seat_09
141,282.0,683.24316,280.27896,853.71075,450.41568,0.8998559,0.7611402,0.7805623412132263,False,False,True,1.2442889213562012,False,False,instructor,
141,282.0,629.7987,235.78062,724.4576,349.23703,0.79289013,0.60939336,0.7283229231834412,False,False,False,,False,False,other,
141,282.0,10.0441265,231.3934,141.2217,364.82794,0.08856313,0.6210639,0.6898666024208069,False,False,False,,False,False,student,seat_05
141,282.0,596.7647,122.08588,677.68445,303.01212,0.7461646,0.44281042,0.6647540330886841,False,False,True,-0.3632223904132843,False,False,student,seat_08
141,282.0,437.97366,208.68082,492.06464,312.29385,0.54451895,0.54268193,0.592600405216217,False,False,True,0.17130747437477112,False,False,student,seat_07
141,282.0,164.87224,197.96848,262.99567,348.71408,0.25050816,0.569461,0.5048689246177673,False,False,False,,False,False,student,seat_06
141,282.0,110.163925,176.93704,171.95319,263.4247,0.16517396,0.45871016,0.4819088280200958,False,False,True,0.20989784598350525,False,False,student,seat_05
141,282.0,357.8052,189.56177,448.70087,360.14728,0.47219327,0.5726136,0.41650715470314026,False,False,False,,False,False,student,seat_07
141,282.0,360.88528,188.90752,447.74216,294.16336,0.47343528,0.5031988,0.2644146680831909,False,False,False,,False,False,student,seat_07
142,284.0,419.26,283.4664,617.0464,478.14166,0.6067368,0.7933417,0.9054229855537415,False,True,False,0.2517261505126953,False,False,student,seat_12
142,284.0,680.74695,280.1654,853.7573,449.43396,0.8984217,0.75999933,0.7782536149024963,False,False,True,1.3058151006698608,False,False,instructor,
142,284.0,451.1676,236.22205,556.04846,352.79858,0.58970493,0.6135632,0.7408604025840759,False,False,False,,False,False,student,seat_08
142,284.0,9.600003,231.14427,159.30258,356.06592,0.098889105,0.6116773,0.721918523311615,False,False,False,,False,False,student,seat_05
142,284.0,610.0691,236.71198,725.20856,356.98242,0.78177845,0.6184317,0.6821033358573914,False,False,False,,False,False,other,
142,284.0,95.21473,173.90244,176.56903,261.85645,0.15912397,0.4539155,0.5995718836784363,False,False,True,0.004890009760856628,False,False,student,seat_05
142,284.0,438.519,209.94398,492.48724,312.24466,0.5450856,0.5439465,0.5902202129364014,False,False,True,0.16658975183963776,False,False,student,seat_07
142,284.0,598.4324,122.59311,696.0702,247.30096,0.7579055,0.38530633,0.5381472110748291,False,False,True,-0.23017917573451996,False,False,student,seat_04
142,284.0,357.25766,186.4623,448.30954,362.08826,0.47164357,0.5714068,0.535571813583374,False,False,False,,False,False,student,seat_07
142,284.0,0.4152717,334.02786,157.71912,477.25507,0.092584535,0.8450864,0.5271939635276794,False,False,False,,False,False,student,seat_09
142,284.0,597.43164,121.90612,696.3041,308.8457,0.7574565,0.44869983,0.5129508376121521,False,False,True,-0.20994411408901215,False,False,student,seat_08
142,284.0,157.44562,198.52612,262.9233,341.11618,0.24611764,0.5621274,0.46385931968688965,False,False,False,,False,False,student,seat_06
142,284.0,559.3036,211.51743,626.9913,303.8263,0.69455206,0.5368164,0.36171644926071167,False,False,True,0.07987619191408157,False,False,student,seat_08
142,284.0,0.06910505,331.29245,239.39946,480.0,0.14020407,0.84509635,0.3258991837501526,False,False,False,,False,False,student,seat_09
142,284.0,603.38354,371.4249,836.9598,477.48206,0.8432923,0.8842781,0.25670868158340454,False,False,False,,False,False,other,
143,286.0,422.2468,281.25928,624.2229,477.83853,0.6126872,0.79072684,0.9053114056587219,False,True,False,0.3245061933994293,False,False,student,seat_12
143,286.0,679.16547,280.93527,854.0,448.35635,0.8976379,0.7596788,0.7880685329437256,False,False,True,1.1297420263290405,False,False,instructor,
143,286.0,452.1106,236.51927,559.49963,352.39548,0.59227765,0.61345285,0.7692848443984985,False,False,False,,False,False,student,seat_08
143,286.0,621.2201,237.10922,725.4038,356.1325,0.7884215,0.6179601,0.6789585947990417,False,False,False,,False,False,other,
143,286.0,597.0616,120.832466,696.931,306.98422,0.7576069,0.44564238,0.6691173315048218,False,False,True,-0.07890404760837555,False,False,student,seat_08
143,286.0,25.597904,226.29779,178.80185,349.14874,0.119671986,0.59942347,0.663934051990509,False,False,False,,False,False,student,seat_05
143,286.0,0.0,337.607,139.21548,480.0,0.08150789,0.85167396,0.6495682001113892,False,False,False,,False,False,student,seat_09
143,286.0,438.84134,209.5186,493.44003,312.58298,0.54583216,0.5438558,0.5647480487823486,False,False,True,0.15582889318466187,False,False,student,seat_07
143,286.0,162.78984,198.3682,263.50433,340.70065,0.24958676,0.56153005,0.5321880578994751,False,False,False,,False,False,student,seat_06
143,286.0,357.81277,186.38806,448.0849,362.19556,0.47183707,0.5714413,0.4593207538127899,False,False,False,,False,False,student,seat_07
143,286.0,104.399574,330.18054,244.248,480.0,0.20412622,0.84393805,0.40417513251304626,False,False,False,,False,False,student,seat_10
143,286.0,109.07097,178.71997,169.648,271.59073,0.1631844,0.46907365,0.2823909521102905,False,False,True,0.24368365108966827,False,False,student,seat_05
144,288.0,430.00586,273.2848,633.2721,460.904,0.6225281,0.76478,0.8442506790161133,False,True,False,-0.07856038212776184,False,False,student,seat_12
144,288.0,678.9301,280.46896,853.7189,447.89505,0.8973354,0.75871253,0.7733538150787354,False,False,True,1.4294939041137695,False,False,instructor,
144,288.0,596.4949,122.20294,700.107,303.16904,0.75913453,0.4430958,0.698922872543335,False,False,True,-0.06882359832525253,False,False,student,seat_08
144,288.0,452.39026,233.75484,546.75055,348.17654,0.58497703,0.6061785,0.6857024431228638,False,False,False,,False,False,student,seat_08
144,288.0,623.13763,236.40839,725.3391,351.53656,0.7895063,0.6124427,0.6365820169448853,False,False,False,,False,False,other,
144,288.0,0.0,343.0852,120.50811,478.43127,0.0705551,0.8557463,0.6066009998321533,False,False,False,,False,False,student,seat_09
144,288.0,438.5887,210.26501,499.63785,313.09476,0.54931295,0.5451664,0.5980672836303711,False,False,True,0.13954482972621918,False,False,student,seat_07
144,288.0,27.16558,234.4785,150.21194,353.20493,0.10385101,0.6121702,0.5742603540420532,False,False,False,,False,False,student,seat_05
144,288.0,95.79024,305.46262,242.20029,479.02032,0.19788674,0.8171697,0.5534963607788086,False,False,False,,False,False,student,seat_10
144,288.0,164.21486,197.82933,263.72717,343.9285,0.25055152,0.56433105,0.476644366979599,False,False,False,,False,False,student,seat_06
144,288.0,357.78293,185.90608,448.5469,362.7239,0.47209007,0.5714896,0.4474875032901764,False,False,False,,False,False,student,seat_07
144,288.0,77.08333,179.69196,166.79173,271.66727,0.142784,0.47016585,0.4351177513599396,False,False,True,0.28782716393470764,False,False,student,seat_05
144,288.0,558.6782,210.19302,626.65234,308.23514,0.6939874,0.54002935,0.3267049789428711,False,False,True,-0.11300572752952576,False,False,student,seat_08
144,288.0,165.68257,197.8031,289.16977,362.60608,0.266307,0.58375955,0.2674720585346222,False,False,False,,False,False,student,seat_06
145,290.0,448.1227,275.81985,644.6475,467.64426,0.63979524,0.7744418,0.9009462594985962,False,True,False,0.15447992086410522,False,False,student,seat_12
145,290.0,454.3921,232.97562,554.4474,353.74152,0.59065545,0.61116374,0.783318817615509,False,False,False,,False,False,student,seat_08
145,290.0,602.5086,125.14989,688.03357,275.3715,0.7555868,0.41720974,0.6635038256645203,False,False,True,-0.5047579407691956,False,False,student,seat_04
145,290.0,604.7857,235.76357,724.24274,356.58713,0.7781197,0.617032,0.6462554931640625,False,False,False,,False,False,instructor,
145,290.0,675.5831,280.65353,854.0,451.90573,0.8955405,0.76308256,0.6450569033622742,False,False,True,0.9644431471824646,False,False,other,
145,290.0,0.0,343.5996,119.00334,479.29767,0.06967409,0.85718465,0.6153867840766907,False,False,False,,False,False,student,seat_09
145,290.0,29.272629,236.83458,150.75592,354.49542,0.10540313,0.61596876,0.57431560754776,False,False,False,,False,False,student,seat_05
145,290.0,167.08315,196.9312,264.68695,340.53693,0.25279278,0.5598627,0.5063013434410095,False,False,False,,False,False,student,seat_06
145,290.0,100.53185,324.17535,241.00607,478.73938,0.19996366,0.8363695,0.40290331840515137,False,False,False,,False,False,student,seat_10
145,290.0,415.98065,211.49986,491.7498,314.8567,0.53145814,0.5482881,0.32926639914512634,False,False,True,0.29678744077682495,False,False,student,seat_07
145,290.0,100.06388,180.76038,165.60548,273.77188,0.15554413,0.4734711,0.3257821202278137,False,False,True,0.4389615058898926,False,False,student,seat_05
145,290.0,359.3742,191.68927,449.11005,359.6226,0.47335145,0.57428324,0.2518675923347473,False,False,False,,False,False,student,seat_07
145,290.0,559.80475,211.55077,627.4622,299.82883,0.69512117,0.53268707,0.2512807846069336,False,False,True,-0.08856146037578583,False,False,student,seat_08
146,292.0,442.99118,306.00604,641.15106,472.76923,0.6347437,0.8112242,0.8956702351570129,False,True,False,0.46729475259780884,False,False,student,seat_12
146,292.0,452.68152,232.33595,572.47473,358.10464,0.6002086,0.6150423,0.774173378944397,False,False,False,,False,False,student,seat_08
146,292.0,688.8783,281.53308,854.0,451.75223,0.90332454,0.7638388,0.7111183404922485,False,False,True,1.489687442779541,False,False,instructor,
146,292.0,626.65784,237.03929,724.0221,349.039,0.7907962,0.61049825,0.705551028251648,False,False,False,,False,False,other,
146,292.0,26.46769,234.14877,177.2425,368.69656,0.11926825,0.6279639,0.6959163546562195,False,False,False,,False,False,student,seat_05
146,292.0,406.27313,220.47774,494.66278,314.7985,0.52748007,0.5575794,0.6892968416213989,True,False,True,0.36667364835739136,False,False,student,seat_07
146,292.0,591.96204,121.56503,700.0733,311.04987,0.756461,0.45064053,0.6706118583679199,False,False,True,-0.1846856027841568,False,False,student,seat_08
146,292.0,0.0,363.90112,105.37415,479.7031,0.06169447,0.87875444,0.5974854230880737,False,False,False,,False,False,student,seat_09
146,292.0,166.56622,197.9938,264.7609,343.12283,0.25253344,0.5636632,0.48345470428466797,False,False,False,,False,False,student,seat_06
146,292.0,358.45096,186.06541,442.45193,361.30524,0.4689127,0.5701778,0.45691078901290894,False,False,False,,False,False,student,seat_07
146,292.0,638.10815,353.788,844.74945,478.93622,0.8681837,0.8674211,0.4487423300743103,False,False,False,,False,False,other,
146,292.0,70.40518,326.51343,242.64687,479.17267,0.18328576,0.83925635,0.40588849782943726,False,True,False,0.37372007966041565,False,False,student,seat_09
146,292.0,100.72418,181.41481,164.93373,271.80212,0.15553741,0.47210094,0.36571523547172546,False,False,True,0.3548535406589508,False,False,student,seat_05
146,292.0,0.0,226.5363,34.28491,337.19318,0.02007313,0.5872182,0.3342350423336029,False,False,False,,False,False,student,seat_05
146,292.0,559.1907,210.5998,615.56036,298.85013,0.6877933,0.530677,0.28356561064720154,False,False,True,-0.0892200842499733,False,False,student,seat_08
147,294.0,439.44675,315.103,648.81934,473.22546,0.63715816,0.8211755,0.8810195922851562,False,True,False,0.38236841559410095,False,False,student,seat_12
147,294.0,453.33188,232.5879,572.7012,359.36517,0.60072196,0.6166178,0.7974512577056885,False,False,False,,False,False,student,seat_08
147,294.0,598.25836,123.69398,697.8889,306.96664,0.7588684,0.4486048,0.7641255855560303,False,False,True,-0.18149977922439575,False,False,student,seat_08
147,294.0,408.53027,217.74323,496.09146,314.79132,0.529638,0.5547235,0.7307966351509094,False,False,True,0.38448575139045715,False,False,student,seat_07
147,294.0,627.27515,237.35387,724.4688,348.6425,0.79141915,0.61041284,0.7238277792930603,False,False,False,,False,False,instructor,
147,294.0,25.964788,234.47557,177.67038,368.6698,0.11922433,0.62827647,0.7234082818031311,False,False,False,,False,False,student,seat_05
147,294.0,651.6988,331.3429,853.60657,479.02475,0.8813264,0.844133,0.6303026676177979,False,False,False,,False,False,other,
147,294.0,0.0064951424,365.152,109.205414,478.7343,0.0639414,0.8790483,0.5868640542030334,False,False,False,,False,False,student,seat_09
147,294.0,558.7629,208.85335,624.23444,306.23218,0.69262135,0.5365474,0.5373417735099792,False,False,True,0.09415670484304428,False,False,student,seat_08
147,294.0,165.16151,197.80473,262.75104,329.71426,0.25053427,0.5494989,0.4728611707687378,False,False,False,,False,False,student,seat_06
147,294.0,105.33834,181.31761,161.65776,274.76932,0.1563209,0.47509053,0.4131833612918854,False,False,True,0.5309974551200867,False,False,student,seat_05
147,294.0,358.50644,187.7614,441.36792,361.46542,0.46831053,0.57211125,0.4069378077983856,False,False,False,,False,False,student,seat_07
147,294.0,0.0,226.64328,34.429432,337.69937,0.020157747,0.58785695,0.34969860315322876,False,False,False,,False,False,student,seat_05
147,294.0,60.389652,327.01355,240.99693,477.94623,0.17645586,0.8384998,0.3388245701789856,False,False,False,,False,False,student,seat_09
148,296.0,439.06192,305.17615,653.0561,472.73868,0.63941336,0.8103279,0.8917748928070068,False,True,False,0.2521745264530182,False,False,student,seat_12
148,296.0,452.77014,232.64781,570.5403,358.86084,0.5991279,0.61615485,0.7830017805099487,False,False,False,,False,False,student,seat_08
148,296.0,623.5559,236.21928,724.5801,349.25253,0.78930676,0.60986644,0.7283143401145935,False,False,False,,False,False,instructor,
148,296.0,408.1562,217.03503,494.66074,313.12445,0.5285813,0.5522495,0.7133141160011292,False,False,True,0.34560391306877136,False,False,student,seat_07
148,296.0,599.38574,122.82873,704.0377,305.8369,0.7631285,0.4465267,0.6890541911125183,False,False,True,-0.09930168837308884,False,False,other,
148,296.0,677.2282,333.51132,853.36444,479.7909,0.8961315,0.84718984,0.6142712235450745,False,False,False,,False,False,other,
148,296.0,29.570225,232.39864,173.55632,351.72165,0.11892655,0.60845864,0.5147196054458618,False,False,False,,False,False,student,seat_05
148,296.0,0.0,338.64108,134.95764,478.61386,0.07901501,0.8513072,0.4639066159725189,False,False,False,,False,False,student,seat_09
148,296.0,558.9397,211.70164,628.43097,308.81927,0.69518185,0.5422093,0.4062954783439636,False,False,True,0.17058517038822174,False,False,student,seat_08
148,296.0,165.28845,195.51436,263.9504,347.4087,0.2513108,0.56554484,0.400449275970459,False,False,False,,False,False,student,seat_06
148,296.0,358.37906,188.45992,444.74646,361.02347,0.47021398,0.5723785,0.385811984539032,False,False,False,,False,False,student,seat_07
148,296.0,103.43108,182.4289,163.40097,270.48465,0.15622486,0.47178495,0.3727732002735138,False,False,True,0.393435001373291,False,False,student,seat_05
148,296.0,103.223564,327.4622,241.6397,478.94012,0.20191057,0.8400024,0.3383025527000427,False,False,False,,False,False,student,seat_10
148,296.0,165.9725,194.01051,260.59683,304.37546,0.24974786,0.51915205,0.2903519570827484,False,False,False,,False,False,student,seat_06
149,298.0,451.91937,313.1214,646.0271,472.73615,0.64282584,0.8186016,0.9040549397468567,False,True,False,0.5071796178817749,False,False,student,seat_12
149,298.0,453.33737,232.2693,570.38025,357.509,0.5993663,0.6143524,0.7903752326965332,False,False,False,,False,False,student,seat_08
149,298.0,627.99316,235.90906,724.034,345.7472,0.79158497,0.60589194,0.7880388498306274,False,False,False,,False,False,instructor,
149,298.0,407.9854,217.84596,494.11157,313.12796,0.52815986,0.55309784,0.6934695243835449,False,False,True,0.3489625155925751,False,False,student,seat_07
149,298.0,603.4145,121.86617,684.6324,278.48483,0.75412583,0.4170323,0.691317617893219,False,False,True,-0.5701472759246826,False,False,student,seat_04
149,298.0,27.416056,232.61311,174.82455,360.3264,0.11840785,0.6176453,0.6308009624481201,False,False,False,,False,False,student,seat_05
149,298.0,704.55945,280.92172,853.62976,462.91306,0.9122888,0.7748279,0.5632141828536987,False,False,True,2.1495895385742188,False,False,other,
149,298.0,646.5101,335.03076,805.6905,479.0978,0.8502345,0.84805053,0.520526647567749,False,False,False,,False,False,other,
149,298.0,0.0,347.99335,132.3707,478.53772,0.07750041,0.86096984,0.5173025131225586,False,False,False,,False,False,student,seat_09
149,298.0,562.0796,212.82469,630.1355,298.98224,0.6980182,0.53313226,0.4221871495246887,False,False,True,0.09830834716558456,False,False,student,seat_08
149,298.0,162.86754,195.85191,263.08737,345.8412,0.24938811,0.56426364,0.41330012679100037,False,False,False,,False,False,student,seat_06
149,298.0,358.25012,188.14249,444.575,360.89902,0.47003815,0.57191825,0.40218502283096313,False,False,False,,False,False,student,seat_07
149,298.0,104.59626,184.22643,159.30008,272.05148,0.15450604,0.47528946,0.27922868728637695,False,False,True,0.48829299211502075,False,False,student,seat_05
149,298.0,92.28481,327.3071,241.74008,479.4661,0.19556493,0.8403887,0.26591232419013977,False,False,False,,False,False,student,seat_10
149,298.0,0.0,346.88376,189.79012,479.52304,0.11111833,0.86084044,0.2581450045108795,False,False,False,,False,False,student,seat_09
149,298.0,164.10147,194.38324,260.1956,299.0938,0.24841748,0.5140386,0.25591784715652466,False,False,False,,False,False,student,seat_06
150,300.0,452.08804,315.50388,653.243,473.0176,0.6471493,0.82137656,0.8981185555458069,False,True,False,0.55294269323349,False,False,student,seat_12
150,300.0,452.77054,231.37398,570.3608,358.10297,0.59902304,0.61403847,0.7676587700843811,False,False,False,,False,False,student,seat_08
150,300.0,26.144087,233.85614,169.07455,366.22852,0.11429663,0.62508816,0.6907507181167603,False,False,False,,False,False,student,seat_05
150,300.0,408.7307,217.52682,495.19208,313.41013,0.5292288,0.55305934,0.681631326675415,False,False,True,0.4488028287887573,False,False,student,seat_07
150,300.0,0.0,355.86807,119.9796,478.68195,0.07024567,0.86932296,0.6150871515274048,False,False,False,,False,False,student,seat_09
150,300.0,629.3157,237.42566,724.4233,346.3116,0.7925872,0.6080597,0.6068235635757446,False,False,False,,False,False,instructor,
150,300.0,664.1173,334.9498,838.0838,476.52664,0.8795089,0.845288,0.5946730971336365,False,False,False,,False,False,other,
150,300.0,600.7887,122.817154,710.63354,301.68387,0.7678116,0.4421886,0.5873104929924011,False,False,True,-0.13297449052333832,False,False,other,
150,300.0,713.6449,280.6792,853.53357,460.46335,0.9175518,0.7720235,0.5573829412460327,False,False,True,1.8410311937332153,False,False,other,
150,300.0,162.05536,197.09218,261.3266,344.17722,0.24788171,0.5638223,0.44468769431114197,False,False,False,,False,False,student,seat_06
150,300.0,557.062,209.37593,624.23926,298.92648,0.6916284,0.5294817,0.4211045801639557,False,False,True,0.04577906057238579,False,False,student,seat_08
150,300.0,69.99776,309.89557,240.9514,479.58908,0.18205453,0.8223798,0.4087512493133545,False,False,True,-0.3984270691871643,False,False,student,seat_09
150,300.0,0.0,221.97513,33.90417,350.33258,0.019850217,0.5961539,0.250520259141922,False,False,False,,False,False,student,seat_05
151,302.0,450.36746,304.89743,641.14923,468.57422,0.63906133,0.80569965,0.8883827328681946,False,True,False,0.406965970993042,False,False,student,seat_12
151,302.0,647.6711,124.091774,767.966,293.1875,0.8288273,0.4346659,0.8085793256759644,False,False,True,0.04714954271912575,False,False,instructor,
151,302.0,451.8116,232.12086,569.96173,357.1573,0.5982279,0.6138314,0.7707949876785278,False,False,False,,False,False,student,seat_08
151,302.0,0.0,341.31097,119.113556,478.88647,0.06973862,0.8543723,0.7127515077590942,False,False,False,,False,False,student,seat_09
151,302.0,629.43317,234.83604,722.6073,348.7879,0.79159284,0.6079416,0.7078543901443481,False,False,False,,False,False,other,
151,302.0,683.20685,280.17502,853.8726,447.65448,0.8999294,0.7581557,0.6760068535804749,False,False,True,1.8697525262832642,False,False,other,
151,302.0,410.35812,217.24988,494.08054,313.85428,0.5295308,0.55323344,0.6637240648269653,False,False,True,0.45847558975219727,False,False,student,seat_07
151,302.0,63.48527,288.2435,220.92557,475.50793,0.16651689,0.7955744,0.5938988327980042,False,False,True,-0.1542917639017105,False,False,student,seat_09
151,302.0,165.67015,197.82121,262.02026,341.82312,0.25040424,0.56212956,0.4114585220813751,False,False,False,,False,False,student,seat_06
151,302.0,106.61311,180.77403,162.74696,267.99252,0.15770496,0.46746513,0.3928888738155365,False,False,True,0.21323314309120178,False,False,student,seat_05
151,302.0,556.1021,208.6373,620.7152,297.9821,0.68900317,0.5277285,0.336396187543869,False,False,True,0.03875020146369934,False,False,student,seat_08
151,302.0,360.82767,189.36938,444.08487,286.92276,0.47126028,0.49613765,0.3158370554447174,False,False,False,,False,False,student,seat_07
151,302.0,0.0,232.81932,32.16766,335.00253,0.018833524,0.5914811,0.25829583406448364,False,False,False,,False,False,student,seat_05
152,304.0,453.36075,284.07916,637.98505,462.8719,0.63896126,0.778074,0.8768643736839294,False,True,False,0.08652587234973907,False,False,student,seat_12
152,304.0,693.0731,121.300545,802.1661,302.1973,0.87543285,0.44114357,0.8074783086776733,False,False,True,-0.6273497939109802,False,False,instructor,
152,304.0,452.73282,233.17947,555.3582,358.77133,0.59021723,0.6166154,0.7779055237770081,False,False,False,,False,False,student,seat_08
152,304.0,62.85453,298.22797,224.98688,477.88235,0.16852541,0.80844826,0.7768677473068237,False,True,False,-0.048987023532390594,False,False,student,seat_09
152,304.0,0.0,347.8325,115.112144,478.9306,0.067395866,0.86121154,0.7365401983261108,False,False,False,,False,False,student,seat_09
152,304.0,615.7517,236.32124,723.7257,351.323,0.7842374,0.6121294,0.7073845863342285,False,False,False,,False,False,other,
152,304.0,678.095,282.75043,854.0,445.9343,0.8970111,0.75904655,0.7011070251464844,False,False,True,7.098566055297852,False,False,other,
152,304.0,410.00827,220.23872,494.31384,313.95038,0.52946264,0.55644697,0.6746765971183777,False,False,True,0.4526599049568176,False,False,student,seat_07
152,304.0,163.94162,197.93365,262.8328,345.32172,0.24986793,0.565891,0.4656640291213989,False,False,False,,False,False,student,seat_06
152,304.0,557.8028,208.8268,625.8289,297.75946,0.6929928,0.527694,0.4482850730419159,False,False,True,0.018303334712982178,False,False,student,seat_08
152,304.0,106.1426,178.82164,159.4487,267.106,0.15549843,0.46450794,0.3980587124824524,False,False,True,0.1860605925321579,False,False,student,seat_05
152,304.0,360.94974,189.22804,442.72052,288.0657,0.47053295,0.497181,0.3498809337615967,False,False,False,,False,False,student,seat_07
152,304.0,65.77032,235.8939,175.79355,334.61148,0.14143084,0.5942764,0.3392162024974823,True,False,True,0.5870911478996277,False,False,student,seat_05
152,304.0,0.0,229.87082,32.599575,339.8246,0.019086402,0.5934327,0.2817952334880829,False,False,False,,False,False,student,seat_05
153,306.0,687.86707,121.45418,824.7749,308.14462,0.8856218,0.44749877,0.8399417996406555,False,False,True,-0.12894313037395477,False,False,instructor,
153,306.0,439.06656,265.9263,637.1842,465.94778,0.6301234,0.76236886,0.7932639718055725,False,True,False,0.16161200404167175,False,False,student,seat_12
153,306.0,617.00885,236.12607,721.4305,351.7475,0.7836296,0.6123683,0.7257146835327148,False,False,False,,False,False,other,
153,306.0,452.44174,232.32411,555.8638,354.47015,0.5903428,0.611244,0.7107993364334106,False,False,False,,False,False,student,seat_08
153,306.0,409.93738,220.7895,493.0913,314.07425,0.5287053,0.55714977,0.6294809579849243,False,False,True,0.48044463992118835,False,False,student,seat_07
153,306.0,61.846844,294.98215,239.81287,477.5327,0.17661574,0.804703,0.6170797348022461,False,True,False,-0.05402553826570511,False,False,student,seat_09
153,306.0,0.0,347.3934,113.32471,478.38342,0.06634936,0.86018425,0.5827828049659729,False,False,False,,False,False,student,seat_09
153,306.0,677.4157,283.00394,848.9055,443.8486,0.89363074,0.7571381,0.5710254311561584,False,False,True,1.5151127576828003,False,False,other,
153,306.0,106.51887,182.16267,159.70503,271.59155,0.1558688,0.47266063,0.4496926963329315,False,False,True,0.18238703906536102,False,False,student,seat_05
153,306.0,24.660187,233.27203,178.46828,360.547,0.11892767,0.6185615,0.4461665153503418,False,False,False,,False,False,student,seat_05
153,306.0,164.90607,196.89708,264.2814,349.4126,0.25128073,0.5690726,0.4453977048397064,False,False,False,,False,False,student,seat_06
153,306.0,679.13776,282.29117,802.703,437.29117,0.8675883,0.74956495,0.43330562114715576,False,False,True,1.5945287942886353,False,False,other,
153,306.0,0.0,346.41187,157.08797,480.0,0.091971874,0.8608457,0.33810317516326904,False,False,False,,False,False,student,seat_09
153,306.0,359.56573,187.68452,443.94965,361.7286,0.47044227,0.5723054,0.32287198305130005,False,False,False,,False,False,student,seat_07
153,306.0,0.0,224.80542,32.552063,339.17087,0.019058585,0.58747536,0.2764604985713959,False,False,False,,False,False,student,seat_05
153,306.0,361.31326,188.3119,443.0421,288.18927,0.47093403,0.49635538,0.2596871852874756,False,False,False,,False,False,student,seat_07
154,308.0,664.8015,121.265015,789.3467,294.50153,0.8513748,0.43309015,0.8562528491020203,False,False,True,0.09202936291694641,False,False,instructor,
154,308.0,456.61664,274.13974,636.55786,468.1934,0.64003193,0.7732637,0.8350895643234253,False,False,True,0.3098598122596741,False,False,student,seat_12
154,308.0,451.25903,232.1152,550.5525,356.92822,0.5865407,0.61358696,0.7278045415878296,False,False,False,,False,False,student,seat_08
154,308.0,615.5949,234.26585,720.2426,350.5113,0.7821063,0.6091429,0.7096056938171387,False,False,False,,False,False,other,
154,308.0,23.009657,233.77083,176.44882,342.0533,0.11677897,0.59981686,0.6576701402664185,False,False,False,,False,False,student,seat_05
154,308.0,676.72363,281.7602,854.0,443.47202,0.8962082,0.7554502,0.6478986144065857,False,False,True,1.9818321466445923,False,False,other,
154,308.0,0.5838196,327.1962,151.14552,476.6611,0.08883451,0.8373514,0.6360794305801392,False,False,False,,False,False,student,seat_09
154,308.0,409.19125,220.8554,491.42987,314.1596,0.5272957,0.5573073,0.5862028002738953,False,False,True,0.510992169380188,False,False,student,seat_07
154,308.0,104.75716,182.24603,164.81833,269.27417,0.15783109,0.47033355,0.5236800312995911,True,False,True,0.1417304426431656,False,False,student,seat_05
154,308.0,163.65948,196.86382,262.22067,345.6445,0.24934435,0.5651128,0.4474530816078186,False,False,False,,False,False,student,seat_06
154,308.0,561.5064,209.64609,627.5829,314.5084,0.69618815,0.5459942,0.37553244829177856,False,False,True,0.28570133447647095,False,False,student,seat_08
154,308.0,0.52156603,326.96167,246.0517,480.0,0.14436373,0.84058505,0.3560202419757843,False,False,False,,False,False,student,seat_09
154,308.0,361.19147,188.49806,443.53668,288.46884,0.4711523,0.49684054,0.33202460408210754,False,False,False,,False,False,student,seat_07
154,308.0,165.71655,196.17818,287.59265,364.03964,0.2654035,0.5835602,0.27984464168548584,False,False,False,,False,False,student,seat_06
154,308.0,359.76465,187.34355,444.41278,361.5418,0.47082987,0.5717556,0.2768368422985077,False,False,False,,False,False,student,seat_07
154,308.0,0.0,218.97055,29.16052,337.11023,0.017072905,0.5792509,0.25590530037879944,False,False,False,,False,False,student,seat_05
155,310.0,464.61026,271.89413,636.14276,466.1936,0.644469,0.76884145,0.8559674620628357,False,False,True,0.22183361649513245,False,False,student,seat_12
155,310.0,662.30634,123.20989,789.54047,294.70953,0.8500274,0.43533275,0.8546105027198792,False,False,True,-0.017633499577641487,False,False,instructor,
155,310.0,615.3165,234.55835,720.1774,350.8105,0.7819051,0.6097592,0.7256444692611694,False,False,False,,False,False,other,
155,310.0,683.8947,282.75677,854.0,447.18698,0.9004068,0.76035804,0.7107871770858765,False,False,True,1.636954426765442,False,False,other,
155,310.0,451.8675,234.07271,547.86285,358.3943,0.5853222,0.6171531,0.6839276552200317,False,False,False,,False,False,student,seat_08
155,310.0,21.949345,233.45393,172.1227,345.59943,0.11362532,0.6031806,0.6691014766693115,False,False,False,,False,False,student,seat_05
155,310.0,410.80325,221.26575,492.79855,314.0064,0.5290409,0.55757517,0.559022068977356,False,False,True,0.528034508228302,False,False,student,seat_07
155,310.0,0.0,338.98294,154.78804,476.46567,0.090625316,0.8494256,0.5508042573928833,False,False,False,,False,False,student,seat_09
155,310.0,105.34587,183.04129,171.91678,272.6005,0.16233176,0.47462687,0.44655561447143555,False,False,True,0.08848383277654648,False,False,student,seat_05
155,310.0,164.6814,200.21945,262.0782,340.2829,0.24985924,0.56302327,0.3931134343147278,False,False,False,,False,False,student,seat_06
155,310.0,0.0,337.34808,235.0216,480.0,0.13760047,0.85140425,0.32171905040740967,False,False,False,,False,False,student,seat_09
155,310.0,360.75525,189.4073,443.49564,289.22995,0.47087288,0.4985805,0.3067689538002014,False,False,False,,False,False,student,seat_07
155,310.0,360.29745,187.32315,444.74588,356.01514,0.47133684,0.56597733,0.27537646889686584,False,False,False,,False,False,student,seat_07
156,312.0,462.49313,281.54532,656.9612,466.84647,0.6554182,0.77957475,0.822372317314148,False,True,False,0.1516445279121399,False,False,student,seat_12
156,312.0,644.3737,335.95816,851.57306,480.0,0.87584704,0.8499564,0.7918257713317871,False,False,False,,False,False,instructor,
156,312.0,694.9069,117.791985,793.04926,301.00146,0.87116873,0.43624318,0.777245283126831,False,False,True,-0.8475615382194519,False,False,other,
156,312.0,605.88086,235.91985,723.8248,351.78134,0.77851623,0.6121887,0.7430152297019958,False,False,False,,False,False,other,
156,312.0,453.10745,231.34515,545.0054,356.14563,0.58437514,0.6119696,0.7266187071800232,False,False,False,,False,False,student,seat_08
156,312.0,23.48253,234.81625,177.65395,348.822,0.1177614,0.6079565,0.6758822202682495,False,False,False,,False,False,student,seat_05
156,312.0,0.97325325,335.81427,130.32436,477.33524,0.07687213,0.84703076,0.6344519853591919,False,False,False,,False,False,student,seat_09
156,312.0,410.2074,221.55284,490.4963,314.1668,0.5273441,0.55804133,0.5227982401847839,False,False,True,0.5745387077331543,False,False,student,seat_07
156,312.0,106.81076,182.18283,169.5858,268.55853,0.16182467,0.46952227,0.42353543639183044,False,False,True,0.11309346556663513,False,False,student,seat_05
156,312.0,359.91882,191.4059,443.80283,361.09354,0.47056305,0.5755203,0.41742560267448425,False,False,False,,False,False,student,seat_07
156,312.0,360.54834,188.8724,443.19492,291.48035,0.4705757,0.50036746,0.3979153633117676,False,False,False,,False,False,student,seat_07
156,312.0,163.22456,209.0146,256.86725,308.44598,0.24595538,0.53902143,0.3721352219581604,False,False,False,,False,False,student,seat_06
156,312.0,563.95154,211.9768,632.59546,331.23294,0.70055443,0.56584346,0.3333365023136139,False,False,True,-0.12134755402803421,False,False,student,seat_08
156,312.0,0.0,216.76534,30.461926,334.97366,0.017834852,0.57472813,0.30818629264831543,False,False,False,,False,False,student,seat_05
156,312.0,161.01675,210.68767,259.25012,349.76093,0.24605788,0.5838006,0.2888263463973999,False,False,False,,False,False,student,seat_06
156,312.0,690.0151,280.75754,851.3901,418.8695,0.902462,0.7287782,0.2727605700492859,True,False,True,0.37511685490608215,False,False,other,
157,314.0,463.8749,283.2494,634.5259,461.88263,0.6430918,0.7761792,0.8318947553634644,False,True,False,0.15107199549674988,False,False,student,seat_12
157,314.0,696.3978,120.997246,828.4514,313.4189,0.89276886,0.45251685,0.8073697686195374,False,False,True,-0.1477489024400711,False,False,instructor,
157,314.0,607.3409,236.27939,721.99664,353.6526,0.77830064,0.6145125,0.7170625329017639,False,False,False,,False,False,other,
157,314.0,451.52005,232.6873,547.371,354.30173,0.5848308,0.6114469,0.6630560159683228,False,False,False,,False,False,student,seat_08
157,314.0,693.4254,280.1152,800.266,442.00818,0.87452656,0.75221187,0.6169206500053406,False,False,True,1.3991373777389526,False,False,other,
157,314.0,23.474539,233.88686,165.1608,351.75555,0.11044223,0.6100442,0.6146496534347534,False,False,False,,False,False,student,seat_05
157,314.0,411.51486,221.54109,495.02945,313.82043,0.5307636,0.55766827,0.6009982824325562,False,False,True,0.4418724477291107,False,False,student,seat_07
157,314.0,0.0,342.54672,109.97317,478.90088,0.0643871,0.8556746,0.5545890927314758,False,False,False,,False,False,student,seat_09
157,314.0,625.8918,348.9131,844.298,480.0,0.8607668,0.8634511,0.4901607930660248,False,False,False,,False,False,other,
157,314.0,164.82895,207.90857,259.82834,349.13702,0.2486284,0.5802558,0.4378032088279724,False,False,False,,False,False,student,seat_06
157,314.0,360.58292,187.79378,443.83478,291.10513,0.47097057,0.49885306,0.4145705997943878,False,False,False,,False,False,student,seat_07
157,314.0,106.62429,182.1941,168.94545,270.47372,0.1613406,0.471529,0.4067818820476532,False,False,True,0.13291791081428528,False,False,student,seat_05
157,314.0,570.94745,206.40247,633.47815,326.45728,0.7051672,0.55506223,0.34668612480163574,False,False,True,-0.23225508630275726,False,False,student,seat_08
157,314.0,359.35016,189.53285,444.32925,361.57413,0.47053832,0.5740698,0.32901981472969055,False,False,False,,False,False,student,seat_07
157,314.0,0.0,218.37198,30.650843,349.53333,0.01794546,0.591568,0.2688138484954834,False,False,False,,False,False,student,seat_05
158,316.0,410.8912,276.6165,580.9091,459.54398,0.58067936,0.76683384,0.8372044563293457,False,True,False,0.14815691113471985,False,False,student,seat_12
158,316.0,397.36652,231.01808,492.09305,356.35764,0.5207609,0.6118497,0.7581449747085571,False,False,False,,False,False,student,seat_07
158,316.0,550.5319,236.09866,663.08545,351.72324,0.7105488,0.61231446,0.6807416081428528,False,False,False,,False,False,student,seat_08
158,316.0,359.36786,221.32765,437.0957,313.0661,0.46631357,0.5566601,0.6732509732246399,False,False,True,0.5655767321586609,False,False,student,seat_07
158,316.0,0.0,234.69453,80.942795,354.7354,0.047390394,0.61398953,0.6466767191886902,False,False,False,,False,False,student,seat_05
158,316.0,621.03827,273.04883,733.80365,435.90695,0.793233,0.73849565,0.6316365599632263,False,False,True,0.6138149499893188,False,False,instructor,
158,316.0,628.6333,121.93797,764.4105,292.31357,0.81559944,0.431512,0.5712559223175049,False,False,True,0.00535083282738924,False,False,other,
158,316.0,495.74118,210.03072,576.8558,312.08847,0.62798417,0.54387414,0.5664111971855164,False,False,True,-0.017689095810055733,False,False,student,seat_08
158,316.0,105.43615,209.27205,203.1926,334.0101,0.180696,0.5659189,0.46684667468070984,False,False,False,,False,False,student,seat_05
158,316.0,0.0,337.91086,86.10665,478.28915,0.05041373,0.85020834,0.45715221762657166,False,False,False,,False,False,student,seat_09
158,316.0,629.04614,122.51622,765.0283,369.818,0.8162028,0.51284814,0.45108112692832947,False,False,True,-0.025508642196655273,False,False,other,
158,316.0,43.58384,182.67108,100.22013,275.9677,0.08419436,0.47774875,0.41726139187812805,False,False,True,0.4226435422897339,False,False,student,seat_05
158,316.0,557.5497,367.83566,724.7942,477.95044,0.7507868,0.8810272,0.3414583206176758,False,False,False,,False,False,student,seat_12
158,316.0,556.00214,363.77878,787.1514,480.0,0.78638965,0.87893623,0.31135293841362,False,False,False,,False,False,other,
158,316.0,1.438735,337.02304,130.86638,477.9032,0.07746201,0.84888154,0.2786363661289215,False,False,False,,False,False,student,seat_09
158,316.0,619.88336,272.88974,810.7921,440.73978,0.83763206,0.7433641,0.2635633945465088,False,False,True,0.9621952772140503,False,False,other,
158,316.0,303.6867,193.98949,393.4836,364.3497,0.4081793,0.5816033,0.2511160969734192,False,False,False,,False,False,student,seat_07
159,318.0,350.81454,271.7706,525.80273,467.3375,0.513242,0.76990426,0.8033125996589661,False,False,True,0.20878317952156067,False,False,student,seat_11
159,318.0,573.6511,119.49911,683.2638,298.68542,0.7358987,0.4356089,0.729766309261322,False,False,True,-0.4632047414779663,False,False,student,seat_08
159,318.0,495.43137,236.6511,602.2711,351.94504,0.64268297,0.613121,0.7291252613067627,False,False,False,,False,False,student,seat_08
159,318.0,336.49304,232.54543,429.86252,355.26685,0.44868594,0.61230445,0.7239774465560913,False,False,False,,False,False,student,seat_07
159,318.0,557.0268,274.97592,670.92267,428.2485,0.71893996,0.73252547,0.7215983271598816,False,False,True,0.720189094543457,False,False,student,seat_12
159,318.0,0.0,184.31804,44.225895,269.94308,0.02589338,0.47318867,0.6407403349876404,False,False,True,-0.1411474496126175,False,False,student,seat_05
159,318.0,297.3812,215.5734,379.3279,313.69388,0.3961997,0.5513201,0.6377310752868652,False,False,True,-0.36777982115745544,False,False,student,seat_07
159,318.0,0.0,307.81793,123.51931,478.47217,0.0723181,0.81905216,0.6313066482543945,False,False,False,,False,False,student,seat_09
159,318.0,447.9016,209.43874,512.44354,311.5979,0.56226295,0.5427465,0.5558211803436279,False,False,True,-0.08832550048828125,False,False,student,seat_07
159,318.0,7.3259196,197.43962,144.54037,348.66696,0.088914685,0.568861,0.5137816071510315,False,False,False,,False,False,student,seat_05
159,318.0,572.42206,119.85014,684.7818,378.19073,0.73606783,0.51879257,0.43775811791419983,False,False,True,-0.4986828565597534,False,False,student,seat_08
159,318.0,485.91196,369.1879,708.39636,480.0,0.6992438,0.8845707,0.3057681620121002,False,False,False,,False,False,student,seat_12
159,318.0,243.01178,198.31558,352.10095,350.44174,0.34842667,0.5716222,0.3038661479949951,False,False,True,-0.03563031554222107,False,False,student,seat_06
160,320.0,554.02545,122.24394,659.85254,289.64328,0.71070135,0.42904916,0.8456365466117859,False,False,True,-0.46030619740486145,False,False,student,seat_04
160,320.0,356.04715,277.44522,545.9619,467.18756,0.52810836,0.7756592,0.8246887922286987,False,True,False,0.1796504110097885,False,False,student,seat_11
160,320.0,0.0,298.07547,91.823006,476.5491,0.053760543,0.8069006,0.7488867044448853,False,False,False,,False,False,student,seat_09
160,320.0,338.7452,236.34177,435.7349,354.48303,0.4534427,0.6154425,0.6564746499061584,False,False,False,,False,False,student,seat_07
160,320.0,492.98032,236.11308,606.43494,351.20862,0.64368576,0.61179346,0.6242123246192932,False,False,True,-0.702623724937439,False,False,student,seat_08
160,320.0,538.92633,322.7703,757.0101,478.11697,0.75874496,0.83425754,0.6224886775016785,False,False,False,,False,False,student,seat_12
160,320.0,0.0,183.24506,36.866127,272.3127,0.021584384,0.47453934,0.5491358637809753,False,False,True,0.17988169193267822,False,False,student,seat_05
160,320.0,46.93756,216.57666,150.67282,347.02313,0.115696944,0.5870831,0.5125510692596436,False,False,False,,False,False,student,seat_05
160,320.0,306.15546,215.65334,382.38287,311.9006,0.4031255,0.5495354,0.3711481988430023,False,False,True,-0.439072847366333,False,False,student,seat_07
160,320.0,245.76596,185.94708,303.81497,259.9342,0.3217687,0.4644597,0.335268497467041,False,False,True,0.08902161568403244,False,False,student,seat_06
160,320.0,0.0,184.59113,53.16058,269.11136,0.031124461,0.47260675,0.32929325103759766,False,False,True,-0.0012135879369452596,False,False,student,seat_05
160,320.0,450.89587,210.6779,518.5829,314.53705,0.5676105,0.54709893,0.2970520853996277,False,False,True,-0.30741453170776367,False,False,student,seat_07
161,322.0,616.99225,122.2578,735.91266,372.72134,0.7920989,0.51560324,0.8172032237052917,False,False,True,-0.1974884271621704,False,False,instructor,
161,322.0,374.4826,282.26462,564.87537,462.13208,0.5499754,0.7754133,0.7920879125595093,False,True,False,0.1444152295589447,False,False,student,seat_11
161,322.0,357.15,235.94183,453.78027,355.98346,0.47478354,0.61658883,0.7266836762428284,False,False,False,,False,False,student,seat_07
161,322.0,317.06644,216.40144,401.19724,313.30957,0.42052907,0.5517823,0.6627131104469299,False,False,True,-0.38176092505455017,False,False,student,seat_07
161,322.0,506.8945,234.03418,621.55237,351.91983,0.6606832,0.6103687,0.6501365303993225,False,False,False,,False,False,student,seat_08
161,322.0,0.09891348,183.18474,60.570152,270.5812,0.03552053,0.47267285,0.6403684616088867,True,False,True,-0.0010702696163207293,False,False,student,seat_05
161,322.0,564.74866,341.1518,780.91144,478.43497,0.78785723,0.8537362,0.5324419736862183,False,False,False,,False,False,other,
161,322.0,0.0,323.7553,96.084656,475.1852,0.056255654,0.83222973,0.42262136936187744,False,False,False,,False,False,student,seat_09
161,322.0,568.4,276.07,713.72235,436.30847,0.7506571,0.7420609,0.34406572580337524,False,False,False,,False,False,student,seat_12
161,322.0,263.03644,185.3968,314.14478,263.55466,0.33792812,0.46765777,0.32759782671928406,False,False,True,0.22793717682361603,False,False,student,seat_06
161,322.0,66.21913,213.98048,166.49751,339.7669,0.13625096,0.5768202,0.32692015171051025,False,False,False,,False,False,student,seat_05
161,322.0,457.95084,209.60585,533.69354,330.4729,0.58058804,0.562582,0.3064028024673462,False,False,True,-0.17301605641841888,False,False,student,seat_08
161,322.0,66.82082,211.88147,159.48813,292.21902,0.1324994,0.5251047,0.30257943272590637,False,False,False,,False,False,student,seat_05
161,322.0,0.0,330.10498,139.29257,478.64355,0.08155303,0.8424464,0.2867985665798187,False,False,False,,False,False,student,seat_09
161,322.0,262.6098,216.51668,403.0772,341.82593,0.3897465,0.58160686,0.2697826325893402,False,False,True,-0.25045499205589294,False,False,student,seat_07
162,324.0,617.39166,121.80661,747.2593,437.08057,0.79897594,0.5821742,0.8999692797660828,False,False,True,-0.15596677362918854,False,False,instructor,
162,324.0,371.9559,283.50632,537.13727,465.34644,0.53225595,0.780055,0.8173960447311401,False,True,False,0.13408660888671875,False,False,student,seat_11
162,324.0,359.08655,233.56775,457.30435,356.32782,0.4779806,0.61447453,0.716849148273468,False,False,False,,False,False,student,seat_07
162,324.0,316.75964,219.07639,403.00952,317.0786,0.42141053,0.5584948,0.6381477117538452,False,False,True,0.5188851356506348,False,False,student,seat_07
162,324.0,596.2947,272.90186,699.092,440.6706,0.75842315,0.7433046,0.5596649646759033,False,False,True,1.6889337301254272,False,False,student,seat_12
162,324.0,509.30295,235.65588,621.882,354.15643,0.6622863,0.6143878,0.5301724076271057,False,False,False,,False,False,student,seat_08
162,324.0,522.4228,343.24362,754.1398,480.0,0.74740195,0.8575455,0.48532405495643616,False,False,False,,False,False,student,seat_12
162,324.0,264.50934,205.09187,347.53625,338.49313,0.3583405,0.5662344,0.484962522983551,False,False,False,,False,False,student,seat_06
162,324.0,0.05887368,184.45221,58.87435,269.80444,0.03450423,0.47318402,0.44193580746650696,False,False,True,0.38109642267227173,False,False,student,seat_05
162,324.0,263.6831,186.81677,315.9139,265.25674,0.33934253,0.47090992,0.35344967246055603,False,False,True,0.18965202569961548,False,False,student,seat_06
162,324.0,461.5619,210.55353,539.8592,313.15198,0.5863121,0.54552656,0.3082534670829773,False,False,True,-0.09358032792806625,False,False,student,seat_08
162,324.0,530.1063,341.064,682.5002,478.24667,0.70995694,0.8534486,0.2927103042602539,False,False,False,,False,False,student,seat_12
163,326.0,372.7714,298.89017,555.0718,473.09027,0.5432337,0.80414635,0.8867188692092896,False,True,False,0.20877599716186523,False,False,student,seat_11
163,326.0,616.11523,121.30988,741.3786,421.40115,0.7947857,0.565324,0.8269955515861511,False,False,True,-0.6677172780036926,False,False,instructor,
163,326.0,599.96674,274.1861,708.931,431.5316,0.7663336,0.73512256,0.7824801206588745,False,False,False,,False,False,other,
163,326.0,376.4458,232.79987,493.45837,356.16742,0.50931156,0.61350757,0.7492165565490723,False,False,False,,False,False,student,seat_07
163,326.0,548.6304,235.84834,640.1534,344.72574,0.69600916,0.6047647,0.6921216249465942,False,False,False,,False,False,student,seat_08
163,326.0,339.8002,219.25453,422.26447,316.24384,0.4461737,0.5578108,0.6221116185188293,False,True,False,0.3095327317714691,False,False,student,seat_07
163,326.0,533.5603,355.97427,764.0339,479.6215,0.7597156,0.87041223,0.44986024498939514,False,False,False,,False,False,student,seat_12
163,326.0,280.96347,199.30638,376.1704,364.45367,0.38473883,0.58725005,0.44435203075408936,False,False,False,,False,False,student,seat_07
163,326.0,96.829926,221.85565,212.78262,370.44714,0.18127199,0.6169821,0.4041522443294525,False,False,False,,False,False,student,seat_05
163,326.0,0.0,189.82735,70.18458,272.48572,0.041091673,0.48157609,0.3280099034309387,False,False,True,0.4700271189212799,False,False,student,seat_05
163,326.0,98.38487,220.31245,197.79231,331.4604,0.17340584,0.57476336,0.2802298665046692,False,False,False,,False,False,student,seat_05
164,328.0,620.61053,122.021774,750.7968,421.42624,0.8029317,0.56609166,0.8412034511566162,False,False,True,-0.1970084309577942,False,False,instructor,
164,328.0,596.4606,272.31088,711.31525,430.15384,0.76567674,0.7317341,0.7822034358978271,False,False,True,0.980018675327301,False,False,other,
164,328.0,376.07916,232.93001,498.0448,357.79056,0.51178217,0.6153339,0.7593623399734497,False,False,False,,False,False,student,seat_07
164,328.0,379.51184,317.86465,553.9039,473.94418,0.54649633,0.82480085,0.6878491640090942,False,True,False,0.5710148215293884,False,False,student,seat_11
164,328.0,548.1581,235.03642,635.6841,352.7917,0.693116,0.61232096,0.6794968843460083,False,False,False,,False,False,student,seat_08
164,328.0,334.02032,226.15681,425.38324,312.94443,0.44461566,0.5615638,0.6374832987785339,False,True,False,0.29969432950019836,False,False,student,seat_07
164,328.0,0.0,342.3537,62.289738,479.6268,0.0364694,0.85622966,0.6264730095863342,False,False,False,,False,False,student,seat_09
164,328.0,280.89853,198.38835,380.8343,365.79733,0.38743138,0.5876934,0.5940362215042114,False,False,False,,False,False,student,seat_07
164,328.0,0.0,241.63419,48.786427,359.6482,0.02856348,0.6263358,0.5354190468788147,False,False,True,79.16204071044922,False,False,student,seat_05
164,328.0,500.84964,320.98242,761.7222,480.0,0.7392107,0.83435667,0.5203712582588196,False,False,False,,False,False,student,seat_12
164,328.0,482.11978,208.8369,549.3709,314.05023,0.6039173,0.5446741,0.45952150225639343,False,False,True,-0.4862942099571228,False,False,student,seat_08
164,328.0,87.337814,208.86386,182.42029,348.07242,0.157938,0.58014196,0.43930214643478394,False,False,False,,False,False,student,seat_05
164,328.0,25.606268,185.17291,80.10605,266.2416,0.061892457,0.47022346,0.39205655455589294,False,False,True,0.06664024293422699,False,False,student,seat_05
164,328.0,0.0,241.51985,72.13643,360.51236,0.042234443,0.6271169,0.2645377218723297,False,False,True,5.698742389678955,False,False,student,seat_05
165,330.0,625.13605,121.71122,728.6848,431.4444,0.79263514,0.57620376,0.8611410856246948,False,False,True,-0.591551661491394,False,False,instructor,
165,330.0,581.8542,276.2176,691.94617,429.03088,0.7457847,0.7346338,0.8126961588859558,False,False,False,,False,False,student,seat_12
165,330.0,359.97333,233.42636,482.92673,360.5427,0.4935012,0.6187178,0.80918288230896,False,False,False,,False,False,student,seat_07
165,330.0,324.3667,226.89838,410.52963,311.21667,0.43026718,0.5605365,0.745106041431427,False,True,False,0.1888153851032257,False,False,student,seat_07
165,330.0,364.8781,322.5556,560.50366,473.80527,0.54179263,0.8295425,0.6928564310073853,False,True,False,0.4325381815433502,False,False,student,seat_11
165,330.0,534.101,234.62534,622.8161,344.4734,0.67735195,0.60322785,0.6760411262512207,False,False,False,,False,False,student,seat_08
165,330.0,461.9287,211.58676,532.6034,313.81253,0.5822787,0.5472909,0.5023834705352783,False,False,True,-0.053026601672172546,False,False,student,seat_08
165,330.0,266.1885,196.3865,367.21628,362.28503,0.37084588,0.5819495,0.48838987946510315,False,False,False,,False,False,student,seat_06
165,330.0,0.0,344.29352,129.12576,476.86234,0.075600564,0.8553707,0.4168056845664978,False,False,False,,False,False,student,seat_09
165,330.0,68.07513,197.91243,166.86903,319.48407,0.13755512,0.5389547,0.34747591614723206,False,False,False,,False,False,student,seat_05
165,330.0,472.8583,335.13092,756.95044,480.0,0.7200285,0.8490947,0.2876681983470917,False,False,False,,False,False,student,seat_12
165,330.0,265.21515,186.9376,322.1537,264.40723,0.34389275,0.4701509,0.2846050262451172,False,False,True,0.19769719243049622,False,False,student,seat_06
165,330.0,8.425462,188.97267,59.947506,269.5803,0.040031012,0.47765934,0.2594931721687317,False,False,True,0.29632875323295593,False,False,student,seat_05
166,332.0,588.4353,124.262726,687.7903,301.18243,0.74720466,0.44317204,0.8287255167961121,False,False,True,-0.486952006816864,False,False,student,seat_08
166,332.0,346.33328,232.94543,468.44913,358.05374,0.4770389,0.6156241,0.7959614992141724,False,False,False,,False,False,student,seat_07
166,332.0,517.25635,235.03949,608.53766,344.32254,0.6591299,0.60350215,0.7047374248504639,False,False,False,,False,False,student,seat_08
166,332.0,307.08444,228.54921,396.67484,321.39236,0.41203704,0.57285583,0.6966871619224548,False,True,False,0.32262909412384033,False,False,student,seat_07
166,332.0,352.1675,321.9365,530.65466,474.4058,0.5168748,0.8295232,0.6766879558563232,False,True,False,0.5820629000663757,False,False,student,seat_11
166,332.0,54.164898,210.44016,154.60782,346.14133,0.12223227,0.57977235,0.6056901812553406,False,False,False,,False,False,student,seat_05
166,332.0,252.07695,196.28018,356.9291,366.4645,0.35656092,0.58619237,0.603854238986969,False,False,False,,False,False,student,seat_06
166,332.0,556.5988,276.47916,720.647,428.6879,0.747802,0.734549,0.514545738697052,False,False,True,0.8187344670295715,False,False,student,seat_12
166,332.0,454.5101,317.46942,723.6994,480.0,0.6898182,0.8306973,0.4905390441417694,False,True,False,-2.3675568103790283,False,False,student,seat_12
166,332.0,0.0,190.70357,59.726406,277.68472,0.034968622,0.4879045,0.4856971204280853,False,False,True,-0.571404755115509,False,False,student,seat_05
166,332.0,446.74704,210.75168,515.47565,308.3676,0.5633622,0.54074925,0.3421284556388855,False,False,True,-0.01743032969534397,False,False,student,seat_07
166,332.0,0.0,342.42706,35.198215,478.4343,0.020607855,0.85506386,0.319843053817749,False,False,False,,False,False,student,seat_09
166,332.0,304.18204,231.01653,395.7387,357.63297,0.40978968,0.6131765,0.28685879707336426,False,True,False,0.29760947823524475,False,False,student,seat_07
166,332.0,557.8816,274.50974,684.64606,410.9872,0.72747517,0.7140593,0.2790694832801819,False,True,False,0.7546595335006714,False,False,student,seat_08
167,334.0,629.27454,120.38352,762.9202,420.6456,0.81510234,0.563572,0.9057468771934509,False,False,True,-0.10569681227207184,False,False,instructor,
167,334.0,346.0264,233.50186,468.1033,356.7581,0.47665673,0.6148541,0.7896223068237305,False,False,False,,False,False,student,seat_07
167,334.0,350.9944,322.10553,537.3957,473.87637,0.5201347,0.8291479,0.7858307361602783,False,True,False,0.7293239235877991,False,False,student,seat_11
167,334.0,513.2963,235.29448,612.53845,346.699,0.6591538,0.6062432,0.7170760631561279,False,False,False,,False,False,student,seat_08
167,334.0,307.01532,226.56766,397.30405,328.8193,0.41236496,0.5785281,0.6787805557250977,False,True,False,0.33674946427345276,False,False,student,seat_07
167,334.0,558.34546,276.46307,761.4516,432.4248,0.7727149,0.7384249,0.6354506611824036,False,True,False,0.8005571961402893,False,False,other,
167,334.0,252.49423,196.28897,356.99615,366.41592,0.35684448,0.58615094,0.6326826214790344,False,False,False,,False,False,student,seat_06
167,334.0,54.827484,213.2494,152.59436,345.82156,0.121441364,0.58236563,0.5047917366027832,False,False,False,,False,False,student,seat_05
167,334.0,463.38568,322.49054,749.8615,480.0,0.7103321,0.83592767,0.4538198709487915,False,False,False,,False,False,student,seat_12
167,334.0,449.78235,213.05327,515.30975,315.60577,0.5650422,0.55068654,0.3747151792049408,False,False,True,-0.04250752925872803,False,False,student,seat_07
167,334.0,0.0,191.44672,47.071808,282.31146,0.027559606,0.49349812,0.3438749611377716,False,False,True,-0.5723639130592346,False,False,student,seat_05
167,334.0,557.98517,270.6858,688.3328,423.38037,0.72969437,0.72298557,0.2847890257835388,False,False,True,0.7417628765106201,False,False,student,seat_12
167,334.0,0.0,327.60583,128.6105,480.0,0.07529889,0.8412561,0.258232057094574,False,False,False,,False,False,student,seat_09
167,334.0,249.66048,187.61351,304.34082,269.52188,0.32435673,0.47618267,0.2504022717475891,False,False,True,0.2091706097126007,False,False,student,seat_06
168,336.0,630.24316,120.50642,763.3777,424.29663,0.8159373,0.56750315,0.9091617465019226,False,False,True,-0.15754733979701996,False,False,instructor,
168,336.0,352.4378,324.06442,541.6969,472.4546,0.52349806,0.8297073,0.8139393329620361,False,True,False,0.41930148005485535,False,False,student,seat_11
168,336.0,347.59082,231.46695,463.2024,360.0373,0.47470328,0.61615026,0.8040521144866943,False,False,False,,False,False,student,seat_07
168,336.0,508.77585,233.82956,613.48944,352.7835,0.65706396,0.61105525,0.6779308319091797,False,False,False,,False,False,student,seat_08
168,336.0,0.0,337.461,128.71669,480.0,0.07536106,0.85152185,0.6517241597175598,False,False,False,,False,False,student,seat_09
168,336.0,318.3007,216.98286,383.11447,317.90817,0.41066462,0.5571782,0.6507720351219177,False,False,True,0.4434795379638672,False,False,student,seat_07
168,336.0,555.8091,273.6484,685.92316,425.51166,0.7270095,0.7282917,0.5986993908882141,False,False,True,1.2077492475509644,False,False,student,seat_12
168,336.0,52.565308,211.41809,154.16113,345.131,0.12103421,0.5797386,0.5165275931358337,False,False,False,,False,False,student,seat_05
168,336.0,553.53973,279.1965,745.325,431.0083,0.7604595,0.7397967,0.5052538514137268,False,False,True,1.2165932655334473,False,False,other,
168,336.0,0.0,184.69879,60.10192,273.56696,0.035188477,0.47736016,0.495391845703125,False,False,True,-0.14787082374095917,False,False,student,seat_05
168,336.0,447.9212,213.15134,516.0797,311.8206,0.56440336,0.54684573,0.4880242645740509,False,False,True,-0.01966285891830921,False,False,student,seat_07
168,336.0,252.21712,195.63759,348.6353,365.44882,0.35178712,0.584465,0.40822744369506836,False,False,False,,False,False,student,seat_06
168,336.0,250.74382,186.7317,306.24045,264.72113,0.32610318,0.47026336,0.3085898458957672,False,False,True,0.18789181113243103,False,False,student,seat_06
169,338.0,622.6137,120.04337,733.4738,423.4876,0.79396224,0.56617814,0.8684637546539307,False,False,True,-0.48477903008461,False,False,instructor,
169,338.0,346.20224,237.27148,461.71185,360.92856,0.4730176,0.6231251,0.8176603317260742,False,False,False,,False,False,student,seat_07
169,338.0,506.49493,236.61725,614.4446,353.89417,0.6562877,0.61511606,0.6924673914909363,False,False,False,,False,False,student,seat_08
169,338.0,40.38097,198.2589,162.25867,346.11798,0.11864147,0.5670593,0.6856804490089417,False,False,False,,False,False,student,seat_05
169,338.0,318.48276,217.1978,384.76718,313.80252,0.41173884,0.5531253,0.664176344871521,True,False,True,0.3407682180404663,False,False,student,seat_07
169,338.0,554.9741,274.93628,685.99786,427.5396,0.72656435,0.7317457,0.6198745965957642,False,False,True,1.2420411109924316,False,False,student,seat_12
169,338.0,351.43777,328.18973,490.37387,474.3968,0.49286395,0.8360277,0.5661540031433105,False,False,False,,False,False,student,seat_11
169,338.0,446.6851,213.50558,516.4273,312.3091,0.5638831,0.54772365,0.5344328880310059,False,False,True,-0.027239080518484116,False,False,student,seat_07
169,338.0,253.86461,197.4919,351.32178,366.4919,0.35432458,0.58748317,0.4772704243659973,False,False,False,,False,False,student,seat_06
169,338.0,0.0,350.22226,31.784883,478.76083,0.018609416,0.8635241,0.4610227048397064,False,False,False,,False,False,student,seat_09
169,338.0,552.60455,281.4883,728.0668,432.89572,0.7498076,0.74415004,0.44810375571250916,False,True,False,1.0862596035003662,False,False,student,seat_12
169,338.0,0.0,185.45073,59.854668,269.65237,0.035043716,0.47406572,0.44115063548088074,False,False,True,-0.11130090802907944,False,False,student,seat_05
169,338.0,458.0051,328.70526,728.7761,480.0,0.6948368,0.8424013,0.3477606177330017,False,False,False,,False,False,student,seat_12
169,338.0,250.78122,186.94862,305.58826,266.3164,0.32574326,0.47215107,0.2952212989330292,False,False,True,0.19747088849544525,False,False,student,seat_06
169,338.0,0.0,185.23993,50.26648,290.9169,0.029430022,0.49599668,0.2594246566295624,False,False,True,-0.03574628382921219,False,False,student,seat_05
170,340.0,348.54855,328.94174,541.3185,471.51794,0.52099943,0.8338122,0.851210355758667,False,True,False,0.5134559869766235,False,False,student,seat_11
170,340.0,345.57016,237.96576,461.71454,361.71643,0.4726491,0.62466896,0.8010544776916504,False,False,False,,False,False,student,seat_07
170,340.0,599.3335,121.59212,700.1661,403.8286,0.7608311,0.5473133,0.7209225296974182,False,False,True,-0.3772481381893158,False,False,instructor,
170,340.0,41.477203,199.35118,165.3048,348.09662,0.12106674,0.57025814,0.6759130358695984,False,False,False,,False,False,student,seat_05
170,340.0,512.98517,236.1279,610.7379,349.30478,0.65791756,0.60982573,0.6738989353179932,False,False,False,,False,False,student,seat_08
170,340.0,318.84885,217.85545,384.6608,313.47565,0.4118909,0.5534699,0.6629488468170166,False,False,True,0.39602693915367126,False,False,student,seat_07
170,340.0,446.8166,210.24152,517.14,312.41995,0.5643774,0.5444391,0.5436490178108215,False,False,True,-0.04972775653004646,False,False,student,seat_07
170,340.0,0.47754565,189.46472,60.321037,275.75192,0.03559636,0.48460066,0.49927660822868347,False,False,True,-0.11919751018285751,False,False,student,seat_05
170,340.0,546.86615,280.66507,677.0421,447.70718,0.7165739,0.7587211,0.47769713401794434,False,False,False,,False,False,student,seat_12
170,340.0,645.11725,335.75854,853.7137,478.76144,0.8775357,0.84845835,0.43126964569091797,False,False,False,,False,False,other,
170,340.0,0.0,356.49774,30.364504,479.63806,0.017777812,0.8709748,0.35718467831611633,False,False,False,,False,False,student,seat_09
170,340.0,598.95087,123.257965,699.7331,318.83682,0.7603536,0.4605154,0.3292469084262848,False,False,True,-0.3274211883544922,False,False,other,
170,340.0,0.0,305.9692,94.64491,473.20035,0.055412713,0.81163496,0.32486802339553833,False,False,False,,False,False,student,seat_09
170,340.0,254.86229,205.00603,354.27274,366.1548,0.35663643,0.5949592,0.26852190494537354,False,False,False,,False,False,student,seat_06
171,342.0,613.30414,118.80556,726.31903,327.1373,0.7843227,0.46452382,0.8672758936882019,False,False,True,-0.22018222510814667,False,False,instructor,
171,342.0,350.23077,328.88828,547.7338,471.05655,0.5257404,0.83327585,0.8335210084915161,False,True,False,0.365467369556427,False,False,student,seat_11
171,342.0,345.66205,237.81,461.46127,359.20938,0.47255462,0.6218952,0.8046572208404541,False,False,False,,False,False,student,seat_07
171,342.0,552.1402,276.22867,680.34155,446.0612,0.7215935,0.75238526,0.7767078876495361,False,False,True,1.7751855850219727,False,False,student,seat_12
171,342.0,511.84494,237.66792,612.2454,345.5149,0.6581325,0.6074821,0.7207850813865662,False,False,False,,False,False,student,seat_08
171,342.0,319.78488,217.40709,383.3489,315.0535,0.41167083,0.55464643,0.6416492462158203,False,False,True,0.3716275990009308,False,False,student,seat_07
171,342.0,38.90904,199.56046,167.94188,343.11972,0.121107094,0.5652918,0.6046484708786011,False,False,False,,False,False,student,seat_05
171,342.0,572.6899,324.93503,853.64655,478.3453,0.8350916,0.8367503,0.5430665612220764,False,False,False,,False,False,other,
171,342.0,447.20465,210.46092,516.2897,312.92218,0.56410676,0.54519075,0.5392136573791504,False,False,True,-0.08688391745090485,False,False,student,seat_07
171,342.0,0.0,191.54231,59.67416,273.47476,0.034938034,0.4843928,0.491902619600296,False,False,True,-0.11718931049108505,False,False,student,seat_05
171,342.0,0.0,348.48706,31.913155,478.19687,0.018684518,0.8611291,0.4003162682056427,False,False,False,,False,False,student,seat_09
171,342.0,631.548,327.1295,783.88806,477.29474,0.8287096,0.8379419,0.2658423185348511,False,False,False,,False,False,other,
172,344.0,612.42413,117.81626,723.0673,332.5163,0.7819037,0.4690964,0.8456925749778748,False,False,True,-0.4378475546836853,False,False,instructor,
172,344.0,352.0371,329.89612,550.0672,472.5393,0.5281641,0.8358702,0.8282738327980042,False,True,False,0.2391233742237091,False,False,student,seat_11
172,344.0,345.66714,237.39015,461.46524,359.52393,0.47255996,0.62178546,0.8023437857627869,False,False,False,,False,False,student,seat_07
172,344.0,552.3086,272.9621,679.9427,447.8799,0.72145855,0.75087714,0.7729467749595642,False,False,False,,False,False,student,seat_12
172,344.0,0.035122633,282.26254,96.56796,468.07135,0.056559186,0.7815978,0.7726057171821594,False,False,True,-0.447227418422699,False,False,student,seat_09
172,344.0,511.8502,238.42572,611.1987,346.85696,0.6575228,0.6096695,0.7399508953094482,False,False,False,,False,False,student,seat_08
172,344.0,319.12164,218.55322,385.28323,314.00006,0.41241506,0.554743,0.6664400696754456,False,False,True,0.35865771770477295,False,False,student,seat_07
172,344.0,37.62358,198.50734,166.42885,335.29642,0.11946864,0.5560456,0.5660311579704285,False,False,False,,False,False,student,seat_05
172,344.0,0.0,190.3493,60.67945,274.7396,0.03552661,0.4844676,0.5531042218208313,False,False,True,-0.2545835077762604,False,False,student,seat_05
172,344.0,447.16858,210.31538,516.87195,312.55154,0.56442654,0.54465306,0.5472007393836975,False,False,True,-0.08177325874567032,False,False,student,seat_07
172,344.0,564.0078,328.55243,821.6012,479.54156,0.8112465,0.84176457,0.4376892149448395,False,False,False,,False,False,other,
172,344.0,615.25433,331.12198,784.14044,477.2122,0.81931776,0.84201473,0.28775444626808167,False,False,False,,False,False,other,
173,346.0,346.19067,307.79053,535.7311,470.77853,0.51634765,0.81100947,0.8718944191932678,False,True,False,0.1271296888589859,False,False,student,seat_11
173,346.0,614.2198,122.25524,730.5357,338.01392,0.7873276,0.47944704,0.8663905262947083,False,False,True,-0.3305104076862335,False,False,instructor,
173,346.0,342.6473,237.57071,455.18356,360.8826,0.4671141,0.6233889,0.7959243655204773,False,False,False,,False,False,student,seat_07
173,346.0,549.13947,272.5915,677.1572,445.4722,0.7179723,0.74798304,0.6973930597305298,False,False,False,,False,False,student,seat_12
173,346.0,511.3724,237.58554,608.2681,343.56094,0.65552723,0.6053609,0.6768728494644165,False,False,False,,False,False,student,seat_08
173,346.0,317.30316,219.2211,386.34433,315.9484,0.41197157,0.55746824,0.6397033333778381,True,False,True,0.3395863175392151,False,False,student,seat_07
173,346.0,27.095783,199.25545,163.56023,348.9993,0.1116253,0.5710987,0.6308462023735046,False,False,False,,False,False,student,seat_05
173,346.0,615.1301,334.5785,784.96466,478.2007,0.8197276,0.846645,0.5601531267166138,False,False,False,,False,False,other,
173,346.0,0.0,180.01595,55.87537,271.00046,0.032713916,0.46980876,0.4772624969482422,False,False,True,-0.19370698928833008,False,False,student,seat_05
173,346.0,447.82513,211.49797,515.81384,311.2465,0.56419146,0.54452544,0.4660254418849945,False,False,True,-0.0773354321718216,False,False,student,seat_07
173,346.0,253.16782,204.73038,345.1206,363.9768,0.35028598,0.5924033,0.34302282333374023,False,False,False,,False,False,student,seat_06
173,346.0,0.17404537,235.36424,74.39601,472.56595,0.04365928,0.7374273,0.30911678075790405,False,False,True,2.014901638031006,False,False,student,seat_09
174,348.0,341.49234,267.95227,542.7216,470.29047,0.5176897,0.76900285,0.8981559872627258,False,False,True,0.2191479206085205,False,False,student,seat_11
174,348.0,574.6808,119.95151,681.4077,295.85156,0.7354148,0.4331282,0.84218430519104,False,False,True,-0.546333372592926,False,False,student,seat_04
174,348.0,326.989,238.31235,423.84668,363.77197,0.43959936,0.6271712,0.7578616738319397,False,False,False,,False,False,student,seat_07
174,348.0,542.90796,276.9243,678.30725,462.74155,0.7149972,0.7704852,0.6880379915237427,False,False,False,,False,False,student,seat_12
174,348.0,1.793433,195.4076,141.02252,338.19345,0.08361589,0.5558345,0.6292217373847961,False,False,False,,False,False,student,seat_05
174,348.0,296.68878,215.11618,371.97873,319.85574,0.3914915,0.5572624,0.5993072390556335,False,False,True,0.38197624683380127,False,False,student,seat_07
174,348.0,231.99776,199.09178,338.64868,369.95294,0.33410212,0.59275496,0.5616811513900757,False,False,False,,False,False,student,seat_06
174,348.0,0.0,287.43408,67.697556,477.9466,0.039635573,0.79727155,0.5346236824989319,False,False,False,,False,False,student,seat_09
174,348.0,598.05347,329.7,768.49756,477.513,0.8000884,0.8408469,0.5099623203277588,False,False,False,,False,False,instructor,
174,348.0,586.5542,330.80585,853.8306,478.82132,0.8433166,0.8433617,0.40508833527565,False,False,False,,False,False,other,
174,348.0,439.26486,209.91252,506.94565,312.115,0.55398744,0.54377866,0.3956144154071808,False,False,True,-0.08224231004714966,False,False,student,seat_07
174,348.0,229.0241,184.25912,287.8543,262.83026,0.30262202,0.46571812,0.3394479751586914,False,False,True,0.20266833901405334,False,False,student,seat_06
174,348.0,506.40527,241.99483,599.6732,351.80255,0.64758694,0.6185389,0.3120778501033783,False,False,False,,False,False,student,seat_08
174,348.0,0.0,189.29906,28.899305,276.8072,0.016919969,0.48552737,0.28517255187034607,False,False,False,,False,False,student,seat_05
175,350.0,322.29355,276.1975,559.3451,476.62164,0.5161819,0.7841866,0.8987342715263367,False,True,False,0.30039098858833313,False,False,student,seat_11
175,350.0,631.6399,93.35912,764.2716,385.6806,0.8172784,0.4989997,0.8616701364517212,False,False,True,-0.5880869030952454,False,False,instructor,
175,350.0,310.36765,240.0139,421.45563,386.58984,0.42846793,0.6527122,0.8353276252746582,False,False,False,,False,False,student,seat_07
175,350.0,252.04156,213.86996,353.47916,333.39658,0.35452035,0.5700693,0.8086455464363098,False,True,False,0.4061245620250702,False,False,student,seat_06
175,350.0,609.24524,347.26474,764.82837,476.19897,0.8044928,0.85777473,0.6873586773872375,False,False,False,,False,False,other,
175,350.0,507.46646,242.72337,631.3368,378.9494,0.6667466,0.6475758,0.6857014298439026,False,False,False,,False,False,student,seat_08
175,350.0,196.79802,189.13211,306.856,397.54663,0.29487938,0.6111237,0.595818281173706,False,False,False,,False,False,student,seat_06
175,350.0,565.62427,286.00717,714.2781,476.52545,0.74935734,0.7943048,0.5851894617080688,False,False,False,,False,False,student,seat_12
175,350.0,427.27,209.9019,513.3743,327.1971,0.5507285,0.5594781,0.47642621397972107,False,False,True,0.1871398240327835,False,False,student,seat_07
175,350.0,194.84665,176.00072,264.01718,275.2705,0.26865563,0.4700742,0.4581824541091919,False,False,True,0.17199274897575378,False,False,student,seat_06
175,350.0,0.0,186.38248,84.64631,378.93903,0.04955873,0.5888766,0.4248545467853546,False,False,False,,False,False,student,seat_05
175,350.0,423.10873,209.73389,512.0794,295.45975,0.54753405,0.5262434,0.31011760234832764,False,False,True,0.2219875305891037,False,False,student,seat_07
175,350.0,193.35168,176.05255,265.40536,320.2703,0.26859313,0.51700294,0.2785172462463379,False,False,True,0.12621937692165375,False,False,student,seat_06
175,350.0,203.87657,194.17038,308.65067,301.09882,0.3000745,0.51590544,0.25787559151649475,False,False,False,,False,False,student,seat_06
176,352.0,313.78723,280.70795,554.7912,477.22723,0.5085354,0.7895158,0.9001230001449585,False,True,False,0.23347783088684082,False,False,student,seat_11
176,352.0,611.86633,92.0608,768.72723,379.9121,0.80831003,0.49163845,0.8490923047065735,False,False,True,-0.41408219933509827,False,False,instructor,
176,352.0,300.20645,236.65211,423.16458,387.1663,0.42351934,0.64981085,0.8250577449798584,False,False,False,,False,False,student,seat_07
176,352.0,550.78815,283.44186,710.475,474.1181,0.7384445,0.7891249,0.6655724048614502,False,False,False,,False,False,student,seat_12
176,352.0,247.80466,222.05582,344.53088,322.03476,0.34680068,0.566761,0.647000789642334,False,True,False,0.0029110487084835768,False,False,student,seat_06
176,352.0,511.69553,240.96053,623.02966,378.65237,0.66435903,0.64543015,0.6126406788825989,False,False,False,,False,False,student,seat_08
176,352.0,601.4689,347.79364,770.6324,476.66672,0.803338,0.85881287,0.6053807735443115,False,False,False,,False,False,other,
176,352.0,0.0,183.73181,77.371605,358.2695,0.045299534,0.56458473,0.5395678877830505,False,False,False,,False,False,student,seat_05
176,352.0,185.41115,176.3167,250.67604,272.11813,0.25532037,0.4671196,0.5355435609817505,False,False,True,0.3189234435558319,False,False,student,seat_06
176,352.0,420.8748,210.1755,508.1089,311.29996,0.54390144,0.5432036,0.4605613946914673,False,False,True,0.10472755879163742,False,False,student,seat_07
176,352.0,310.53806,171.9244,375.01288,254.15782,0.4013764,0.44383565,0.4374624192714691,False,False,True,0.005087313707917929,False,False,student,seat_07
176,352.0,187.23878,195.94276,309.16318,401.52496,0.29063347,0.6223622,0.39334815740585327,False,False,True,0.5582615733146667,False,False,student,seat_06
177,354.0,630.9003,89.64384,801.47845,408.50034,0.83862925,0.51890016,0.9114524126052856,False,False,True,-0.12366223335266113,False,False,instructor,
177,354.0,313.4334,278.19226,555.5301,477.42316,0.5087608,0.7870994,0.9022656083106995,False,False,True,0.35750994086265564,False,False,student,seat_11
177,354.0,299.89178,237.33485,409.9747,392.68033,0.41561267,0.65626585,0.8054458498954773,False,False,False,,False,False,student,seat_07
177,354.0,240.27461,220.84285,347.5329,335.12674,0.3441496,0.579135,0.7428544163703918,False,True,False,0.03699474036693573,False,False,student,seat_06
177,354.0,508.13004,242.66722,623.0677,381.5123,0.6622938,0.65018696,0.7338610887527466,False,False,False,,False,False,student,seat_08
177,354.0,551.90906,281.15784,711.9075,474.24847,0.7399394,0.78688157,0.7073811888694763,False,False,False,,False,False,student,seat_12
177,354.0,0.0,185.29485,77.71374,359.99454,0.045499846,0.56800973,0.5925137996673584,False,False,False,,False,False,student,seat_05
177,354.0,600.68286,349.58987,775.1443,477.17484,0.8055194,0.86121327,0.5860831141471863,False,False,False,,False,False,other,
177,354.0,185.39868,175.85452,256.707,272.36063,0.25884408,0.46689078,0.541735827922821,False,False,True,0.13425812125205994,False,False,student,seat_06
177,354.0,311.38818,171.27159,373.9481,252.76382,0.40125075,0.44170353,0.4249834418296814,False,False,True,0.03114653192460537,False,False,student,seat_07
177,354.0,187.21619,195.19739,312.0297,399.79517,0.29229853,0.61978394,0.37616536021232605,False,False,False,,False,False,student,seat_06
177,354.0,373.87283,192.43161,443.39944,286.52347,0.47849664,0.49891153,0.2921477258205414,False,False,False,,False,False,student,seat_07
178,356.0,312.8154,282.06036,555.39526,477.86865,0.5083201,0.7915927,0.8884943127632141,False,False,True,0.3612572252750397,False,False,student,seat_11
178,356.0,301.76395,236.59438,406.76718,390.93475,0.41483086,0.65367615,0.8633427619934082,False,False,False,,False,False,student,seat_07
178,356.0,487.39926,227.46252,632.1554,368.3377,0.655477,0.62062526,0.8209993243217468,False,False,False,,False,False,student,seat_08
178,356.0,600.6985,92.86025,743.12146,372.87543,0.7867798,0.48514134,0.8043375611305237,False,False,True,-0.6945732831954956,False,False,instructor,
178,356.0,246.04742,222.7321,348.74585,332.1033,0.34823963,0.5779535,0.7697041630744934,False,True,False,0.3132458031177521,False,False,student,seat_06
178,356.0,553.84064,284.46204,704.95636,477.05496,0.7370006,0.79324687,0.7115204930305481,False,False,False,,False,False,student,seat_12
178,356.0,0.0,183.3689,78.38066,366.25565,0.045890316,0.57252556,0.5954045653343201,False,False,False,,False,False,student,seat_05
178,356.0,596.6835,348.22034,818.2704,480.0,0.8284273,0.8627295,0.5649935007095337,False,False,False,,False,False,other,
178,356.0,185.26532,175.43524,260.36218,273.13785,0.26090604,0.46726364,0.5272901058197021,False,False,True,0.1354963332414627,False,False,student,seat_06
178,356.0,187.14557,192.31342,303.96033,399.38422,0.28753272,0.6163517,0.4217311143875122,False,False,False,,False,False,student,seat_06
178,356.0,195.43053,195.24922,305.5469,314.08557,0.2933123,0.53055704,0.35871076583862305,False,False,False,,False,False,student,seat_06
179,358.0,313.60333,280.96582,555.8313,477.29944,0.50903666,0.78985965,0.9066691398620605,False,False,True,0.3615458011627197,False,False,student,seat_11
179,358.0,583.9687,99.39028,715.1236,306.2458,0.7605927,0.4225376,0.8523228168487549,False,False,True,-0.7623934745788574,False,False,instructor,
179,358.0,301.42868,236.89424,406.82385,390.43347,0.4146678,0.65346634,0.8296313285827637,False,False,False,,False,False,student,seat_07
179,358.0,521.00775,229.36302,626.45966,376.19818,0.6718193,0.6307929,0.7654991149902344,False,False,False,,False,False,student,seat_08
179,358.0,0.0,185.73805,79.34552,368.94635,0.046455223,0.5777962,0.6654130220413208,False,False,False,,False,False,student,seat_05
179,358.0,550.95776,281.65723,709.0881,473.69174,0.7377318,0.7868219,0.6438552141189575,False,False,False,,False,False,student,seat_12
179,358.0,252.64194,233.4822,357.61295,328.35306,0.3572921,0.5852451,0.63944411277771,False,False,False,,False,False,student,seat_06
179,358.0,187.59953,192.34184,311.65292,397.4276,0.29230237,0.6143432,0.620315670967102,False,False,False,,False,False,student,seat_06
179,358.0,592.5152,348.75174,766.7453,476.482,0.79581994,0.8596185,0.545066237449646,False,False,False,,False,False,other,
179,358.0,185.02322,176.82774,253.88957,273.4331,0.2569747,0.46902174,0.531650960445404,False,False,True,0.25944772362709045,False,False,student,seat_06
179,358.0,308.18848,171.6914,374.26495,240.85396,0.3995629,0.42973474,0.5200931429862976,False,False,True,0.005122135393321514,False,False,student,seat_03
179,358.0,451.3258,218.96819,534.203,324.8991,0.5770075,0.56652844,0.4294603168964386,False,False,True,-0.10082292556762695,False,False,student,seat_08
179,358.0,373.65625,191.52692,446.2949,287.254,0.48006508,0.49873012,0.3966935873031616,False,False,False,,False,False,student,seat_07
180,360.0,314.66666,282.4619,554.5186,477.81927,0.5088907,0.7919596,0.9071729183197021,False,False,True,0.3768267035484314,False,False,student,seat_11
180,360.0,596.22626,90.92467,775.487,396.61407,0.8031108,0.50785285,0.8898641467094421,False,False,True,-0.1830291897058487,False,False,instructor,
180,360.0,301.526,237.9592,406.29456,390.01898,0.41441485,0.6541439,0.8344792127609253,False,False,False,,False,False,student,seat_07
180,360.0,518.6216,227.37997,628.84845,378.15863,0.6718208,0.6307694,0.8197358846664429,False,False,False,,False,False,student,seat_08
180,360.0,253.9162,232.73393,357.76346,334.03006,0.35812628,0.5903791,0.6538856625556946,False,False,False,,False,False,student,seat_06
180,360.0,550.4852,279.88608,714.4919,475.0042,0.7406189,0.786344,0.5870851874351501,False,False,False,,False,False,student,seat_12
180,360.0,0.0,179.64407,81.93391,374.18704,0.04797067,0.5769074,0.5840085744857788,False,False,False,,False,False,student,seat_05
180,360.0,373.59927,193.6914,447.33334,286.09222,0.4806397,0.4997746,0.582218587398529,False,False,True,-0.2395963817834854,False,False,student,seat_07
180,360.0,307.22144,171.73367,373.65015,240.84549,0.39863676,0.42976996,0.5656367540359497,False,False,True,-0.0017050858587026596,False,False,student,seat_03
180,360.0,596.2467,346.56482,808.5576,478.80493,0.82248497,0.85976017,0.5166195034980774,False,False,False,,False,False,other,
180,360.0,188.74818,190.52594,314.08713,395.5342,0.29440007,0.61047935,0.49813753366470337,False,False,False,,False,False,student,seat_06
180,360.0,185.74432,176.88248,251.32661,274.1404,0.25589633,0.46981552,0.4978937804698944,False,False,True,0.2391345500946045,False,False,student,seat_06
180,360.0,449.50693,222.17198,532.13,323.58316,0.5747289,0.5684949,0.3534535765647888,False,False,True,-0.15431450307369232,False,False,student,seat_08
180,360.0,191.63565,194.00818,318.11826,319.13794,0.29845077,0.5345272,0.29124271869659424,False,False,False,,False,False,student,seat_06
181,362.0,315.0937,281.44128,554.0913,477.9072,0.5088905,0.790988,0.9050840139389038,False,False,True,0.38809409737586975,False,False,student,seat_11
181,362.0,600.4679,96.06417,780.6125,423.28317,0.80859506,0.54098684,0.8813325762748718,False,False,True,-0.2602573037147522,False,False,instructor,
181,362.0,301.1077,239.88673,407.60074,390.59186,0.4149347,0.65674853,0.8344840407371521,False,False,False,,False,False,student,seat_07
181,362.0,520.74994,228.25595,626.7138,376.97305,0.6718172,0.63044685,0.8080824017524719,False,False,False,,False,False,student,seat_08
181,362.0,252.32593,226.5962,356.05453,331.8892,0.35619467,0.58175564,0.7631664872169495,False,True,False,0.31483352184295654,False,False,student,seat_06
181,362.0,0.0,190.79169,80.76616,371.66718,0.04728698,0.58589464,0.7057508230209351,False,False,False,,False,False,student,seat_05
181,362.0,186.92004,178.27461,246.7068,271.6015,0.25387987,0.46862093,0.6240537166595459,False,False,True,0.33158770203590393,False,False,student,seat_06
181,362.0,192.37723,182.89453,308.93878,396.52353,0.29351056,0.6035605,0.6187912225723267,False,False,False,,False,False,student,seat_06
181,362.0,552.0363,285.32214,709.0482,476.35294,0.73833984,0.7934115,0.5772089958190918,False,False,False,,False,False,student,seat_12
181,362.0,586.8401,351.51013,810.57764,476.67734,0.81816024,0.86269534,0.5643158555030823,False,False,False,,False,False,other,
181,362.0,308.46475,170.22656,377.08914,239.03362,0.40137815,0.4263127,0.5631284713745117,False,False,True,0.010875807143747807,False,False,student,seat_03
181,362.0,372.54327,193.9332,447.48907,285.31448,0.4801126,0.49921635,0.4982943534851074,False,False,True,-0.3296124339103699,False,False,student,seat_07
181,362.0,195.37126,182.88248,311.87863,322.9202,0.2969847,0.52687776,0.434019535779953,False,False,False,,False,False,student,seat_06
181,362.0,448.8174,222.65903,514.59467,321.59262,0.5640586,0.5669288,0.2855393588542938,False,False,True,-0.09535253793001175,False,False,student,seat_07
182,364.0,313.92422,281.16193,549.47815,477.58838,0.5055049,0.7903649,0.8856192827224731,False,False,True,0.381046861410141,False,False,student,seat_11
182,364.0,300.2676,233.5019,408.2347,388.5561,0.414814,0.64797705,0.8560340404510498,False,False,False,,False,False,student,seat_07
182,364.0,577.0982,96.59148,720.48444,310.08505,0.7597088,0.42362136,0.8038465976715088,False,False,True,-0.583429753780365,False,False,student,seat_04
182,364.0,510.579,228.17647,627.3294,380.84366,0.66622275,0.63439596,0.7877143621444702,False,False,False,,False,False,student,seat_08
182,364.0,241.14748,223.38638,351.25485,327.33252,0.3468398,0.5736655,0.7856908440589905,False,True,False,-0.013998807407915592,False,False,student,seat_06
182,364.0,545.36383,354.8874,707.91345,477.2249,0.73376894,0.8667837,0.6742477416992188,False,False,False,,False,False,student,seat_12
182,364.0,0.0,197.76942,80.994385,371.3276,0.0474206,0.59280944,0.6628095507621765,False,False,False,,False,False,student,seat_05
182,364.0,204.27821,181.89943,290.11633,308.47467,0.28945816,0.5108063,0.5490953922271729,False,False,False,,False,False,student,seat_06
182,364.0,311.14127,169.78351,373.4977,257.53284,0.4008425,0.4451212,0.5267928242683411,False,False,True,0.03222021088004112,False,False,student,seat_07
182,364.0,186.67102,178.53949,242.2242,271.70752,0.2511096,0.4690073,0.48297610878944397,False,False,True,0.4595508575439453,False,False,student,seat_06
182,364.0,446.8297,217.39648,522.7482,320.1581,0.56766856,0.5599527,0.4432060420513153,False,False,True,-0.05102081224322319,False,False,student,seat_07
182,364.0,373.1158,193.63063,450.73175,285.56293,0.48234633,0.49915993,0.4418317675590515,False,False,True,0.17779728770256042,False,False,student,seat_07
183,366.0,315.38574,283.0177,549.742,477.4486,0.5065151,0.7921524,0.8967747688293457,False,False,True,0.39914312958717346,False,False,student,seat_11
183,366.0,615.8965,92.38014,757.1487,468.00418,0.8038906,0.5837337,0.8698870539665222,False,False,True,-0.6156839728355408,False,False,instructor,
183,366.0,291.89917,229.95862,415.05652,411.54337,0.41390848,0.6682312,0.84773850440979,False,False,False,,False,False,student,seat_07
183,366.0,248.7705,231.20967,356.01392,332.93826,0.35408923,0.5876541,0.7734866142272949,False,True,False,0.3288273811340332,False,False,student,seat_06
183,366.0,0.0,199.60248,81.097466,374.67795,0.047480952,0.5982087,0.6390532851219177,False,False,False,,False,False,student,seat_05
183,366.0,512.3535,237.31702,621.8825,385.0778,0.66407263,0.6483279,0.6247897744178772,False,False,False,,False,False,student,seat_08
183,366.0,447.1318,208.07312,519.6944,328.74838,0.5660575,0.5591891,0.5441021919250488,False,False,True,0.10966592282056808,False,False,student,seat_07
183,366.0,216.1481,174.28062,313.01254,314.58188,0.30981302,0.50923175,0.5010933876037598,False,False,False,,False,False,student,seat_06
183,366.0,186.07744,178.98799,242.6171,272.19775,0.25099212,0.46998513,0.49359607696533203,False,False,True,0.40163660049438477,False,False,student,seat_06
183,366.0,308.87332,169.92754,373.175,241.94368,0.39932573,0.4290325,0.4848974645137787,False,False,True,0.055174291133880615,False,False,student,seat_03
183,366.0,373.79385,192.10909,448.3422,286.9963,0.48134428,0.49906814,0.42823657393455505,False,False,True,-0.11360155791044235,False,False,student,seat_07
183,366.0,541.5769,357.95114,725.8324,477.78134,0.7420429,0.8705547,0.4044456481933594,False,False,False,,False,False,student,seat_12
183,366.0,538.29785,365.54333,807.59283,479.3229,0.7879922,0.88006896,0.3838828504085541,False,False,False,,False,False,other,
183,366.0,587.64594,284.1635,708.2062,450.565,0.7586956,0.7653422,0.3488043248653412,False,False,True,2.0014946460723877,False,False,student,seat_12
184,368.0,665.9844,91.07122,809.18207,462.31058,0.8636806,0.5764393,0.8987770676612854,False,False,True,-0.3790561556816101,False,False,instructor,
184,368.0,315.94025,283.24084,553.6123,477.83133,0.5091057,0.7927835,0.8949211835861206,False,False,True,0.38847118616104126,False,False,student,seat_11
184,368.0,292.21448,228.1076,412.3128,412.2659,0.4124867,0.6670558,0.8447912335395813,False,False,False,,False,False,student,seat_07
184,368.0,249.87617,232.35172,358.89413,331.64032,0.3564229,0.58749175,0.6985930800437927,False,True,False,0.2909735143184662,False,False,student,seat_06
184,368.0,543.3598,357.2942,806.1768,478.08917,0.7901268,0.870191,0.6425604224205017,False,False,False,,False,False,other,
184,368.0,512.7635,236.48079,625.25433,383.14755,0.66628677,0.6454462,0.6303676962852478,False,False,False,,False,False,student,seat_08
184,368.0,0.0,200.61897,80.75255,376.7759,0.047279008,0.601453,0.6059367060661316,False,False,False,,False,False,student,seat_05
184,368.0,306.40738,169.95477,371.80234,238.07445,0.39707828,0.42503044,0.5875920653343201,False,False,True,0.09581723809242249,False,False,student,seat_03
184,368.0,443.54083,204.66258,512.3331,315.58072,0.5596452,0.54192007,0.5483672022819519,False,False,True,-0.06941048055887222,False,False,student,seat_07
184,368.0,189.16798,178.86066,311.96405,396.59256,0.29340282,0.59943044,0.4565580189228058,False,False,False,,False,False,student,seat_06
184,368.0,541.0149,354.78738,722.3978,477.64502,0.739703,0.86711705,0.410465270280838,False,False,False,,False,False,student,seat_12
184,368.0,597.2507,281.9408,706.1538,403.69846,0.76311743,0.7142076,0.3491315245628357,False,False,False,,False,False,other,
184,368.0,204.85439,178.1758,315.2721,315.11353,0.30452368,0.513843,0.29350513219833374,False,False,False,,False,False,student,seat_06
184,368.0,594.3678,281.53644,712.03284,446.498,0.76487154,0.7583692,0.2679474949836731,False,False,True,0.7112269401550293,False,False,other,
184,368.0,373.7632,192.26144,444.53998,286.18143,0.47910026,0.49837798,0.25094425678253174,False,False,True,0.12271325290203094,False,False,student,seat_07
185,370.0,663.2765,96.33106,804.6315,474.70322,0.8594309,0.5948274,0.9050077199935913,False,False,True,-0.5390312671661377,False,False,instructor,
185,370.0,313.133,282.78308,552.78894,477.42975,0.50698006,0.79188836,0.8998044729232788,False,False,True,0.38568562269210815,False,False,student,seat_11
185,370.0,273.22012,240.14267,401.92487,405.06348,0.39528397,0.67208976,0.7349072694778442,False,False,False,,False,False,student,seat_07
185,370.0,529.2722,252.00418,630.5567,371.78934,0.6790567,0.6497849,0.7289605140686035,False,False,True,-0.03004816547036171,False,False,student,seat_08
185,370.0,0.0,191.9646,81.574524,377.97275,0.04776026,0.5936848,0.7051451802253723,False,False,False,,False,False,student,seat_05
185,370.0,444.79306,208.61276,519.5324,326.30832,0.5645934,0.55720943,0.5709202885627747,True,False,True,-0.028994785621762276,False,False,student,seat_07
185,370.0,307.72025,170.75908,369.78812,241.42395,0.39666766,0.42935735,0.5552828311920166,False,False,True,0.02857738547027111,False,False,student,seat_03
185,370.0,361.89206,196.64867,447.0013,286.72827,0.47359097,0.5035177,0.4393872916698456,False,False,True,0.3857167959213257,False,False,student,seat_07
185,370.0,548.5749,357.35684,730.15076,477.95123,0.7486684,0.8701126,0.4310411512851715,False,False,False,,False,False,student,seat_12
185,370.0,183.91121,178.19571,251.47295,319.83185,0.25490877,0.5187787,0.4301321804523468,False,False,True,0.2897079885005951,False,False,student,seat_06
185,370.0,581.6313,280.0873,699.0742,404.7661,0.7498276,0.713389,0.40828296542167664,False,False,False,,False,False,student,seat_08
185,370.0,205.12277,181.07324,313.55902,316.62418,0.30367786,0.5184348,0.40377897024154663,False,False,False,,False,False,student,seat_06
185,370.0,248.04158,233.42255,341.69467,330.76352,0.34527886,0.5876938,0.3633861839771271,False,False,False,,False,False,student,seat_06
185,370.0,193.87413,180.1193,311.27625,393.1505,0.2957555,0.597156,0.2741103172302246,False,False,False,,False,False,student,seat_06
186,372.0,668.2653,90.94205,794.2421,474.41757,0.856269,0.58891624,0.8768811225891113,False,False,True,-0.5772562623023987,False,False,instructor,
186,372.0,284.63437,282.08804,551.533,477.14673,0.48955935,0.79086953,0.8711090683937073,False,False,True,0.4166829586029053,False,False,student,seat_11
186,372.0,505.69727,233.66411,622.3593,384.08197,0.6604547,0.6434855,0.7776726484298706,False,False,False,,False,False,student,seat_08
186,372.0,272.59155,243.96771,405.17496,402.25137,0.3968188,0.67314494,0.6850870847702026,False,False,False,,False,False,student,seat_07
186,372.0,0.0,185.68536,82.58793,378.55017,0.04835359,0.58774537,0.6191694736480713,False,False,False,,False,False,student,seat_05
186,372.0,442.42462,207.52293,515.4516,314.5367,0.5608175,0.5438121,0.5124731063842773,False,False,True,-0.09067689627408981,False,False,student,seat_07
186,372.0,306.5691,170.46225,388.57565,239.67775,0.40699342,0.4272292,0.5101804733276367,False,False,True,0.013056012801826,False,False,student,seat_03
186,372.0,581.4162,279.08334,690.82794,392.2833,0.74487364,0.6993402,0.47314342856407166,False,False,False,,False,False,student,seat_08
186,372.0,547.9404,357.58032,720.6526,477.6451,0.742736,0.8700265,0.46641525626182556,False,False,False,,False,False,student,seat_12
186,372.0,189.01964,180.37369,310.4754,397.28857,0.2924444,0.6017315,0.4557698369026184,False,False,False,,False,False,student,seat_06
186,372.0,247.32825,231.55911,346.0167,338.22543,0.34739166,0.5935256,0.39889511466026306,False,True,False,-0.0900142565369606,False,False,student,seat_06
186,372.0,382.27924,194.75365,449.762,288.36627,0.4871436,0.50324994,0.39513349533081055,False,False,True,-0.2476799041032791,False,False,student,seat_07
186,372.0,185.04436,176.38383,248.21913,270.6787,0.25366715,0.46569017,0.38510555028915405,False,False,True,0.39810416102409363,False,False,student,seat_06
186,372.0,184.37408,178.1263,250.04799,322.8793,0.25434548,0.52188087,0.30645832419395447,False,False,True,0.3095918297767639,False,False,student,seat_06
187,374.0,638.35974,92.50434,793.8123,475.18008,0.83850825,0.591338,0.8920701742172241,False,False,True,-0.6465371251106262,False,False,instructor,
187,374.0,281.66397,299.90955,532.3184,477.53357,0.47657052,0.80983657,0.8556678295135498,False,True,False,0.07460648566484451,False,False,student,seat_11
187,374.0,273.68207,241.0113,439.66907,393.5248,0.41765288,0.66097516,0.8081086277961731,False,False,False,,False,False,student,seat_07
187,374.0,247.37183,225.50446,345.9057,333.39865,0.34735218,0.5821907,0.7583266496658325,False,True,False,0.18861523270606995,False,False,student,seat_06
187,374.0,511.7171,235.13518,619.68646,384.35648,0.66241425,0.6453038,0.7502574920654297,False,False,False,,False,False,student,seat_08
187,374.0,0.0,190.64305,74.54252,375.1523,0.04364316,0.58937013,0.6960101127624512,False,False,False,,False,False,student,seat_05
187,374.0,535.3723,371.5845,687.9714,478.83215,0.7162434,0.88585067,0.5098420977592468,False,False,False,,False,False,student,seat_12
187,374.0,308.8408,170.58792,375.4869,243.36028,0.40066025,0.43119603,0.46513739228248596,False,False,True,0.03944864496588707,False,False,student,seat_03
187,374.0,431.61853,208.92184,511.27985,314.21033,0.5520482,0.5449294,0.46003642678260803,False,False,True,0.016543962061405182,False,False,student,seat_07
187,374.0,536.4237,334.49307,703.4451,479.40265,0.72591853,0.84780806,0.39000388979911804,False,False,False,,False,False,student,seat_12
187,374.0,183.92867,176.61656,249.70828,271.82996,0.2538858,0.4671318,0.3751225173473358,False,False,True,0.38991478085517883,False,False,student,seat_06
187,374.0,375.5486,200.6911,439.9529,292.32846,0.4774599,0.513562,0.32907751202583313,False,False,True,0.3133080005645752,False,False,student,seat_07
187,374.0,209.48631,179.7789,310.07883,316.2601,0.30419505,0.5167073,0.3269127309322357,False,False,False,,False,False,student,seat_06
187,374.0,193.05203,179.88298,307.085,395.00565,0.29282027,0.5988423,0.2979249656200409,False,False,False,,False,False,student,seat_06
187,374.0,546.57367,275.9463,702.3873,474.10458,0.73124176,0.78130305,0.2862684726715088,False,False,False,,False,False,student,seat_12
187,374.0,437.35974,220.98221,502.58163,318.96634,0.550317,0.5624464,0.2691383361816406,False,False,True,0.026239071041345596,False,False,student,seat_07
188,376.0,273.0172,315.04648,528.1692,480.0,0.4690787,0.82817346,0.8858029246330261,False,True,False,0.4267991781234741,False,False,student,seat_11
188,376.0,644.6694,91.68181,790.94226,378.13898,0.840522,0.48939666,0.8857222199440002,False,False,True,-0.4356256127357483,False,False,instructor,
188,376.0,239.52844,215.01164,331.90097,323.2956,0.33456057,0.5607367,0.8161342144012451,False,True,False,0.15802273154258728,False,False,student,seat_06
188,376.0,282.4836,245.18715,448.4584,407.05865,0.427952,0.6794227,0.7768332362174988,False,False,False,,False,False,student,seat_07
188,376.0,547.66705,280.74393,699.1269,477.43423,0.729973,0.78976893,0.7644767761230469,False,False,False,,False,False,student,seat_12
188,376.0,0.0,192.68394,76.61971,374.70044,0.044859316,0.5910254,0.7364827990531921,False,False,False,,False,False,student,seat_05
188,376.0,631.47375,341.08643,788.51904,476.46017,0.8313775,0.8516111,0.7301561832427979,False,False,False,,False,False,other,
188,376.0,517.72327,237.77086,620.8185,379.33722,0.66659355,0.64282095,0.7031892538070679,False,False,False,,False,False,student,seat_08
188,376.0,206.13289,181.0308,293.09628,307.06268,0.29228875,0.5084307,0.5965778827667236,False,False,False,,False,False,student,seat_06
188,376.0,438.6296,207.96912,513.6807,313.7844,0.5575587,0.5434933,0.559280276298523,False,False,True,-0.05832517892122269,False,False,student,seat_07
188,376.0,184.83627,178.20537,253.64975,272.2955,0.25672483,0.46927172,0.5178707838058472,False,False,True,0.32749316096305847,False,False,student,seat_06
188,376.0,313.66855,171.07414,375.41727,249.10605,0.40344602,0.4376877,0.4334440231323242,False,False,True,0.06359623372554779,False,False,student,seat_07
188,376.0,363.16568,201.49817,444.09946,298.44476,0.47263765,0.5207739,0.4084012806415558,False,False,True,0.5923414826393127,False,False,student,seat_07
189,378.0,656.2105,93.43465,795.80597,402.98587,0.85012674,0.51710474,0.8926241993904114,False,False,True,-0.4249690771102905,False,False,instructor,
189,378.0,274.14926,316.09647,541.904,479.5999,0.4777829,0.82885045,0.856689989566803,False,True,False,0.24224326014518738,False,False,student,seat_11
189,378.0,278.9623,250.0069,450.97827,407.23868,0.42736566,0.6846308,0.7719120383262634,False,False,False,,False,False,student,seat_07
189,378.0,244.26959,224.93634,343.7611,332.0008,0.34428027,0.58014286,0.7350570559501648,False,False,False,,False,False,student,seat_06
189,378.0,518.3074,235.27718,622.2778,378.03845,0.66778994,0.6388704,0.7203298211097717,False,False,False,,False,False,student,seat_08
189,378.0,0.0,190.3672,76.841805,372.45874,0.044989347,0.586277,0.714083731174469,False,False,False,,False,False,student,seat_05
189,378.0,609.7237,334.44098,767.119,476.03003,0.806114,0.8442406,0.7087750434875488,False,False,False,,False,False,other,
189,378.0,546.72394,278.1556,700.8071,473.5041,0.73040456,0.78297883,0.6907299160957336,False,False,False,,False,False,student,seat_12
189,378.0,310.1121,170.34996,377.74268,246.62756,0.40272525,0.4343516,0.5233136415481567,False,False,True,0.03080485574901104,False,False,student,seat_07
189,378.0,429.69775,207.6621,512.12146,315.51505,0.5514164,0.5449762,0.5122315287590027,False,False,True,-0.022147562354803085,False,False,student,seat_07
189,378.0,209.81247,179.72556,305.87665,322.01846,0.3019257,0.52265,0.4819573163986206,False,False,False,,False,False,student,seat_06
189,378.0,183.49742,178.86766,253.15372,321.3952,0.25565055,0.52110714,0.43642279505729675,False,False,True,0.27879345417022705,False,False,student,seat_06
189,378.0,189.90749,179.9325,304.7517,395.86188,0.2896131,0.5997858,0.41256433725357056,False,False,False,,False,False,student,seat_06
189,378.0,363.53217,201.08862,444.55862,296.53186,0.47312108,0.51835465,0.4034629762172699,False,False,False,,False,False,student,seat_07
189,378.0,183.57956,177.13605,255.31166,273.41974,0.2569621,0.46932894,0.3656172454357147,False,False,True,0.37908434867858887,False,False,student,seat_06
190,380.0,282.15674,309.17288,553.8438,478.20343,0.4894617,0.8201837,0.8719898462295532,False,True,False,-0.0029502813704311848,False,False,student,seat_11
190,380.0,653.1255,95.39561,806.62244,400.01205,0.85465336,0.5160496,0.8708366751670837,False,False,True,-0.417180597782135,False,False,instructor,
190,380.0,279.40057,248.15967,447.5802,405.2965,0.42563277,0.6806835,0.7689116597175598,False,False,False,,False,False,student,seat_07
190,380.0,0.0,190.96507,76.66079,371.3598,0.044883367,0.5857551,0.7121283411979675,False,False,False,,False,False,student,seat_05
190,380.0,549.0055,279.05542,701.59534,474.3459,0.7322019,0.784793,0.6962020397186279,False,False,False,,False,False,student,seat_12
190,380.0,611.93506,333.72183,768.9108,476.44434,0.8084578,0.84392303,0.6941174864768982,False,False,False,,False,False,other,
190,380.0,240.99954,226.0687,343.7041,336.59955,0.34233233,0.58611274,0.6781655550003052,False,True,False,0.19978827238082886,False,False,student,seat_06
190,380.0,514.7573,238.25977,619.26825,379.50742,0.66394943,0.64350754,0.6118870377540588,False,False,False,,False,False,student,seat_08
190,380.0,443.69974,207.83705,520.98883,326.87668,0.564806,0.5569935,0.6019765734672546,False,False,True,-0.09356724470853806,False,False,student,seat_07
190,380.0,308.8946,169.81026,378.30612,244.50383,0.40234232,0.43157718,0.5071630477905273,False,False,True,0.013027900829911232,False,False,student,seat_03
190,380.0,209.21187,179.82515,307.369,319.1713,0.30244783,0.51978797,0.49324026703834534,False,False,False,,False,False,student,seat_06
190,380.0,357.36728,197.39384,448.90765,305.59396,0.4720579,0.5239456,0.4174877405166626,False,False,False,,False,False,student,seat_07
190,380.0,190.13858,179.4791,305.81293,394.3411,0.29036975,0.5977294,0.3680804669857025,False,False,False,,False,False,student,seat_06
190,380.0,182.89212,178.73152,253.51534,321.423,0.2555079,0.5209943,0.36774200201034546,False,False,True,0.26536130905151367,False,False,student,seat_06
190,380.0,183.05669,177.91579,254.19397,276.50177,0.25600156,0.4733516,0.3537639081478119,False,False,True,0.31030669808387756,False,False,student,seat_06
191,382.0,271.22482,300.06213,551.1826,478.57202,0.4815032,0.81107724,0.8944631218910217,False,True,False,-0.02278246358036995,False,False,student,seat_11
191,382.0,645.47906,95.811325,800.2423,444.55307,0.84644115,0.56287956,0.8684830069541931,False,False,True,-0.5948140621185303,False,False,instructor,
191,382.0,276.7564,247.20137,440.45355,407.05557,0.41991216,0.68151766,0.8065462708473206,False,False,False,,False,False,student,seat_07
191,382.0,511.445,239.55742,616.51855,379.87024,0.6604003,0.64523715,0.7924283742904663,False,False,False,,False,False,student,seat_08
191,382.0,0.0,185.39188,76.765335,373.48965,0.044944577,0.5821683,0.7255791425704956,False,False,False,,False,False,student,seat_05
191,382.0,237.8324,223.72922,341.70538,338.13907,0.33930784,0.58527946,0.6846621632575989,False,True,False,0.21247166395187378,False,False,student,seat_06
191,382.0,593.14777,334.9608,768.9036,476.2985,0.797454,0.8450617,0.6813909411430359,False,False,False,,False,False,other,
191,382.0,444.12982,208.08986,520.4461,327.71112,0.56474,0.55812603,0.6673616766929626,False,False,True,-0.0634801834821701,False,False,student,seat_07
191,382.0,543.5135,278.76517,700.3846,473.08823,0.72827756,0.7831806,0.6251342296600342,False,False,False,,False,False,student,seat_12
191,382.0,184.58449,179.52617,302.82578,399.98126,0.285369,0.6036536,0.5287843346595764,False,False,False,,False,False,student,seat_06
191,382.0,304.48148,170.99649,369.44266,240.56415,0.39456916,0.428709,0.4813328981399536,False,False,True,0.059685420244932175,False,False,student,seat_03
191,382.0,347.07425,194.98882,429.6812,283.62747,0.4547749,0.4985586,0.4061835706233978,False,False,False,,False,False,student,seat_07
191,382.0,181.20035,178.3057,250.67798,276.37558,0.25285617,0.47362632,0.3706413805484772,False,False,True,0.36766308546066284,False,False,student,seat_06
191,382.0,180.29106,178.70966,249.83871,325.90796,0.25183243,0.52564335,0.35315877199172974,False,False,True,0.29657530784606934,False,False,student,seat_06
191,382.0,206.4982,179.19624,303.93967,321.22168,0.29885122,0.52126867,0.2502216100692749,False,False,False,,False,False,student,seat_06
192,384.0,663.6801,92.61869,800.07,466.551,0.85699654,0.5824684,0.8925831317901611,False,False,True,-0.5467214584350586,False,False,instructor,
192,384.0,273.80212,299.02762,535.3832,478.4825,0.4737619,0.80990636,0.8750259876251221,False,True,False,0.10308840125799179,False,False,student,seat_11
192,384.0,277.37744,247.3849,443.3957,396.96252,0.42199832,0.6711952,0.7786564826965332,False,False,False,,False,False,student,seat_07
192,384.0,251.04774,208.59497,345.42865,336.94638,0.34922504,0.5682723,0.7610936164855957,False,True,False,0.24737577140331268,False,False,student,seat_06
192,384.0,425.6166,207.1408,514.0142,312.01465,0.55013514,0.5407869,0.686158299446106,False,False,True,-0.030841348692774773,False,False,student,seat_07
192,384.0,512.8646,239.76831,612.6478,378.90695,0.6589651,0.6444534,0.6640021800994873,False,False,False,,False,False,student,seat_08
192,384.0,0.0,187.54053,76.22201,373.72464,0.044626467,0.5846512,0.6516703367233276,False,False,True,-1.3127005100250244,False,False,student,seat_05
192,384.0,559.0399,344.34506,735.9201,476.17462,0.7581733,0.85470796,0.6139878034591675,False,False,False,,False,False,student,seat_12
192,384.0,171.07109,190.51561,249.54137,283.85883,0.24626023,0.49414006,0.5330396294593811,False,False,True,0.6541990637779236,False,False,student,seat_06
192,384.0,205.57788,180.85115,294.5576,324.0387,0.29281935,0.5259269,0.49984848499298096,False,False,False,,False,False,student,seat_06
192,384.0,511.49005,239.39653,611.5923,445.4907,0.6575423,0.71342415,0.43415939807891846,False,False,False,,False,False,student,seat_08
192,384.0,348.6123,191.72406,436.2973,288.39157,0.45954895,0.50012046,0.4078691303730011,False,False,False,,False,False,student,seat_07
193,386.0,285.90488,315.8819,529.6141,476.4659,0.4774701,0.82536227,0.8283220529556274,False,True,False,0.3749501407146454,False,False,student,seat_11
193,386.0,276.8439,246.32143,446.40512,406.4196,0.4234479,0.67993855,0.7989515066146851,False,False,False,,False,False,student,seat_07
193,386.0,252.70085,212.96043,337.09186,336.53864,0.3453119,0.5723949,0.7858068943023682,False,False,True,0.20546163618564606,False,False,student,seat_06
193,386.0,512.9834,239.01158,615.08673,376.1353,0.66046256,0.640778,0.748546302318573,False,False,False,,False,False,student,seat_08
193,386.0,606.7439,91.912285,735.6132,377.8859,0.7859234,0.48937312,0.7479498982429504,False,False,True,-0.8366991281509399,False,False,instructor,
193,386.0,576.05176,347.04785,737.17303,475.72537,0.768867,0.8570554,0.6938740611076355,False,False,False,,False,False,other,
193,386.0,427.5528,207.3804,513.3477,312.98505,0.5508785,0.5420474,0.675948977470398,False,False,True,-0.02712302841246128,False,False,student,seat_07
193,386.0,0.0,189.8947,77.38495,376.5991,0.045307346,0.59009767,0.6678824424743652,False,False,False,,False,False,student,seat_05
193,386.0,202.53152,179.36943,284.28473,314.0996,0.28502122,0.5140303,0.649005115032196,False,False,False,,False,False,student,seat_06
193,386.0,179.26375,186.38387,246.21242,270.08087,0.24910782,0.47548407,0.4628916084766388,False,False,True,0.437152624130249,False,False,student,seat_06
193,386.0,548.7057,278.03302,706.396,473.2255,0.73483706,0.782561,0.42918720841407776,False,False,False,,False,False,student,seat_12
193,386.0,322.54343,175.88869,382.3897,256.34653,0.4127243,0.45024502,0.2964983880519867,False,False,True,0.24034416675567627,False,False,student,seat_07
194,388.0,281.44775,315.82782,532.685,476.1068,0.47665852,0.8249319,0.8436808586120605,False,True,False,0.36145663261413574,False,False,student,seat_11
194,388.0,278.6292,246.28058,448.1584,408.16898,0.42551968,0.6817183,0.7754503488540649,False,False,False,,False,False,student,seat_07
194,388.0,608.1739,102.0918,716.8968,316.4089,0.7758025,0.43593824,0.7602642774581909,False,False,True,-0.6391377449035645,False,False,instructor,
194,388.0,255.26869,213.20306,339.93365,338.09164,0.34847912,0.5742653,0.7537973523139954,False,False,True,0.050797365605831146,False,False,student,seat_06
194,388.0,565.40485,281.46396,706.9074,453.0605,0.7449135,0.7651296,0.7238457798957825,False,False,True,6.276972770690918,False,False,student,seat_12
194,388.0,426.65054,208.66945,513.3999,322.63162,0.5503808,0.5534386,0.6333962678909302,False,False,True,0.016544556245207787,False,False,student,seat_07
194,388.0,0.0,198.69675,80.84809,379.55716,0.047334947,0.6023478,0.6074085831642151,False,False,False,,False,False,student,seat_05
194,388.0,191.93344,182.83348,293.98584,317.61636,0.28449607,0.5213019,0.5666853189468384,False,False,False,,False,False,student,seat_06
194,388.0,511.985,238.98491,615.7608,372.38046,0.6602727,0.6368389,0.4105174243450165,False,False,False,,False,False,student,seat_08
194,388.0,509.82993,239.13768,616.0988,445.2234,0.65920883,0.71287614,0.2996565103530884,False,False,False,,False,False,student,seat_08
194,388.0,344.85663,214.05307,441.04352,295.74847,0.4601289,0.5310433,0.29751208424568176,False,False,False,,False,False,student,seat_07
194,388.0,183.19139,193.66954,254.94772,273.9188,0.25652173,0.48707116,0.2866082787513733,False,True,False,0.537704348564148,False,False,student,seat_06
195,390.0,292.44244,275.546,529.9123,476.42865,0.4814723,0.7833069,0.9033503532409668,False,True,False,0.08612334728240967,False,False,student,seat_11
195,390.0,623.2968,92.928665,751.1592,474.32806,0.80471665,0.59089243,0.9007000923156738,False,False,True,-0.43329501152038574,False,False,instructor,
195,390.0,281.42297,242.26314,419.6208,394.9612,0.41044718,0.6637754,0.7820294499397278,False,False,False,,False,False,student,seat_07
195,390.0,508.3261,244.39131,619.3907,374.5195,0.66025573,0.6446988,0.7343908548355103,False,False,False,,False,False,student,seat_08
195,390.0,561.9288,280.0263,705.3284,460.4257,0.74195385,0.7713042,0.6996298432350159,False,False,False,,False,False,student,seat_12
195,390.0,257.11588,212.79103,339.74957,338.2526,0.34945285,0.5740038,0.6975865364074707,False,False,True,0.26377496123313904,False,False,student,seat_06
195,390.0,0.0,190.68785,75.86979,376.06516,0.04442025,0.5903677,0.6087707877159119,False,False,False,,False,False,student,seat_05
195,390.0,426.14697,207.79515,508.5935,293.2224,0.54727197,0.5218933,0.44140949845314026,False,False,True,-0.11118552833795547,False,False,student,seat_07
195,390.0,194.96115,192.21024,295.93158,317.8341,0.28740793,0.5312962,0.4245392978191376,False,False,False,,False,False,student,seat_06
195,390.0,190.51033,193.87811,288.1617,394.55536,0.28025296,0.6129515,0.38720253109931946,False,False,False,,False,False,student,seat_06
196,392.0,644.4307,93.64708,815.1205,472.27448,0.8545382,0.5895016,0.912642240524292,False,False,True,0.04436836391687393,False,False,instructor,
196,392.0,286.88797,270.9256,527.3256,477.01715,0.47670588,0.77910703,0.8878824710845947,False,True,False,0.06494960188865662,False,False,student,seat_11
196,392.0,268.1923,249.96776,400.39212,407.192,0.39144287,0.6845414,0.7808407545089722,False,False,False,,False,False,student,seat_07
196,392.0,505.16602,242.91493,618.4289,401.33313,0.6578425,0.67109174,0.7073686122894287,False,False,False,,False,False,student,seat_08
196,392.0,261.44772,213.04726,330.75574,336.3503,0.34672335,0.57228917,0.6974755525588989,False,False,True,0.1902947872877121,False,False,student,seat_06
196,392.0,0.0,196.78346,73.40107,376.7149,0.042974867,0.5973941,0.6625443696975708,False,False,False,,False,False,student,seat_05
196,392.0,565.2734,282.51846,711.62006,466.62527,0.74759567,0.7803581,0.6452926993370056,False,False,True,2.6144447326660156,False,False,student,seat_12
196,392.0,428.16183,208.38557,513.22473,329.41553,0.55116314,0.56020945,0.5810744166374207,False,False,True,-0.18666811287403107,False,False,student,seat_07
196,392.0,187.22241,197.96729,284.86423,394.64816,0.27639732,0.6173078,0.39244216680526733,False,False,False,,False,False,student,seat_06
196,392.0,184.16725,195.84613,258.0467,272.80594,0.25890744,0.48817924,0.3224698305130005,False,True,False,0.5494235754013062,False,False,student,seat_06
196,392.0,345.60974,204.8049,431.6284,289.7254,0.45505747,0.5151357,0.312516987323761,False,False,False,,False,False,student,seat_07
196,392.0,191.21857,195.88737,297.37347,320.4462,0.2860609,0.53784746,0.2789214849472046,False,False,False,,False,False,student,seat_06
197,394.0,489.9361,99.24321,649.09766,465.74002,0.66688156,0.58852416,0.9184170365333557,False,False,True,0.0743211880326271,False,False,student,seat_08
197,394.0,132.24974,293.0847,345.72726,473.99487,0.279846,0.7990412,0.8302654027938843,False,True,False,0.08255179971456528,False,False,student,seat_10
197,394.0,76.31301,252.72826,242.96443,405.00793,0.18693058,0.68514186,0.7856130599975586,False,False,False,,False,False,student,seat_05
197,394.0,329.61404,244.52882,434.61325,388.44455,0.44743988,0.6593473,0.7400714755058289,False,False,False,,False,False,student,seat_07
197,394.0,751.7501,326.7898,854.0,476.9434,0.9401347,0.83722204,0.7190410494804382,False,False,False,,False,False,instructor,
197,394.0,0.0,189.89511,107.31425,405.5841,0.06283036,0.6202909,0.6333431601524353,False,False,False,,False,False,student,seat_05
197,394.0,68.98734,215.68584,148.31364,341.75317,0.12722541,0.58066565,0.6266850233078003,False,False,True,0.17120365798473358,False,False,student,seat_05
197,394.0,240.39697,209.23532,325.3228,317.28317,0.33121768,0.5484568,0.570747435092926,False,False,True,-0.12799501419067383,False,False,student,seat_06
197,394.0,382.66992,280.60284,530.9496,457.77313,0.534906,0.7691416,0.5597911477088928,False,False,True,2.3431248664855957,False,False,student,seat_11
197,394.0,149.00883,190.85776,243.21477,292.69763,0.22963911,0.50370353,0.45221683382987976,False,False,False,,False,False,student,seat_06
197,394.0,0.0,188.33046,107.49823,332.35312,0.06293807,0.5423787,0.2524321675300598,False,False,False,,False,False,student,seat_05
198,396.0,497.79593,90.39385,625.62994,462.48715,0.6577435,0.57591766,0.8962716460227966,False,False,True,-0.7336685061454773,False,False,student,seat_08
198,396.0,671.2616,321.66125,853.65186,476.7106,0.8928065,0.8316373,0.8874565958976746,False,False,False,,False,False,instructor,
198,396.0,0.0,259.8016,172.31746,412.50922,0.10088844,0.70032376,0.7476804256439209,False,False,False,,False,False,student,seat_05
198,396.0,255.22847,249.86646,363.3457,400.8924,0.36216286,0.6778738,0.7316662669181824,False,False,False,,False,False,student,seat_06
198,396.0,0.0,220.10901,60.699688,347.2728,0.035538457,0.59102273,0.6922740936279297,False,False,True,0.4073236286640167,False,False,student,seat_05
198,396.0,300.13086,278.08392,448.72717,456.4147,0.4384415,0.76510274,0.6679219007492065,False,False,True,3.896707773208618,False,False,student,seat_11
198,396.0,44.000168,300.89447,264.1509,464.13168,0.18041632,0.79690224,0.5946192145347595,False,True,False,0.20103073120117188,False,False,student,seat_09
198,396.0,170.78806,211.01732,257.4253,321.54666,0.2507104,0.55475414,0.5613136291503906,False,False,True,-0.14408954977989197,False,False,student,seat_06
198,396.0,67.85783,188.39622,173.33516,296.52246,0.1412137,0.5051237,0.40087226033210754,False,False,False,,False,False,student,seat_05
199,398.0,665.54254,321.80502,853.66254,476.41034,0.8894643,0.8314743,0.8912057876586914,False,False,False,,False,False,instructor,
199,398.0,494.96484,92.46301,601.54034,460.3021,0.6419819,0.575797,0.8844007849693298,False,False,True,-1.9071965217590332,False,False,student,seat_08
199,398.0,0.0,259.93735,172.06548,412.56723,0.10074091,0.7005256,0.7793257236480713,False,False,False,,False,False,student,seat_05
199,398.0,307.17838,276.9471,446.2306,457.62616,0.44110593,0.76518047,0.7264513373374939,False,False,True,21.47031593322754,False,False,student,seat_11
199,398.0,0.0,220.13503,61.251328,347.36084,0.035861433,0.5911415,0.6788905262947083,False,False,True,0.2946695387363434,False,False,student,seat_05
199,398.0,257.38733,246.92477,362.4741,385.00497,0.36291653,0.65826017,0.6720452308654785,False,False,False,,False,False,student,seat_06
199,398.0,48.131203,302.9928,261.86646,464.17258,0.18149745,0.7991306,0.6064493060112,False,True,False,0.21563057601451874,False,False,student,seat_09
199,398.0,169.07149,210.3802,257.49286,324.32434,0.24974492,0.5569839,0.5857455134391785,False,True,False,-0.14790380001068115,False,False,student,seat_06
199,398.0,66.32727,188.64279,173.56963,295.43817,0.14045486,0.504251,0.5206324458122253,False,False,False,,False,False,student,seat_05
200,400.0,476.7863,93.01752,610.54254,461.04898,0.6366094,0.5771526,0.9001564383506775,False,False,True,-0.46913743019104004,False,False,student,seat_08
200,400.0,666.02594,321.55637,853.6436,476.2567,0.8897363,0.83105534,0.8904188275337219,False,False,False,,False,False,instructor,
200,400.0,0.7146387,256.75388,168.46375,417.3607,0.09905058,0.7022027,0.7750654816627502,False,False,False,,False,False,student,seat_05
200,400.0,0.0,221.51265,59.727364,347.78464,0.03496918,0.593018,0.7607120871543884,False,False,True,0.4490622580051422,False,False,student,seat_05
200,400.0,41.848465,305.59485,269.01413,469.94427,0.18200387,0.8078533,0.6838704347610474,False,True,False,0.16293542087078094,False,False,student,seat_09
200,400.0,259.30182,247.67146,362.33414,394.47446,0.3639555,0.66890204,0.6786375641822815,False,False,False,,False,False,student,seat_06
200,400.0,300.8116,277.481,444.68295,460.41693,0.43647224,0.7686437,0.6629603505134583,False,False,True,2.8737988471984863,False,False,student,seat_11
200,400.0,170.83437,211.52426,259.21008,327.20026,0.25178245,0.56117135,0.633409321308136,False,True,False,-0.14924591779708862,False,False,student,seat_06
201,402.0,480.2894,92.75364,641.25555,467.46918,0.6566422,0.5835655,0.9091006517410278,False,False,True,-0.4934631288051605,False,False,student,seat_08
201,402.0,666.384,322.2873,853.61444,476.16168,0.8899288,0.83171767,0.8829122185707092,False,False,False,,False,False,instructor,
201,402.0,0.0,220.64882,62.610687,348.65747,0.03665731,0.59302735,0.725530743598938,False,False,True,0.3263532817363739,False,False,student,seat_05
201,402.0,0.0,258.68698,179.88237,411.45053,0.10531755,0.6980599,0.7108278870582581,False,False,False,,False,False,student,seat_05
201,402.0,257.9126,246.908,365.522,385.5834,0.36500853,0.6588452,0.6905146241188049,False,False,False,,False,False,student,seat_06
201,402.0,295.84253,274.50458,446.54718,475.03418,0.43465438,0.7807695,0.6712745428085327,False,False,False,,False,False,student,seat_11
201,402.0,170.42882,211.49466,258.393,325.82916,0.25106665,0.55971235,0.6633374691009521,False,True,False,-0.17412540316581726,False,False,student,seat_06
201,402.0,35.736027,306.07608,264.84174,471.08398,0.1759823,0.8095417,0.6467651128768921,False,True,False,0.21005596220493317,False,False,student,seat_09
201,402.0,352.0316,328.9491,545.4603,476.2835,0.52546364,0.838784,0.4660104811191559,False,False,False,,False,False,student,seat_11
201,402.0,70.91123,198.6981,171.82742,298.47174,0.14211865,0.51788527,0.41406822204589844,False,False,False,,False,False,student,seat_05
201,402.0,354.848,334.00284,633.3507,480.0,0.57857066,0.8479196,0.40176665782928467,False,False,False,,False,False,student,seat_12
202,404.0,491.47906,90.0096,623.69696,464.48563,0.6529134,0.5775992,0.8970531821250916,False,False,True,-0.5447025895118713,False,False,student,seat_08
202,404.0,665.8625,322.4472,853.6256,476.1335,0.88963,0.8318549,0.8950100541114807,False,False,False,,False,False,instructor,
202,404.0,1.0688683,236.68982,174.18672,413.05804,0.10260866,0.6768207,0.7694960832595825,True,False,False,,False,False,student,seat_05
202,404.0,168.7596,207.9246,271.36365,327.6778,0.2576834,0.5579192,0.7164562344551086,False,False,True,-0.07241442054510117,False,False,student,seat_06
202,404.0,0.0,219.41527,75.81705,344.4977,0.04438937,0.5874093,0.6328192949295044,False,False,True,0.3613342046737671,False,False,student,seat_05
202,404.0,35.444336,304.6293,261.5726,470.35474,0.1738975,0.807275,0.6106616854667664,False,True,False,0.22413450479507446,False,False,student,seat_09
202,404.0,259.64493,247.84395,369.99295,397.00244,0.36864045,0.67171496,0.5889782309532166,False,False,False,,False,False,student,seat_06
202,404.0,336.1099,281.01083,551.14703,466.78128,0.5194713,0.7789501,0.4991884231567383,False,False,True,1.783352255821228,False,False,student,seat_11
202,404.0,295.971,348.62772,477.7347,477.19684,0.45298928,0.86023396,0.4648059606552124,False,False,False,,False,False,student,seat_11
202,404.0,294.9651,344.15436,549.65955,475.24802,0.49451092,0.8535441,0.3905012011528015,False,False,False,,False,False,student,seat_11
202,404.0,67.05414,194.70671,168.90492,295.93094,0.13814934,0.51108086,0.3383943438529968,False,False,False,,False,False,student,seat_05
203,406.0,467.211,71.90326,653.9749,441.21506,0.65643203,0.5344982,0.9222302436828613,False,False,True,-0.03314792364835739,False,False,student,seat_08
203,406.0,39.10721,283.20157,244.18884,476.03552,0.1658642,0.7908719,0.8211827278137207,False,True,False,0.3138176202774048,False,False,student,seat_09
203,406.0,657.80365,298.65323,854.0,476.57892,0.885131,0.8075335,0.8211650848388672,False,False,False,,False,False,instructor,
203,406.0,0.03116243,214.23569,165.56265,389.3506,0.09695188,0.6287357,0.78385990858078,False,False,False,,False,False,student,seat_05
203,406.0,0.0,191.29065,77.7013,321.75635,0.045492567,0.53442395,0.7333093881607056,False,False,True,0.18663054704666138,False,False,student,seat_05
203,406.0,132.33292,185.41864,265.1718,311.20935,0.2327311,0.5173208,0.7303047776222229,False,False,True,0.0014111362397670746,False,False,student,seat_06
203,406.0,254.62363,223.5614,369.48126,359.52856,0.36540097,0.6073854,0.6899285912513733,False,False,False,,False,False,student,seat_06
203,406.0,232.4534,326.7958,488.44867,479.9602,0.42207384,0.84037083,0.49653321504592896,False,False,False,,False,False,student,seat_11
203,406.0,346.6895,259.3714,558.3639,457.0954,0.5298908,0.7463196,0.47403067350387573,False,False,True,102.92090606689453,False,False,student,seat_11
203,406.0,65.87645,170.14484,158.69008,267.76816,0.13147923,0.45615938,0.37506839632987976,False,False,False,,False,False,student,seat_05
204,408.0,437.7765,43.084984,631.1347,413.97116,0.6258262,0.47610015,0.9241205453872681,False,False,True,-0.247989684343338,False,False,student,seat_08
204,408.0,23.60241,259.76016,281.47363,478.28287,0.17861596,0.76879483,0.8941015005111694,False,True,False,0.13844583928585052,False,False,student,seat_09
204,408.0,635.9276,268.5547,854.0,475.34155,0.872323,0.7748919,0.8879156708717346,False,False,False,,False,False,instructor,
204,408.0,0.0,197.65907,167.58595,365.65646,0.09811824,0.58678705,0.839942455291748,False,False,False,,False,False,student,seat_05
204,408.0,0.0,169.57509,58.820435,286.0805,0.034438193,0.47464123,0.7727658152580261,False,True,False,0.29664885997772217,False,False,student,seat_05
204,408.0,249.374,196.69884,362.03006,341.71536,0.3579649,0.5608481,0.7444225549697876,False,False,False,,False,False,student,seat_06
204,408.0,270.13306,296.91098,515.9047,478.80786,0.46020946,0.8080405,0.7393801808357239,False,False,False,,False,False,student,seat_11
204,408.0,152.57193,159.20168,260.0723,287.81302,0.24159499,0.46564034,0.670951783657074,False,False,True,0.051669951528310776,False,False,student,seat_06
204,408.0,355.13312,236.50995,461.95267,355.9238,0.47838748,0.6171185,0.3963780105113983,False,True,False,0.9922645688056946,False,False,student,seat_07
205,410.0,445.75552,42.50038,636.0665,413.3357,0.63338524,0.47482923,0.9276930689811707,False,False,True,-0.3446175158023834,False,False,student,seat_08
205,410.0,23.264317,258.18533,281.74164,478.35626,0.17857492,0.76723087,0.9119729399681091,False,True,False,0.1275230348110199,False,False,student,seat_09
205,410.0,639.5332,267.13138,854.0,475.62277,0.87443393,0.77370226,0.8845058083534241,False,False,False,,False,False,instructor,
205,410.0,0.1298214,200.0349,167.12111,364.28918,0.097922094,0.5878376,0.815183699131012,False,False,False,,False,False,student,seat_05
205,410.0,0.0,164.22427,57.430603,285.95105,0.033624474,0.46893263,0.7941873073577881,False,True,False,0.3184153437614441,False,False,student,seat_05
205,410.0,267.9917,297.9228,523.84344,477.77945,0.4636037,0.8080232,0.7830374240875244,False,False,False,,False,False,student,seat_11
205,410.0,248.24168,196.06744,361.94928,341.08804,0.35725468,0.559537,0.7295578718185425,False,False,False,,False,False,student,seat_06
205,410.0,161.85742,159.26736,258.95303,280.5389,0.24637614,0.45813152,0.5962491631507874,False,False,True,0.04104506969451904,False,False,student,seat_06
205,410.0,351.5021,233.03287,485.80078,391.91406,0.49022415,0.6509864,0.2547900974750519,False,False,True,0.5656961798667908,False,False,student,seat_07
206,412.0,449.71167,43.84343,640.96515,419.845,0.63856953,0.48300877,0.9152528643608093,False,False,True,-0.47733137011528015,False,False,student,seat_08
206,412.0,22.428032,258.73215,280.49612,477.57565,0.17735606,0.76698726,0.9037889242172241,False,True,False,0.1266694813966751,False,False,student,seat_09
206,412.0,644.6745,267.7536,854.0,475.92313,0.87744415,0.77466327,0.8768264055252075,False,False,False,,False,False,instructor,
206,412.0,264.94476,298.3897,512.18274,479.49084,0.45499268,0.81029224,0.8308752775192261,False,False,False,,False,False,student,seat_11
206,412.0,0.0,206.44547,171.25217,360.4791,0.100264736,0.5905464,0.813016414642334,False,False,False,,False,False,student,seat_05
206,412.0,247.90434,196.67099,350.38425,342.46384,0.35028604,0.5615988,0.7506861686706543,False,False,False,,False,False,student,seat_06
206,412.0,0.0,171.21536,59.60997,297.39053,0.03490045,0.48813114,0.7086156010627747,False,False,True,0.26704657077789307,False,False,student,seat_05
206,412.0,164.43826,157.8594,256.04745,272.85272,0.24618602,0.44865847,0.6021720170974731,False,False,True,0.016322098672389984,False,False,student,seat_06
206,412.0,285.65903,224.92848,502.5748,407.4197,0.46149522,0.65869606,0.5410010814666748,False,False,True,0.5192068815231323,False,False,student,seat_07
207,414.0,16.013721,223.09116,280.97754,477.77533,0.17388248,0.7300692,0.9162892699241638,False,False,True,0.2586641013622284,True,False,student,seat_09
207,414.0,459.54822,42.054558,641.60864,432.99493,0.6447054,0.4948432,0.9083411693572998,False,False,True,-0.3913681209087372,False,False,student,seat_08
207,414.0,636.29285,267.656,854.0,475.74615,0.8725368,0.7743772,0.8786635398864746,False,False,False,,False,False,instructor,
207,414.0,268.40924,300.65613,513.06055,478.25385,0.457535,0.81136453,0.856232762336731,False,False,False,,False,False,student,seat_11
207,414.0,0.0,209.75061,135.98956,363.8052,0.079619184,0.59745395,0.7713103890419006,False,False,False,,False,False,student,seat_05
207,414.0,371.2866,239.11783,479.54315,413.0285,0.49814385,0.67931914,0.738883376121521,False,True,False,0.4898466169834137,False,False,student,seat_07
207,414.0,0.0,174.17691,56.601894,297.68384,0.03313928,0.49152163,0.726183295249939,False,False,True,0.23589284718036652,False,False,student,seat_05
207,414.0,245.73636,196.61748,368.6171,349.05273,0.3596917,0.56840646,0.6457719206809998,False,False,False,,False,False,student,seat_06
207,414.0,176.02728,161.28766,248.29684,261.35315,0.24843334,0.44025084,0.49683359265327454,False,False,True,0.1379762589931488,False,False,student,seat_06
207,414.0,60.180668,146.57022,162.00072,245.7779,0.13008277,0.40869597,0.49632734060287476,False,False,False,,False,False,student,seat_01
208,416.0,460.21686,42.268513,641.2801,432.54013,0.64490455,0.49459234,0.909322202205658,False,False,True,-0.15069803595542908,False,False,student,seat_08
208,416.0,35.65212,240.46983,284.25522,471.865,0.18729939,0.7420155,0.8878833055496216,False,False,True,0.2993342876434326,False,False,student,seat_09
208,416.0,637.623,267.43973,853.7412,476.63593,0.87316406,0.77507883,0.8845012187957764,False,False,False,,False,False,instructor,
208,416.0,269.06274,300.2999,513.38116,477.88596,0.45810533,0.81061023,0.8561656475067139,False,False,False,,False,False,student,seat_11
208,416.0,0.0,172.37,53.82369,296.4457,0.0315127,0.4883497,0.7340129017829895,False,False,True,0.2958785891532898,False,False,student,seat_05
208,416.0,0.0,209.18227,118.4118,375.63916,0.06932775,0.609189,0.7296658754348755,False,False,False,,False,False,student,seat_05
208,416.0,165.8191,160.25067,252.74345,283.7741,0.24506004,0.4625258,0.7158337831497192,False,False,True,0.04459572955965996,False,False,student,seat_06
208,416.0,370.8128,241.72765,480.45682,413.55963,0.49840143,0.6825909,0.7101434469223022,False,True,False,0.5082137584686279,False,False,student,seat_07
208,416.0,244.54092,197.25531,366.6164,340.61526,0.35782045,0.5602819,0.6843367218971252,False,False,False,,False,False,student,seat_06
208,416.0,56.357555,152.00119,164.59206,247.98656,0.1293616,0.4166539,0.38135263323783875,False,False,False,,False,False,student,seat_01
209,418.0,459.8963,41.877132,640.47577,432.93872,0.6442459,0.49459985,0.9084675908088684,False,False,True,-0.33322057127952576,False,False,student,seat_08
209,418.0,633.98425,267.65015,853.7515,476.61447,0.87103975,0.77527565,0.8874421119689941,False,False,False,,False,False,instructor,
209,418.0,35.652424,245.19296,283.64578,467.64404,0.18694276,0.7425386,0.8747797608375549,False,False,True,0.4261087477207184,False,False,student,seat_09
209,418.0,281.272,292.38107,513.79724,477.7671,0.4654972,0.8022377,0.7811218500137329,False,False,False,,False,False,student,seat_11
209,418.0,0.0,170.37988,56.282154,296.49997,0.03295208,0.4863332,0.7537433505058289,False,False,True,0.2739458382129669,False,False,student,seat_05
209,418.0,378.4337,241.88548,482.43155,409.22217,0.50401944,0.67823714,0.7355302572250366,False,False,True,0.49199819564819336,False,False,student,seat_07
209,418.0,0.08011015,207.57765,135.0535,373.7951,0.079118036,0.6055966,0.7309041023254395,False,False,False,,False,False,student,seat_05
209,418.0,168.07396,160.43037,261.72485,284.8426,0.25163865,0.463826,0.6725236773490906,False,False,True,0.002461085794493556,False,False,student,seat_06
209,418.0,247.52934,192.94844,362.472,337.2905,0.35714364,0.5523322,0.6662939786911011,False,False,False,,False,False,student,seat_06
209,418.0,58.42092,149.36417,159.98836,247.45168,0.12787428,0.41334984,0.34295427799224854,False,False,False,,False,False,student,seat_01
210,420.0,629.19684,268.7511,853.7843,477.02463,0.868256,0.77684975,0.9036027789115906,False,False,False,,False,False,instructor,
210,420.0,471.50098,44.327248,634.2325,434.1766,0.6473849,0.49844152,0.8957120180130005,False,False,True,-0.4181906580924988,False,False,student,seat_08
210,420.0,37.783646,251.35532,287.9761,471.04108,0.19072586,0.7524962,0.8799254894256592,False,True,False,0.06901344656944275,False,False,student,seat_10
210,420.0,270.323,295.62015,512.4968,477.78342,0.45832542,0.8056287,0.8276282548904419,False,False,False,,False,False,student,seat_11
210,420.0,374.25912,241.90823,482.0863,413.50998,0.50137323,0.6827273,0.748305082321167,False,True,False,0.5460548996925354,False,False,student,seat_07
210,420.0,244.42621,194.28941,361.37036,338.61343,0.35468182,0.5551071,0.730734646320343,False,False,False,,False,False,student,seat_06
210,420.0,0.0,154.80835,91.30122,296.3434,0.053455047,0.46994975,0.6123601794242859,False,False,True,-0.09982733428478241,False,False,student,seat_05
210,420.0,167.8298,160.55165,261.3486,288.6875,0.25127542,0.46795744,0.5157408118247986,False,False,True,0.02001342363655567,False,False,student,seat_06
210,420.0,0.0,204.3066,155.17839,431.38522,0.090853855,0.662179,0.4948996901512146,True,False,False,,False,False,student,seat_05
210,420.0,0.0,202.7555,162.92236,359.79083,0.0953878,0.5859858,0.44996270537376404,False,False,False,,False,False,student,seat_05
210,420.0,0.0,153.97794,141.92816,296.1858,0.08309612,0.46892056,0.35543692111968994,False,False,True,-0.2089327573776245,False,False,student,seat_05
210,420.0,0.009839428,136.78627,34.84201,283.09006,0.020405063,0.4373712,0.25099408626556396,False,False,False,,False,False,student,seat_05
211,422.0,631.98737,269.35748,853.8021,476.8025,0.8699002,0.77725,0.9021428823471069,False,False,False,,False,False,instructor,
211,422.0,471.49634,40.540928,598.44104,434.9424,0.62642705,0.49529514,0.8998358249664307,False,False,True,-0.37959083914756775,False,False,student,seat_08
211,422.0,36.44974,253.16422,285.3803,472.5477,0.18842508,0.7559499,0.890511155128479,False,True,False,0.06835910677909851,False,False,student,seat_09
211,422.0,268.88556,294.3273,512.108,477.3894,0.45725617,0.8038715,0.8407213091850281,False,False,False,,False,False,student,seat_11
211,422.0,0.0,195.9834,157.17218,361.08438,0.09202118,0.58027893,0.7777719497680664,False,False,False,,False,False,student,seat_05
211,422.0,243.6575,197.45338,361.01923,339.21216,0.3540262,0.5590266,0.7002367377281189,False,False,False,,False,False,student,seat_06
211,422.0,377.49173,242.7281,485.05386,411.7761,0.5050033,0.6817752,0.6799885630607605,False,False,True,0.46135011315345764,False,False,student,seat_07
211,422.0,166.53174,160.63547,236.10994,272.02872,0.23573868,0.45069185,0.5884851217269897,False,False,True,0.0486464686691761,False,False,student,seat_06
211,422.0,0.04475845,168.99199,55.91015,300.0503,0.032760482,0.48858574,0.36634761095046997,False,True,False,-0.43113940954208374,False,False,student,seat_05
212,424.0,450.33292,43.49314,597.9193,403.75433,0.6137308,0.46588278,0.9102593660354614,False,False,False,,False,False,student,seat_08
212,424.0,37.35896,250.8511,285.8327,471.0541,0.18922228,0.7519846,0.8844972252845764,False,True,False,0.0797625184059143,False,False,student,seat_09
212,424.0,633.1475,267.7515,853.8167,475.47046,0.87058794,0.77418953,0.8771265149116516,False,False,False,,False,False,instructor,
212,424.0,242.34373,196.29114,361.791,336.84848,0.35370883,0.5553538,0.779695987701416,False,False,False,,False,False,student,seat_06
212,424.0,0.5007877,187.60048,154.77531,366.0012,0.09091107,0.57666844,0.7618076205253601,False,False,False,,False,False,student,seat_05
212,424.0,258.82666,294.23346,515.2527,478.5531,0.45320806,0.804986,0.7553865909576416,False,False,False,,False,False,student,seat_11
212,424.0,371.48712,243.90944,484.7026,411.00726,0.50128204,0.6822049,0.6862927675247192,False,True,False,0.5386729836463928,False,False,student,seat_07
212,424.0,164.39525,160.4753,254.95271,281.94153,0.24551988,0.46085083,0.6066681146621704,False,False,True,0.0369630828499794,False,False,student,seat_06
212,424.0,0.0,164.39865,83.81991,300.3363,0.04907489,0.4840989,0.5500684976577759,False,False,True,0.3165335953235626,False,False,student,seat_05
212,424.0,167.17107,162.1583,233.90665,267.85562,0.234823,0.44793117,0.338182657957077,False,False,True,0.005880709737539291,False,False,student,seat_06
213,426.0,507.94464,46.079998,636.2624,403.7553,0.66991043,0.46857843,0.8931049704551697,False,False,True,-1.1163636445999146,False,False,student,seat_08
213,426.0,73.69824,235.25081,324.45032,465.6028,0.23310806,0.73005587,0.8367375731468201,False,True,False,0.24443314969539642,False,False,student,seat_10
213,426.0,667.7454,279.27295,854.0,475.19348,0.89095163,0.78590256,0.8065027594566345,False,False,False,,False,False,instructor,
213,426.0,330.30252,301.18655,547.1735,479.21973,0.5137448,0.8129232,0.7974698543548584,False,False,False,,False,False,student,seat_11
213,426.0,31.213703,187.86977,185.60071,361.2236,0.12694052,0.57197225,0.7799691557884216,False,False,False,,False,False,student,seat_05
213,426.0,282.75763,195.35335,394.77563,331.52377,0.39668223,0.54883033,0.7794657349586487,False,False,False,,False,False,student,seat_07
213,426.0,29.000381,176.07985,121.01655,294.92603,0.08783193,0.4906311,0.6910471320152283,True,False,True,0.3285595178604126,False,False,student,seat_05
213,426.0,395.05978,232.7826,500.42654,407.0669,0.5242894,0.66650987,0.47336962819099426,False,False,True,0.10059365630149841,False,False,student,seat_07
213,426.0,201.33646,159.38496,294.6158,283.1367,0.2903702,0.46096006,0.4354945719242096,False,False,True,0.07516065984964371,False,False,student,seat_06
213,426.0,194.69241,157.78789,276.79507,268.31866,0.27604654,0.443861,0.318462997674942,False,False,True,0.06752733886241913,False,False,student,seat_06
214,428.0,719.7766,45.917763,840.589,420.17877,0.913563,0.4855172,0.883931577205658,False,False,True,-0.6329744458198547,False,False,instructor,
214,428.0,256.6806,236.96304,475.43008,458.57388,0.42863625,0.72451764,0.7924968600273132,False,False,True,0.37222498655319214,False,False,student,seat_11
214,428.0,228.26674,191.33206,373.8739,358.02975,0.35254136,0.5722519,0.782620906829834,False,False,False,,False,False,student,seat_06
214,428.0,150.82005,115.27595,240.90413,224.11417,0.22934671,0.35353136,0.6519829630851746,False,False,True,0.34481945633888245,False,False,student,seat_02
214,428.0,225.82806,169.03516,296.27344,284.47205,0.30568004,0.47240335,0.5357721447944641,False,False,True,0.28741419315338135,False,False,student,seat_06
214,428.0,407.42084,192.60168,738.75616,475.00153,0.67106384,0.69542,0.5225697755813599,False,False,False,,False,False,student,seat_08
214,428.0,570.6409,232.05392,693.9171,419.0017,0.7403736,0.67818296,0.4940538704395294,False,False,True,0.5128456354141235,False,False,student,seat_08
214,428.0,298.23962,149.22906,389.1067,239.39784,0.40242758,0.40481967,0.37650802731513977,False,False,False,,False,False,student,seat_03
214,428.0,147.6595,126.26703,256.28125,259.56686,0.23649926,0.4019103,0.2869856059551239,False,False,False,,False,False,student,seat_02
214,428.0,147.71132,137.69273,255.7928,346.00116,0.23624364,0.50384784,0.26270779967308044,False,False,False,,False,False,student,seat_06
215,430.0,614.3277,243.18468,853.8112,474.57007,0.8595661,0.74766123,0.8912058472633362,False,True,False,0.21096275746822357,False,False,instructor,
215,430.0,600.6414,197.07317,754.9911,362.7091,0.79369587,0.5831066,0.7308669090270996,False,False,False,,False,False,other,
215,430.0,517.0953,112.524826,613.5739,215.12599,0.6619843,0.34130293,0.7005342245101929,False,True,False,0.33026209473609924,False,False,student,seat_04
215,430.0,86.94122,177.1119,229.0218,347.14584,0.18499005,0.5461018,0.6567781567573547,False,False,False,,False,False,student,seat_05
215,430.0,772.00714,158.8283,852.8508,255.6104,0.95132196,0.43170696,0.638444721698761,False,False,True,0.20146967470645905,False,False,other,
215,430.0,15.163642,178.15234,139.44748,293.79657,0.09052173,0.49161345,0.5976837873458862,False,True,False,0.3417249023914337,False,False,student,seat_05
215,430.0,188.22466,137.5223,283.6478,242.20395,0.2762719,0.3955482,0.5641844272613525,False,False,False,,False,False,student,seat_02
215,430.0,0.0,169.82565,95.38631,461.00107,0.055846784,0.65711117,0.5608043074607849,False,False,False,,False,False,student,seat_05
215,430.0,277.79636,136.0703,411.689,285.17795,0.40367994,0.43880025,0.5573074817657471,False,False,False,,False,False,student,seat_07
215,430.0,131.69579,340.1473,369.92032,476.34543,0.29368624,0.8505133,0.5566627383232117,False,False,False,,False,False,student,seat_10
215,430.0,204.87567,112.46888,292.12198,215.87717,0.29098222,0.34202713,0.5565505623817444,False,False,True,-0.13680309057235718,False,False,student,seat_02
215,430.0,517.8288,145.36234,629.92737,253.49208,0.67198837,0.41547337,0.35451075434684753,False,False,False,,False,False,student,seat_04
215,430.0,133.51749,277.7436,372.16953,472.78885,0.29606968,0.7818047,0.26982706785202026,False,False,False,,False,False,student,seat_10
216,432.0,15.557413,246.7005,275.47992,471.81308,0.17039657,0.7484516,0.8207160830497742,False,True,False,0.5428283214569092,False,False,student,seat_09
216,432.0,51.523315,129.42033,163.46387,271.87927,0.12587072,0.41802043,0.7729596495628357,False,False,False,,False,False,student,seat_01
216,432.0,381.80652,164.10712,482.91653,333.42618,0.5062781,0.5182639,0.7155616283416748,False,False,False,,False,False,student,seat_07
216,432.0,382.51013,279.3513,580.2644,475.93396,0.5636853,0.7867555,0.6927218437194824,False,False,False,,False,False,student,seat_11
216,432.0,212.07169,192.35638,368.9277,425.12054,0.3401636,0.6432051,0.6831929683685303,False,False,False,,False,False,student,seat_06
216,432.0,466.29843,110.507454,546.32935,213.365,0.5928734,0.33736715,0.6447580456733704,False,False,True,-0.205073744058609,False,False,student,seat_04
216,432.0,778.84906,113.99,854.0,215.80588,0.9560007,0.34353736,0.6097431778907776,False,False,False,,False,False,instructor,
216,432.0,0.0,363.4121,69.09621,477.1342,0.040454455,0.87556905,0.5922053456306458,False,False,False,,False,False,student,seat_09
216,432.0,283.27505,187.55475,397.32388,273.97546,0.39847714,0.48076063,0.5881537795066833,False,True,False,0.477183997631073,False,False,student,seat_07
216,432.0,536.25287,149.45381,670.2396,309.92535,0.7063773,0.47851995,0.559412956237793,False,False,False,,False,False,student,seat_08
216,432.0,777.37134,143.05731,854.0,348.5528,0.95513546,0.51209384,0.5503110885620117,False,False,False,,False,False,other,
216,432.0,223.37897,115.96208,316.37906,221.12318,0.3160176,0.3511305,0.526429295539856,False,False,True,-0.07935933768749237,False,False,student,seat_02
216,432.0,161.7619,124.57264,253.07826,221.2596,0.24288064,0.36024192,0.4744865894317627,False,False,True,0.5900155305862427,False,False,student,seat_02
216,432.0,125.314995,116.89225,179.93466,201.1978,0.1787176,0.3313438,0.25450482964515686,False,False,True,0.12604369223117828,False,False,student,seat_01
217,434.0,311.89386,234.75162,491.9925,470.28705,0.47065946,0.7344153,0.7444323301315308,False,False,True,0.0550096333026886,False,False,student,seat_11
217,434.0,252.76198,166.8128,379.53354,292.47705,0.37019646,0.47842693,0.7431243062019348,False,False,False,,False,False,student,seat_06
217,434.0,0.0,245.51303,136.01576,428.42886,0.079634525,0.7020228,0.7118962407112122,False,True,False,0.1650576889514923,False,False,student,seat_05
217,434.0,654.5293,119.78414,747.28766,215.05823,0.8207359,0.34879413,0.709662675857544,False,True,False,0.36284196376800537,False,False,instructor,
217,434.0,737.569,194.98376,854.0,358.82928,0.93183196,0.5768886,0.6513296365737915,False,False,False,,False,False,other,
217,434.0,99.43464,196.65388,224.31342,413.95853,0.18954803,0.63605464,0.6487217545509338,False,False,False,,False,False,student,seat_05
217,434.0,234.9459,282.85266,429.26407,479.26492,0.3888817,0.7938725,0.642090916633606,False,False,False,,False,False,student,seat_11
217,434.0,159.16695,189.34683,267.3871,282.7231,0.24973889,0.49173954,0.6414732336997986,False,True,False,0.2877208888530731,False,False,student,seat_06
217,434.0,336.1041,112.745895,425.5697,228.35674,0.44594488,0.35531524,0.6405439972877502,False,True,False,-0.10927659273147583,False,False,student,seat_03
217,434.0,419.06064,115.03472,532.9723,255.62338,0.55739635,0.3861022,0.5728407502174377,False,False,False,,False,False,student,seat_03
217,434.0,738.2044,168.94952,816.01984,289.09882,0.90996736,0.4771337,0.5348261594772339,False,False,True,0.21600666642189026,False,False,other,
217,434.0,91.89779,117.00021,186.65965,216.71938,0.16308983,0.3476246,0.31157493591308594,False,False,True,-0.08862094581127167,False,False,student,seat_01
217,434.0,650.3031,143.59619,767.8698,324.6269,0.83031195,0.48773238,0.30813321471214294,False,False,False,,False,False,other,
217,434.0,0.0,121.29658,47.842068,233.41824,0.028010579,0.3694946,0.3068014085292816,False,False,True,0.1932278424501419,False,False,student,seat_01
217,434.0,416.7222,115.093735,540.05023,317.53568,0.56017125,0.4506556,0.291970431804657,False,False,False,,False,False,student,seat_07
217,434.0,655.8349,143.14723,768.1449,271.82382,0.8337118,0.43226153,0.2586963474750519,False,False,False,,False,False,other,
217,434.0,0.08668673,118.63966,55.27882,202.18022,0.0324154,0.3341874,0.2581270635128021,False,False,True,0.08892793208360672,False,False,student,seat_01
218,436.0,0.0,241.3074,171.9911,473.15833,0.10069737,0.7442351,0.8606472015380859,False,False,False,,False,False,student,seat_09
218,436.0,537.98956,276.12384,759.582,474.98114,0.7597023,0.782401,0.838821291923523,False,False,False,,False,False,student,seat_12
218,436.0,169.62433,296.114,410.30582,477.76306,0.33953756,0.80612195,0.44105637073516846,False,False,False,,False,False,student,seat_10
218,436.0,55.35916,164.41074,145.45554,288.8214,0.11757301,0.47211683,0.41142722964286804,False,False,True,0.09062299877405167,False,False,student,seat_05
218,436.0,131.76805,198.81573,243.60132,368.59613,0.2197713,0.591054,0.37795764207839966,False,False,False,,False,False,student,seat_06
218,436.0,787.9882,148.27452,854.0,479.46463,0.96135145,0.65389496,0.3457319140434265,False,False,False,,False,False,instructor,
218,436.0,229.26003,230.41034,365.77365,394.9464,0.3483804,0.65141326,0.28680169582366943,False,False,True,0.17738118767738342,False,False,student,seat_06
219,438.0,339.98734,112.251045,696.54846,476.67114,0.60687107,0.6134606,0.9466249942779541,False,True,False,0.11241629719734192,False,False,student,seat_08
219,438.0,669.6553,306.5649,853.8114,478.34338,0.8919594,0.8176128,0.8076233267784119,False,False,False,,False,False,instructor,
219,438.0,91.03921,281.8863,319.25476,475.57953,0.24021895,0.7890269,0.5894234776496887,False,False,False,,False,False,student,seat_10
219,438.0,13.122101,301.6952,57.014244,410.92596,0.041063435,0.7423137,0.2657451629638672,False,False,True,-0.5825709104537964,False,False,student,seat_09
219,438.0,17.800125,301.49493,71.224625,411.82495,0.05212222,0.7430416,0.25835585594177246,False,False,True,-0.6156225800514221,False,False,student,seat_09
220,440.0,339.91882,113.445946,692.68286,476.42654,0.6045677,0.6144505,0.9441016912460327,False,True,False,0.11905781179666519,False,False,student,seat_08
220,440.0,92.86052,280.13568,318.54257,476.00653,0.24086832,0.78764814,0.7966963052749634,False,False,False,,False,False,student,seat_10
220,440.0,657.61096,304.91498,853.802,478.12357,0.8849022,0.8156652,0.6620135307312012,False,False,False,,False,False,instructor,
220,440.0,18.351694,301.84494,65.41285,412.48785,0.04904247,0.74409664,0.38711151480674744,False,False,True,-0.42192143201828003,False,False,student,seat_09
221,442.0,342.28348,113.52788,673.75977,477.0786,0.5948731,0.6152151,0.9428375959396362,False,True,False,0.008033196441829205,False,False,student,seat_08
221,442.0,75.71206,266.42804,332.39038,477.78378,0.23893586,0.77522063,0.8705654740333557,False,False,False,,False,False,student,seat_10
221,442.0,605.1055,289.48404,854.0,477.17078,0.8542772,0.7985987,0.7785167098045349,False,False,True,-0.9868496060371399,False,False,instructor,
221,442.0,700.17444,290.5009,854.0,477.0267,0.9099382,0.7995079,0.2743473947048187,False,False,False,,False,False,other,
222,444.0,324.37457,78.58181,640.77673,432.3079,0.5650769,0.5321768,0.9234721660614014,False,True,False,0.0023163079749792814,False,False,student,seat_07
222,444.0,592.5893,225.07921,828.3689,476.5045,0.8319428,0.7308163,0.8930287957191467,False,False,True,-0.839952290058136,False,False,instructor,
222,444.0,135.58517,210.70299,351.72568,463.19363,0.2853108,0.70197564,0.8471629023551941,False,False,False,,False,False,student,seat_06
222,444.0,469.98953,406.8678,647.5771,477.44324,0.654313,0.9211573,0.27316588163375854,False,False,False,,False,False,student,seat_12
223,446.0,355.69946,67.1028,617.4005,364.005,0.56973064,0.4490706,0.9280639886856079,False,True,False,0.037693750113248825,False,False,student,seat_07
223,446.0,574.0794,190.54369,777.99725,475.7956,0.791614,0.6941034,0.9052010178565979,False,False,True,-0.3189462125301361,False,False,instructor,
223,446.0,193.69621,177.02328,374.16498,409.34918,0.33247143,0.6108046,0.8529335260391235,False,False,False,,False,False,student,seat_06
223,446.0,4.6518044,157.97151,106.99618,291.62143,0.06536767,0.468326,0.5348302125930786,False,False,True,0.12163607031106949,False,False,student,seat_05
223,446.0,464.08795,338.23108,642.87506,479.45682,0.6481048,0.8517582,0.4530853033065796,False,False,False,,False,False,student,seat_12
224,448.0,371.96683,66.80781,605.24786,327.6675,0.57213974,0.41091177,0.9156521558761597,False,True,False,0.08222763985395432,False,False,student,seat_04
224,448.0,562.41595,175.39302,740.58026,469.20218,0.76287836,0.67145336,0.8866600394248962,False,False,True,-0.25156381726264954,False,False,instructor,
224,448.0,75.95096,146.1256,159.91739,259.65164,0.13809623,0.4226846,0.7293815016746521,False,False,True,0.07683587074279785,False,False,student,seat_01
224,448.0,24.669018,192.16919,218.53362,442.73288,0.1423903,0.66135633,0.6933159232139587,False,False,False,,False,False,student,seat_05
224,448.0,232.1042,163.01271,389.3255,412.24402,0.3638347,0.59922576,0.6611378192901611,False,False,False,,False,False,student,seat_06
224,448.0,479.33398,303.92053,697.56683,477.23178,0.68905205,0.8137004,0.5491959452629089,False,False,False,,False,False,student,seat_12
224,448.0,8.355394,128.45416,77.02053,209.76784,0.049985904,0.35231456,0.4815081059932709,False,False,True,-24.402196884155273,False,False,student,seat_01
224,448.0,790.6035,141.95366,854.0,271.99405,0.96288264,0.43119553,0.43063831329345703,False,False,False,,False,False,other,
224,448.0,0.017917633,215.42004,53.478638,472.53165,0.031321168,0.71661633,0.3131840229034424,False,False,False,,False,False,student,seat_05
225,450.0,372.08572,70.48642,598.8868,329.79266,0.5684851,0.41695738,0.9149836897850037,False,True,False,-0.03574023395776749,False,False,student,seat_03
225,450.0,561.21204,178.763,742.798,467.47253,0.7634719,0.67316204,0.8232020139694214,False,False,True,-0.6478550434112549,False,False,instructor,
225,450.0,19.284016,195.48285,217.00754,466.29166,0.138344,0.68934846,0.7800856828689575,False,False,False,,False,False,student,seat_05
225,450.0,232.16179,164.93256,389.30606,409.9508,0.36385706,0.59883684,0.6989914178848267,False,False,False,,False,False,student,seat_06
225,450.0,73.15507,149.70573,157.9843,260.04608,0.1353275,0.42682484,0.6687158346176147,False,False,True,0.11034725606441498,False,False,student,seat_01
225,450.0,376.01123,305.54697,690.54047,478.08423,0.62444484,0.8162825,0.46943214535713196,False,False,False,,False,False,student,seat_12
225,450.0,789.3203,143.34258,854.0,276.6911,0.9621313,0.4375351,0.2751915454864502,False,False,False,,False,False,other,
226,452.0,371.93604,70.228935,599.1254,328.68106,0.5685372,0.41553125,0.9179452657699585,False,True,False,-0.017511921003460884,False,False,student,seat_03
226,452.0,18.00044,195.6522,217.05678,464.08752,0.13762133,0.6872289,0.7649700045585632,False,False,False,,False,False,student,seat_05
226,452.0,373.14523,301.60526,686.6695,477.8333,0.6205004,0.8119152,0.7442646026611328,False,False,False,,False,False,student,seat_12
226,452.0,111.400444,43.28607,190.59897,244.38272,0.17681465,0.299655,0.6954586505889893,False,False,True,1.9946138858795166,False,False,student,seat_01
226,452.0,232.97395,166.12944,391.845,395.65363,0.36581907,0.5851907,0.6738218665122986,False,False,False,,False,False,student,seat_06
226,452.0,569.43866,178.99419,739.1284,466.18726,0.76614,0.672064,0.6627111434936523,False,False,True,-0.5138252377510071,False,False,instructor,
226,452.0,75.181755,149.40298,158.99768,257.04565,0.1371074,0.423384,0.5854222178459167,False,False,True,0.08027807623147964,False,False,student,seat_01
227,454.0,371.5636,71.13895,605.54395,328.5471,0.57207704,0.4163396,0.9023323059082031,False,True,False,-0.1402490735054016,False,False,student,seat_04
227,454.0,16.142036,194.74153,216.85396,469.50064,0.13641453,0.69191897,0.8130828142166138,False,False,False,,False,False,student,seat_05
227,454.0,561.52136,175.16644,739.04816,463.31253,0.7614576,0.6650823,0.7762958407402039,False,False,True,-0.49016791582107544,False,False,instructor,
227,454.0,372.9386,303.73795,685.4507,479.4244,0.61966586,0.8157941,0.7259878516197205,False,False,False,,False,False,student,seat_12
227,454.0,74.11175,149.9811,157.36246,260.41315,0.13552354,0.427494,0.6976789236068726,False,False,True,0.12447967380285263,False,False,student,seat_01
227,454.0,232.61368,166.4167,392.36597,406.44998,0.36591312,0.59673613,0.6949501037597656,False,False,False,,False,False,student,seat_06
227,454.0,614.1522,34.317726,740.7579,247.22543,0.7932729,0.2932741,0.6757200956344604,False,False,True,0.8148147463798523,False,False,other,
227,454.0,791.1559,143.05267,854.0,275.74384,0.963206,0.43624637,0.35097363591194153,False,False,False,,False,False,other,
228,456.0,371.56702,70.89416,600.8555,328.63663,0.56933403,0.4161779,0.905343234539032,False,True,False,-0.006636555772274733,False,False,student,seat_03
228,456.0,15.149339,194.53352,216.54094,471.32303,0.13565004,0.6936006,0.8426420092582703,False,False,False,,False,False,student,seat_05
228,456.0,558.1114,200.11923,758.89575,443.5503,0.77108145,0.67048913,0.8290593028068542,False,True,False,-0.454487144947052,False,False,instructor,
228,456.0,232.65811,166.50034,391.19962,418.44266,0.36525628,0.60931563,0.6996108889579773,False,False,False,,False,False,student,seat_06
228,456.0,72.10354,149.83926,157.52216,260.9667,0.13444127,0.42792287,0.6791688799858093,False,False,True,0.058721207082271576,False,False,student,seat_01
228,456.0,376.53036,303.8808,683.67737,480.0,0.6207305,0.8165425,0.6342614889144897,False,False,False,,False,False,student,seat_12
228,456.0,790.27075,145.40086,854.0,285.61258,0.9626878,0.4489723,0.3067553639411926,False,False,False,,False,False,other,
229,458.0,372.02188,70.27582,607.09766,326.953,0.573255,0.41378003,0.8939266800880432,False,True,False,-0.08231668174266815,False,False,student,seat_04
229,458.0,560.68866,199.81839,753.4359,454.48846,0.76939374,0.6815697,0.8077989816665649,False,False,True,-0.5262893438339233,False,False,instructor,
229,458.0,16.551537,197.06915,216.86465,469.36,0.13666053,0.694197,0.8023136258125305,False,False,False,,False,False,student,seat_05
229,458.0,374.27167,305.35745,683.41864,477.8155,0.6192566,0.8158052,0.7637580037117004,False,False,False,,False,False,student,seat_12
229,458.0,231.64555,164.66757,390.57462,419.32755,0.3642975,0.6083282,0.7475290298461914,False,False,False,,False,False,student,seat_06
229,458.0,58.684307,142.97603,154.5963,265.17242,0.12487155,0.42515463,0.7296867966651917,False,False,True,0.021466800943017006,False,False,student,seat_01
229,458.0,500.9353,37.308952,581.85974,201.29243,0.63395494,0.2485431,0.47492715716362,False,False,True,-1.0785415172576904,False,False,student,seat_04
229,458.0,501.22974,38.753967,574.048,164.39185,0.6295537,0.21161023,0.2991136908531189,False,False,True,-2.036332845687866,False,False,student,seat_04
229,458.0,789.43097,143.9582,854.0,278.31726,0.9621961,0.43987027,0.2739733159542084,False,False,False,,False,False,other,
230,460.0,371.38156,71.690445,599.622,327.4765,0.56850326,0.41579887,0.9130929708480835,False,True,False,-0.0024836421944200993,False,False,student,seat_03
230,460.0,561.1311,199.57376,753.908,452.0571,0.7699292,0.67878217,0.8250337243080139,False,True,False,-0.19467206299304962,False,False,instructor,
230,460.0,377.167,304.82764,682.6413,477.785,0.6204967,0.81522155,0.8140212893486023,False,False,False,,False,False,student,seat_12
230,460.0,233.2981,166.40977,391.36038,407.2961,0.3657251,0.5976103,0.6910528540611267,False,False,False,,False,False,student,seat_06
230,460.0,36.21854,186.14377,221.44574,464.7475,0.1508573,0.6780117,0.6421935558319092,False,False,False,,False,False,student,seat_05
230,460.0,41.354256,143.41841,126.34761,279.6596,0.098186105,0.44070625,0.5577453374862671,False,False,True,0.2561526596546173,False,False,student,seat_05
231,462.0,371.9826,73.32022,600.84406,333.51733,0.56957066,0.4237891,0.9067163467407227,False,True,False,0.09544303268194199,False,False,student,seat_03
231,462.0,559.4802,197.99579,742.6662,469.1168,0.76238084,0.6949089,0.8554127216339111,False,True,False,-0.11177244782447815,False,False,instructor,
231,462.0,234.10114,165.58894,391.8128,429.12766,0.36646014,0.61949646,0.8103996515274048,False,False,False,,False,False,student,seat_06
231,462.0,0.59971136,190.6355,247.3001,467.8949,0.14514041,0.6859692,0.7511193156242371,False,False,False,,False,False,student,seat_05
231,462.0,373.23352,303.45547,685.2235,478.2279,0.6197055,0.8142535,0.745186448097229,False,False,False,,False,False,student,seat_12
231,462.0,68.43717,144.18344,151.59454,253.01157,0.12882419,0.4137448,0.674404501914978,False,False,True,0.1945052444934845,False,False,student,seat_01
231,462.0,790.1274,145.061,854.0,284.5526,0.96260387,0.44751418,0.3355065882205963,False,False,False,,False,False,other,
232,464.0,371.17786,73.90897,598.3038,331.57562,0.5676122,0.4223798,0.9151477217674255,False,True,False,0.09036370366811752,False,False,student,seat_03
232,464.0,535.7268,196.13062,744.84064,467.41327,0.74974674,0.69119155,0.8531360626220703,False,True,False,0.01799323409795761,False,False,student,seat_08
232,464.0,0.37482467,193.5251,218.371,470.8935,0.12807134,0.6921027,0.7999400496482849,False,False,False,,False,False,student,seat_05
232,464.0,233.70299,166.1062,391.2688,421.11435,0.36590856,0.6116881,0.7581556439399719,False,False,False,,False,False,student,seat_06
232,464.0,373.27203,302.6395,686.38135,478.07504,0.6204059,0.8132443,0.7577751874923706,False,False,False,,False,False,student,seat_12
232,464.0,54.238483,145.14412,154.24283,258.6813,0.122061655,0.4206515,0.7123153209686279,False,False,True,0.2879974842071533,False,False,student,seat_01
232,464.0,789.80536,144.79472,854.0,283.5594,0.96241534,0.44620222,0.3204133212566376,False,False,False,,False,False,instructor,
233,466.0,371.8524,71.2423,604.4866,332.73306,0.571627,0.4208077,0.905710756778717,False,True,False,0.11230216920375824,False,False,student,seat_04
233,466.0,0.0,201.464,221.4749,473.5733,0.12966914,0.70316386,0.8837969899177551,False,False,False,,False,False,student,seat_05
233,466.0,234.1408,165.77708,391.48148,423.0931,0.36628938,0.6134064,0.8056353330612183,False,False,False,,False,False,student,seat_06
233,466.0,563.44037,183.35057,749.6072,469.0004,0.76876324,0.67953223,0.804742693901062,False,False,True,-0.6572034358978271,False,False,instructor,
233,466.0,375.95276,305.7479,681.3828,477.98325,0.61904895,0.8163866,0.7384024262428284,False,False,False,,False,False,student,seat_12
233,466.0,78.50792,154.00034,194.28993,256.07224,0.15971771,0.42715892,0.6916768550872803,False,False,True,0.7471936941146851,False,False,student,seat_01
233,466.0,790.1436,144.92546,854.0,285.0492,0.96261334,0.44789028,0.37318098545074463,False,False,False,,False,False,other,
233,466.0,789.8798,145.52086,854.0,358.96475,0.96245897,0.52550584,0.2653726041316986,False,False,False,,False,False,other,
234,468.0,372.49246,69.226974,604.99786,334.34717,0.57230115,0.42038974,0.8991947770118713,False,False,True,0.06927097588777542,False,False,student,seat_04
234,468.0,2.1660585,197.7024,221.94284,473.98724,0.1312113,0.6996767,0.8622804880142212,False,False,False,,False,False,student,seat_05
234,468.0,563.3613,179.20142,751.60724,470.2053,0.76988786,0.67646533,0.8424575328826904,False,False,True,-0.5167942047119141,False,False,instructor,
234,468.0,233.8094,167.009,391.60724,432.98962,0.36616898,0.6249986,0.8356975317001343,False,False,False,,False,False,student,seat_06
234,468.0,372.75577,304.17084,686.0138,477.85934,0.6198885,0.8146147,0.697733461856842,False,False,False,,False,False,student,seat_12
234,468.0,89.31794,155.51309,194.57732,266.84464,0.16621503,0.43995598,0.5820894241333008,False,False,True,0.9215586185455322,False,False,student,seat_05
234,468.0,0.0,214.40565,44.916645,474.66083,0.026297802,0.71777755,0.5412448644638062,False,False,False,,False,False,student,seat_09
234,468.0,790.0338,144.71216,854.0,280.92422,0.9625491,0.44337124,0.2679738700389862,False,False,False,,False,False,other,
235,470.0,372.24722,72.59244,600.5269,334.57516,0.5695399,0.4241329,0.9091507196426392,False,True,False,-0.023318244144320488,False,False,student,seat_03
235,470.0,563.5396,177.59209,750.43994,467.62598,0.76930887,0.67210215,0.8612998127937317,False,False,True,-0.4819982349872589,False,False,instructor,
235,470.0,234.21112,166.02263,391.84082,431.09863,0.36654094,0.62200135,0.8548649549484253,False,False,False,,False,False,student,seat_06
235,470.0,0.9679594,197.89136,225.06563,474.94867,0.13233817,0.70087504,0.8256211280822754,False,False,False,,False,False,student,seat_05
235,470.0,376.65454,304.79877,683.3567,477.98114,0.6206155,0.8153957,0.7243980765342712,False,False,False,,False,False,student,seat_12
235,470.0,80.80274,155.38611,195.71255,268.7686,0.1618942,0.4418278,0.6348342895507812,False,False,True,1.0925984382629395,False,False,student,seat_05
236,472.0,652.89056,237.60216,854.0,475.236,0.8822545,0.7425397,0.9308592081069946,True,False,False,,False,False,instructor,
236,472.0,164.04208,219.86308,387.11438,411.91235,0.32269114,0.6580994,0.8990610241889954,False,True,False,0.09243541955947876,False,False,student,seat_06
236,472.0,356.70392,254.00139,581.04785,475.51465,0.549035,0.75991255,0.8891399502754211,False,False,False,,False,False,student,seat_11
236,472.0,441.3777,39.348373,554.1042,338.30502,0.58283484,0.39338893,0.8177078366279602,False,False,True,-1.1966683864593506,False,False,student,seat_04
236,472.0,144.18456,156.25732,270.63037,302.6295,0.24286589,0.4780071,0.7845621109008789,False,False,False,,False,False,student,seat_06
236,472.0,123.26176,144.50917,194.27065,246.55173,0.1859089,0.40735513,0.5915602445602417,False,False,True,0.23213151097297668,False,False,student,seat_01
236,472.0,416.67783,201.1388,524.4149,352.3719,0.55099106,0.5765736,0.529601514339447,False,False,True,0.2944720685482025,False,False,student,seat_07
236,472.0,51.90438,124.057945,145.50053,306.97064,0.11557665,0.4489881,0.4851348400115967,False,False,False,,False,False,student,seat_05
236,472.0,344.7836,167.46977,429.45166,276.85342,0.4532993,0.46283665,0.45541808009147644,False,False,False,,False,False,student,seat_07
236,472.0,175.72943,111.49665,269.36765,205.72345,0.26059547,0.3304376,0.40312767028808594,False,False,True,0.04152984172105789,False,False,student,seat_02
236,472.0,265.59464,150.86629,356.6679,237.98555,0.36432236,0.405054,0.3936581611633301,False,True,False,0.017770422622561455,False,False,student,seat_02
237,474.0,653.32544,236.78242,854.0,475.14044,0.88250905,0.7415863,0.9304751753807068,True,False,False,,False,False,instructor,
237,474.0,351.4848,251.05469,583.72974,476.079,0.5475495,0.7574309,0.8895642757415771,False,False,False,,False,False,student,seat_11
237,474.0,469.5047,37.0323,574.56793,343.21637,0.6112837,0.39609236,0.8759447932243347,False,False,True,-0.8888864517211914,False,False,student,seat_04
237,474.0,164.1275,224.95259,389.29712,416.48517,0.3240191,0.6681643,0.8753196001052856,False,True,False,0.12868785858154297,False,False,student,seat_06
237,474.0,143.99983,157.45923,271.75775,305.5013,0.24341778,0.48225057,0.6704189777374268,False,False,False,,False,False,student,seat_06
237,474.0,123.3852,145.00554,196.96207,246.56969,0.18755694,0.40789086,0.6134259700775146,False,False,True,0.22472363710403442,False,False,student,seat_01
237,474.0,262.69882,151.41174,355.0727,237.53603,0.3616929,0.4051539,0.5513268709182739,False,True,False,0.01979956217110157,False,False,student,seat_02
237,474.0,47.909702,124.5969,144.92574,306.3084,0.11290131,0.4488597,0.5461056232452393,False,False,False,,False,False,student,seat_05
237,474.0,176.27234,113.04352,267.98294,205.51514,0.26010263,0.33183193,0.44103485345840454,False,False,True,0.050162650644779205,False,False,student,seat_02
237,474.0,62.576435,113.176186,108.34573,193.91768,0.10007153,0.31988946,0.34260377287864685,False,False,True,0.002466324483975768,False,False,student,seat_01
237,474.0,345.74396,168.1789,429.4039,267.32483,0.4538336,0.4536497,0.32531172037124634,False,False,False,,False,False,student,seat_07
237,474.0,385.6474,200.00305,495.24387,350.79584,0.51574427,0.5737488,0.26090314984321594,False,False,False,,False,False,student,seat_07
238,476.0,653.0762,236.53333,854.0,474.99716,0.8823631,0.7411776,0.9310300946235657,True,False,False,,False,False,instructor,
238,476.0,480.55753,40.84183,595.3343,344.9109,0.6299133,0.40182576,0.8815539479255676,False,False,True,-0.5869967937469482,False,False,student,seat_04
238,476.0,164.97478,221.9344,387.509,416.38174,0.32346824,0.66491264,0.8718116283416748,False,True,False,0.10931486636400223,False,False,student,seat_06
238,476.0,348.81464,250.86792,580.2466,476.2606,0.54394686,0.75742555,0.8573151230812073,False,False,False,,False,False,student,seat_11
238,476.0,144.50934,158.40886,273.83426,303.05475,0.24493185,0.48069128,0.691849410533905,False,False,False,,False,False,student,seat_06
238,476.0,123.23221,144.7252,192.90819,247.29947,0.1850939,0.40835902,0.613865852355957,False,False,True,0.24368517100811005,False,False,student,seat_01
238,476.0,340.72128,169.23483,429.23438,274.31418,0.45079374,0.46203023,0.5665717720985413,False,False,False,,False,False,student,seat_07
238,476.0,49.586372,124.39699,144.55211,305.48508,0.11366422,0.44779384,0.5452547669410706,False,False,False,,False,False,student,seat_05
238,476.0,255.64775,122.72959,327.18292,229.06612,0.34123576,0.36645386,0.47573238611221313,False,False,True,0.14381176233291626,False,False,student,seat_02
238,476.0,63.931755,112.561424,108.79851,194.5062,0.10113013,0.3198621,0.3705900311470032,False,False,True,-0.0007550225709564984,False,False,student,seat_01
239,478.0,704.37256,235.58224,853.81134,475.3036,0.9122856,0.7405061,0.9203953146934509,True,False,False,,False,False,instructor,
239,478.0,531.0188,39.475426,646.53766,346.90457,0.68943584,0.40247917,0.8855756521224976,False,False,True,-0.6458315253257751,False,False,student,seat_04
239,478.0,402.32956,254.08968,630.32556,477.15744,0.60459906,0.76171577,0.8297500014305115,False,False,False,,False,False,student,seat_12
239,478.0,219.64673,226.48393,438.70996,416.65894,0.38545474,0.66994053,0.8198918700218201,False,True,False,0.11845967173576355,False,False,student,seat_07
239,478.0,195.42307,158.96515,324.49615,303.9802,0.30440232,0.48223475,0.684588611125946,False,False,False,,False,False,student,seat_06
239,478.0,174.18098,145.03409,244.23543,245.62375,0.24497448,0.40693524,0.6316239237785339,False,False,True,0.08699478209018707,False,False,student,seat_02
239,478.0,105.03333,124.5926,194.70338,303.20328,0.17548989,0.4456207,0.5506295561790466,False,False,False,,False,False,student,seat_05
239,478.0,464.76312,201.12332,575.16394,347.01602,0.60885656,0.57097846,0.44789889454841614,False,False,True,0.346695214509964,False,False,student,seat_08
239,478.0,342.85825,142.92194,403.0794,232.91513,0.43673164,0.39149696,0.4273075461387634,False,False,False,,False,False,student,seat_03
240,480.0,684.656,239.60713,853.81195,474.57938,0.9007424,0.7439443,0.9183999300003052,True,False,False,,False,False,instructor,
240,480.0,387.43805,253.75381,611.23566,474.9091,0.58470356,0.75902385,0.8753933906555176,False,False,False,,False,False,student,seat_12
240,480.0,199.73323,226.4457,418.40363,414.70624,0.36190683,0.6678666,0.8635545969009399,False,True,False,0.11394961923360825,False,False,student,seat_06
240,480.0,495.15396,40.15081,628.3575,346.97278,0.6577936,0.40325373,0.7920554876327515,False,False,True,-0.5323141813278198,False,False,student,seat_04
240,480.0,177.11766,157.61397,304.05457,301.39426,0.28171676,0.4781336,0.7879692316055298,False,False,False,,False,False,student,seat_06
240,480.0,153.2709,144.73729,228.16376,248.31343,0.2233224,0.40942782,0.6549330949783325,False,False,True,0.15524859726428986,False,False,student,seat_02
240,480.0,87.09839,125.01639,175.24051,302.83676,0.1535942,0.44568035,0.5544368624687195,False,False,False,,False,False,student,seat_05
240,480.0,290.8981,123.22889,363.46872,218.3846,0.38311875,0.3558474,0.4870082437992096,False,False,True,0.022165512666106224,False,False,student,seat_03
240,480.0,372.0017,173.11028,454.8553,278.8881,0.4841083,0.4708316,0.44755521416664124,False,False,False,,False,False,student,seat_07
240,480.0,409.54108,200.82861,556.21106,355.03955,0.5654287,0.5790293,0.33328479528427124,False,False,True,3.7107625007629395,False,False,student,seat_07
240,480.0,98.04425,113.03524,142.51564,193.94617,0.14084303,0.3197723,0.2612987160682678,False,False,True,0.01448092795908451,False,False,student,seat_01
241,482.0,683.37976,237.14929,853.8698,475.1308,0.900029,0.74195844,0.9225037693977356,True,False,False,,False,False,instructor,
241,482.0,507.3895,39.206867,626.8317,347.1741,0.66406393,0.40248019,0.8983457684516907,False,False,True,-0.529232919216156,False,False,student,seat_04
241,482.0,209.562,199.7415,416.9715,400.2087,0.3668229,0.62494814,0.8869490623474121,False,False,True,0.48388394713401794,False,False,student,seat_06
241,482.0,388.51694,258.81833,611.9163,475.4418,0.5857337,0.7648543,0.867301344871521,False,False,False,,False,False,student,seat_12
241,482.0,178.81195,158.54185,290.3428,307.13522,0.27468076,0.48508027,0.8018938899040222,False,False,False,,False,False,student,seat_06
241,482.0,373.1857,172.71173,459.52222,278.06082,0.4875339,0.46955475,0.687670886516571,False,False,False,,False,False,student,seat_07
241,482.0,162.23717,151.82605,226.9706,245.60605,0.2278734,0.41399178,0.5744151473045349,False,False,True,-0.07525543123483658,False,False,student,seat_02
241,482.0,89.523254,124.293076,177.2118,300.6863,0.15616806,0.44268686,0.45976734161376953,False,False,False,,False,False,student,seat_05
241,482.0,411.70486,201.44017,556.13196,355.8926,0.5666492,0.58055496,0.3865022361278534,False,False,False,,False,False,student,seat_07
241,482.0,291.97974,124.17711,356.4705,205.39838,0.37965468,0.34330782,0.33233222365379333,False,False,True,0.15964765846729279,False,False,student,seat_02
241,482.0,99.413445,112.27319,143.43059,193.57256,0.14218034,0.31858933,0.2562548518180847,False,False,True,0.00445494195446372,False,False,student,seat_01
242,484.0,676.2741,236.55377,853.9201,475.3208,0.8958982,0.741536,0.9230284690856934,True,False,False,,False,False,instructor,
242,484.0,497.43958,39.622974,619.24927,347.41632,0.6537991,0.40316594,0.8781792521476746,False,False,True,-0.6537679433822632,False,False,student,seat_04
242,484.0,200.90297,208.7656,404.53778,404.10104,0.3544735,0.63840276,0.8390246033668518,False,False,True,0.5997722148895264,False,False,student,seat_06
242,484.0,168.59518,160.52351,288.70944,309.86868,0.26774275,0.48999187,0.7952118515968323,False,False,False,,False,False,student,seat_06
242,484.0,386.9506,258.60654,605.19244,476.24014,0.58088,0.7654653,0.7888139486312866,False,False,False,,False,False,student,seat_12
242,484.0,79.56539,122.54302,173.2912,304.0142,0.1480425,0.44433042,0.6154776215553284,False,False,False,,False,False,student,seat_05
242,484.0,367.80197,174.25847,451.83682,276.1001,0.4798822,0.4691235,0.5880727171897888,False,False,False,,False,False,student,seat_07
242,484.0,161.21599,140.64825,220.02768,243.73393,0.22321057,0.40039814,0.5060970187187195,False,False,True,-0.10381710529327393,False,False,student,seat_02
242,484.0,405.1097,198.28532,546.0575,357.6494,0.5568895,0.5790987,0.47430136799812317,False,False,False,,False,False,student,seat_07
242,484.0,91.65315,111.476814,135.10692,194.59564,0.1327635,0.31882545,0.3627718985080719,False,False,True,0.026952479034662247,False,False,student,seat_01
242,484.0,286.8783,125.221725,350.65067,213.25424,0.3732605,0.35257912,0.286785751581192,False,False,True,0.09669804573059082,False,False,student,seat_02
243,486.0,676.5103,236.88301,853.93005,475.369,0.8960424,0.7419292,0.9238600730895996,True,False,False,,False,False,instructor,
243,486.0,507.2691,39.53869,618.8549,347.79642,0.6593232,0.40347406,0.8760865926742554,False,False,True,-0.7023395895957947,False,False,student,seat_04
243,486.0,199.88957,208.0559,408.60153,403.07275,0.3562594,0.6365923,0.871796190738678,False,False,True,0.5364676713943481,False,False,student,seat_06
243,486.0,167.78943,160.31961,288.9347,313.32446,0.2674029,0.49337924,0.8107668161392212,False,False,False,,False,False,student,seat_06
243,486.0,390.1222,259.99582,605.55786,476.31247,0.58295083,0.7669878,0.7607914209365845,False,False,False,,False,False,student,seat_12
243,486.0,77.02884,123.992134,172.81056,304.39282,0.146276,0.44623432,0.5775895714759827,False,False,False,,False,False,student,seat_05
243,486.0,368.73935,173.9055,451.3486,278.32425,0.48014516,0.47107264,0.5411903858184814,False,False,False,,False,False,student,seat_07
243,486.0,407.4208,199.94128,547.2683,359.40472,0.55895144,0.5826521,0.5195274949073792,False,False,False,,False,False,student,seat_07
243,486.0,154.39592,143.07098,220.39484,243.62175,0.21943253,0.40280494,0.5075538158416748,False,False,True,0.29195597767829895,False,False,student,seat_02
243,486.0,91.62852,111.94333,135.3857,195.36137,0.13291231,0.32010904,0.36347299814224243,False,False,True,0.019344095140695572,False,False,student,seat_01
243,486.0,288.4196,125.14182,349.86426,211.19199,0.37370247,0.3503477,0.28217869997024536,False,False,True,0.08963509649038315,False,False,student,seat_02
244,488.0,680.2844,239.76714,853.87573,474.7915,0.89822024,0.74433196,0.9209520816802979,False,False,False,,False,False,instructor,
244,488.0,506.91885,38.94423,616.3909,346.13226,0.65767556,0.40112132,0.8892287611961365,False,False,True,-0.7521220445632935,False,False,student,seat_04
244,488.0,202.74817,187.85168,388.99915,404.957,0.34645626,0.61750907,0.8694681525230408,False,False,True,0.48899513483047485,False,False,student,seat_06
244,488.0,168.03148,160.80115,281.8364,309.4058,0.26338866,0.4897989,0.8098589181900024,False,False,False,,False,False,student,seat_06
244,488.0,385.20624,262.4108,604.93604,478.3678,0.5797086,0.77164435,0.7844041585922241,False,False,False,,False,False,student,seat_12
244,488.0,153.19121,141.81592,221.22902,245.43501,0.21921559,0.40338638,0.5956242680549622,False,False,True,0.3083876371383667,False,False,student,seat_02
244,488.0,75.28399,122.546196,172.88028,304.8844,0.14529525,0.4452402,0.5610223412513733,False,False,False,,False,False,student,seat_05
244,488.0,358.50668,174.1794,451.19467,286.23544,0.47406402,0.47959882,0.539931058883667,False,False,False,,False,False,student,seat_07
244,488.0,407.1824,198.4586,549.52,358.11487,0.5601302,0.57976407,0.44161632657051086,False,False,False,,False,False,student,seat_07
244,488.0,91.41916,111.39586,135.38986,194.77383,0.13279216,0.31892675,0.3745686113834381,False,False,True,0.05787009000778198,False,False,student,seat_01
244,488.0,275.5877,124.0192,347.80783,219.21994,0.36498567,0.35754076,0.2885119318962097,False,False,True,0.08964689075946808,False,False,student,seat_02
245,490.0,680.4754,239.42499,853.8682,474.58228,0.89832765,0.74375755,0.9211901426315308,False,False,False,,False,False,instructor,
245,490.0,507.10968,39.097202,615.85486,347.29688,0.65747344,0.40249383,0.8960840106010437,False,False,True,-0.8248266577720642,False,False,student,seat_04
245,490.0,380.0146,250.3365,607.6157,476.09665,0.5782379,0.75670123,0.8847087025642395,False,False,False,,False,False,student,seat_12
245,490.0,202.85335,197.4416,400.47928,404.09915,0.35323924,0.626605,0.8531049489974976,False,False,False,,False,False,student,seat_06
245,490.0,169.27908,157.48158,298.0969,316.76852,0.27363932,0.49401054,0.7957106828689575,False,False,False,,False,False,student,seat_06
245,490.0,153.35776,142.61317,221.57727,245.4866,0.219517,0.40427062,0.6200316548347473,False,False,True,0.32452595233917236,False,False,student,seat_02
245,490.0,369.3217,169.43219,450.69183,287.187,0.48010162,0.475645,0.5473601222038269,False,False,False,,False,False,student,seat_07
245,490.0,77.781975,123.27686,173.19727,304.4224,0.14694336,0.44552004,0.5407513380050659,False,False,False,,False,False,student,seat_05
245,490.0,277.96704,123.732796,345.78772,215.8914,0.365196,0.3537752,0.4583030343055725,False,False,True,0.13851997256278992,False,False,student,seat_02
245,490.0,91.67932,111.54741,135.32448,195.15463,0.1329062,0.31948128,0.3724510371685028,False,False,True,0.03373098373413086,False,False,student,seat_01
245,490.0,99.98039,123.6517,172.53506,216.81834,0.15955237,0.35465628,0.28482118248939514,False,False,False,,False,False,student,seat_01
246,492.0,680.8852,240.4261,853.8663,474.72635,0.8985664,0.7449505,0.9188624620437622,False,False,False,,False,False,instructor,
246,492.0,505.761,38.61979,617.0633,347.21426,0.65739125,0.40191045,0.8943755030632019,False,False,True,-0.8068390488624573,False,False,student,seat_04
246,492.0,204.32027,201.31125,409.07687,403.13058,0.3591318,0.6296269,0.8866644501686096,False,False,False,,False,False,student,seat_06
246,492.0,382.28647,254.89607,610.3849,475.8935,0.58118933,0.7612391,0.8854470252990723,False,False,False,,False,False,student,seat_12
246,492.0,171.34999,160.12172,296.23672,306.85345,0.27376273,0.48643246,0.8070828318595886,False,False,False,,False,False,student,seat_06
246,492.0,274.7634,127.713036,350.1375,213.1057,0.36586702,0.3550195,0.5669068694114685,False,False,True,-0.10347405821084976,False,False,student,seat_02
246,492.0,147.96461,134.82465,213.40083,244.47438,0.21157227,0.39510313,0.5495911836624146,False,False,True,1.3021435737609863,False,False,student,seat_02
246,492.0,80.104515,123.062096,167.27135,304.1368,0.14483364,0.44499886,0.5169081687927246,True,False,False,,False,False,student,seat_05
246,492.0,371.05737,167.27731,453.948,281.26376,0.4830242,0.4672303,0.35140854120254517,False,False,False,,False,False,student,seat_07
246,492.0,407.8041,202.94415,549.8626,346.27362,0.5606948,0.57210183,0.3188513219356537,False,False,True,1.1341679096221924,False,False,student,seat_07
246,492.0,91.17605,111.69002,134.82587,194.37332,0.13231963,0.318816,0.283303827047348,False,False,True,0.032926201820373535,False,False,student,seat_01
247,494.0,671.3831,239.62842,853.9355,474.61246,0.8930437,0.74400085,0.9225389361381531,False,False,False,,False,False,instructor,
247,494.0,475.66592,40.999657,584.29346,343.64627,0.6205851,0.40067285,0.8822199702262878,False,False,True,-0.5065898299217224,False,False,student,seat_04
247,494.0,194.33412,202.66032,401.21625,404.34348,0.34868288,0.6322956,0.8691903352737427,False,False,False,,False,False,student,seat_06
247,494.0,374.72272,255.8853,601.7368,476.22528,0.5716976,0.7626152,0.8540184497833252,False,False,False,,False,False,student,seat_12
247,494.0,161.35654,161.30809,283.68335,318.27487,0.260562,0.49956557,0.7012224793434143,False,False,False,,False,False,student,seat_06
247,494.0,266.41415,126.52708,340.70163,218.23535,0.3554542,0.35912752,0.5338233709335327,False,False,True,-0.09084340929985046,False,False,student,seat_02
247,494.0,65.675415,124.216385,159.7771,305.89737,0.13199796,0.44803518,0.5098647475242615,False,False,False,,False,False,student,seat_05
247,494.0,139.86299,139.51744,210.26752,247.6384,0.20499444,0.40328732,0.4945022761821747,False,False,True,0.22098778188228607,False,False,student,seat_02
247,494.0,354.48703,167.02899,443.28796,286.0546,0.4670814,0.47196206,0.2932359576225281,False,False,False,,False,False,student,seat_07
247,494.0,80.50615,112.47947,125.59457,196.825,0.12066786,0.32219216,0.2890414595603943,False,False,True,0.06734170019626617,False,False,student,seat_01
247,494.0,399.83948,203.19113,540.9437,350.61578,0.55080986,0.5768822,0.28717154264450073,False,False,True,0.5124093294143677,False,False,student,seat_07
247,494.0,349.85287,166.63701,442.5373,354.18567,0.46392864,0.5425236,0.27366527915000916,False,False,False,,False,False,student,seat_07
248,496.0,671.6648,239.46225,853.94495,474.61676,0.8932141,0.7438323,0.9242534041404724,False,False,False,,False,False,instructor,
248,496.0,470.455,44.41472,582.04474,339.46295,0.6162177,0.3998726,0.8857704997062683,False,False,True,-0.4408748745918274,False,False,student,seat_04
248,496.0,374.70056,257.48676,600.81573,476.34525,0.57114536,0.76440835,0.8686786890029907,False,False,False,,False,False,student,seat_12
248,496.0,194.21738,202.9135,402.07315,404.4505,0.34911624,0.6326708,0.8336743712425232,False,False,True,0.6137048006057739,False,False,student,seat_06
248,496.0,161.7219,162.3081,280.77643,306.9536,0.25907397,0.4888143,0.6984098553657532,False,False,False,,False,False,student,seat_06
248,496.0,270.25122,127.821686,342.70615,216.83006,0.35887435,0.35901222,0.4361354410648346,False,False,True,-0.12879696488380432,False,False,student,seat_02
248,496.0,69.33267,120.288666,174.5059,305.6528,0.14276263,0.44368902,0.43345725536346436,False,False,False,,False,False,student,seat_05
248,496.0,350.6491,168.10703,442.91434,357.4655,0.4646156,0.54747134,0.3870185911655426,False,False,False,,False,False,student,seat_07
248,496.0,191.60649,111.0111,269.30347,200.9568,0.26985362,0.32496655,0.329784631729126,False,False,True,-0.07101839035749435,False,False,student,seat_02
248,496.0,80.643974,111.57229,127.321724,197.10109,0.12175978,0.32153475,0.28705793619155884,False,False,True,0.0932951420545578,False,False,student,seat_01
249,498.0,538.82007,44.5248,653.97144,340.9431,0.6983557,0.4015291,0.8990116715431213,False,False,True,-0.6861703991889954,False,False,student,seat_04
249,498.0,435.66937,252.90605,662.8192,475.94516,0.6431432,0.75922,0.866365909576416,False,False,False,,False,False,student,seat_12
249,498.0,257.1422,202.27705,457.2304,402.51093,0.41825095,0.6299875,0.8230864405632019,False,False,True,0.5291853547096252,False,False,student,seat_07
249,498.0,224.60722,160.3798,344.3647,307.69785,0.33312175,0.48758087,0.7449756860733032,False,False,False,,False,False,student,seat_06
249,498.0,153.78018,123.238266,228.23793,295.72153,0.22366402,0.43641645,0.5209546089172363,False,False,False,,False,False,student,seat_06
249,498.0,199.07199,138.7941,277.50293,249.4111,0.27902514,0.4043804,0.518872857093811,False,False,True,0.21066895127296448,False,False,student,seat_02
249,498.0,718.0736,240.9244,853.77325,476.79572,0.9202851,0.7476251,0.4748142659664154,False,False,False,,False,False,instructor,
249,498.0,329.02176,123.04404,399.96597,209.45976,0.4268078,0.34635812,0.4313657879829407,False,False,True,-0.15671037137508392,False,False,student,seat_03
249,498.0,447.9331,200.07742,578.2026,363.40024,0.60078204,0.5869559,0.3603091239929199,False,False,False,,False,False,student,seat_08
249,498.0,415.839,169.61487,497.57507,290.26172,0.53478575,0.47903812,0.3390200138092041,False,False,True,-0.5490493774414062,False,False,student,seat_07
249,498.0,146.32632,111.24792,190.5471,195.27551,0.19723268,0.31929526,0.2571873068809509,False,False,True,0.08889773488044739,False,False,student,seat_02
250,500.0,534.8575,79.8566,649.7069,376.1355,0.6935389,0.47499177,0.8893932104110718,False,False,True,-0.5988033413887024,False,False,student,seat_08
250,500.0,431.94388,282.08786,669.0248,478.19803,0.6445952,0.7919645,0.8258737921714783,False,False,False,,False,False,student,seat_12
250,500.0,222.77156,189.59189,342.14294,342.46362,0.33074617,0.55422455,0.7306552529335022,False,False,False,,False,False,student,seat_06
250,500.0,254.86028,235.1935,452.63364,435.5826,0.41422358,0.6987251,0.7302156686782837,False,False,False,,False,False,student,seat_07
250,500.0,200.19717,168.9641,270.093,275.484,0.27534553,0.4629668,0.5938252806663513,False,False,True,0.32892781496047974,False,False,student,seat_06
250,500.0,330.90524,153.30386,402.24362,246.61197,0.42924407,0.41657898,0.5052618980407715,False,False,True,-0.20005351305007935,False,False,student,seat_03
250,500.0,148.36029,152.55438,228.1418,298.34686,0.22043447,0.4696888,0.43059679865837097,False,False,False,,False,False,student,seat_06
250,500.0,769.591,271.8965,854.0,478.56613,0.95058024,0.7817319,0.40291932225227356,False,False,False,,False,False,instructor,
250,500.0,416.4296,196.82333,493.14743,313.5729,0.53253925,0.53166276,0.36534520983695984,False,False,False,,False,False,student,seat_07
250,500.0,145.52411,143.15804,190.21875,222.56319,0.19657075,0.3809596,0.26098278164863586,False,False,True,0.10644980520009995,False,False,student,seat_02
251,502.0,547.22015,69.08722,685.06885,405.1493,0.7214807,0.49399635,0.9088919162750244,False,False,True,-0.23440445959568024,False,False,student,seat_08
251,502.0,212.63812,188.9603,337.11322,369.28058,0.32186848,0.5815009,0.7904745936393738,False,False,False,,False,False,student,seat_06
251,502.0,168.15718,177.06567,254.90565,294.43735,0.24769486,0.49114898,0.766666829586029,False,False,True,0.4748093783855438,False,False,student,seat_06
251,502.0,244.4921,245.80891,421.70242,470.98535,0.39004362,0.74666065,0.6968645453453064,False,False,False,,False,False,student,seat_11
251,502.0,438.14584,311.3024,662.68036,479.59018,0.6445118,0.82384646,0.6487922668457031,False,False,False,,False,False,student,seat_12
251,502.0,311.97806,163.9351,401.9927,257.72708,0.41801566,0.43923143,0.6046361327171326,False,True,False,0.09402583539485931,False,False,student,seat_07
251,502.0,98.11358,155.55959,203.53468,357.8081,0.17660905,0.534758,0.5884106159210205,False,False,False,,False,False,student,seat_05
251,502.0,111.49181,145.90129,162.49303,235.44023,0.16041267,0.39723074,0.5379883646965027,False,False,True,0.07733908295631409,False,False,student,seat_01
251,502.0,414.08255,210.76553,505.5506,336.2334,0.53842694,0.56979054,0.4719276428222656,False,False,False,,False,False,student,seat_07
252,504.0,580.0616,50.508423,724.81793,453.47876,0.763981,0.5249866,0.9133574366569519,False,False,True,-0.5797514319419861,False,False,instructor,
252,504.0,174.08885,195.39073,324.54373,384.38907,0.29193944,0.60393727,0.830461859703064,False,False,False,,False,False,student,seat_06
252,504.0,210.14061,260.33807,475.8872,477.54623,0.40165564,0.76862943,0.8218207359313965,False,False,False,,False,False,student,seat_11
252,504.0,138.54155,183.045,237.89587,312.63004,0.22039662,0.51632816,0.7868537902832031,False,False,True,0.4507797956466675,False,False,student,seat_06
252,504.0,62.365253,139.50856,121.88006,244.88893,0.107871965,0.40041405,0.6848557591438293,False,False,True,0.04947486147284508,False,False,student,seat_01
252,504.0,306.28003,164.4285,395.11185,268.11377,0.41065097,0.45056486,0.653325080871582,False,False,True,0.1409604698419571,False,False,student,seat_07
252,504.0,495.0848,336.45978,669.7968,478.3632,0.682015,0.84877396,0.6174656748771667,False,False,False,,False,False,student,seat_12
252,504.0,466.08618,252.76646,639.06793,473.88895,0.6470457,0.7569327,0.49241867661476135,False,False,True,2.432873487472534,False,False,student,seat_12
252,504.0,67.23413,148.66765,180.99146,341.83713,0.14533114,0.51094246,0.4749181270599365,False,False,False,,False,False,student,seat_05
252,504.0,421.68915,213.76625,525.3034,360.57767,0.55444527,0.59827495,0.360679030418396,False,False,False,,False,False,student,seat_07
252,504.0,786.6781,325.13123,854.0,477.6136,0.96058434,0.8361925,0.33800092339515686,False,False,True,-0.5236973762512207,False,False,other,
253,506.0,616.1479,49.111336,782.2932,472.82632,0.81875944,0.5436851,0.9110396504402161,False,False,True,-0.32905444502830505,False,False,instructor,
253,506.0,196.75272,207.00291,354.13412,399.00198,0.32253328,0.6312551,0.8483235239982605,False,False,False,,False,False,student,seat_06
253,506.0,244.99196,268.08423,506.88748,477.06702,0.44021046,0.7761992,0.8183716535568237,False,False,False,,False,False,student,seat_11
253,506.0,75.0446,141.88829,133.16762,254.19598,0.12190411,0.4125878,0.7673367261886597,False,False,True,0.04625757783651352,False,False,student,seat_01
253,506.0,165.88957,194.1161,266.70587,325.2668,0.25327602,0.5410239,0.7079613208770752,False,False,True,0.41834282875061035,False,False,student,seat_06
253,506.0,325.07068,174.90204,419.75803,286.4758,0.4360824,0.4806019,0.6449252367019653,False,False,True,0.33973267674446106,False,False,student,seat_07
253,506.0,458.0644,223.32616,573.04803,376.3403,0.6036958,0.62465256,0.6219485402107239,False,False,False,,False,False,student,seat_08
253,506.0,504.50656,347.0555,711.13043,477.0333,0.71173126,0.85842586,0.4286259710788727,False,False,False,,False,False,student,seat_12
253,506.0,78.52763,154.2804,210.44383,371.83047,0.16918704,0.5480321,0.3593418598175049,False,False,False,,False,False,student,seat_05
253,506.0,499.19308,267.65213,698.7514,476.97824,0.7013726,0.77565664,0.2833921015262604,False,False,False,,False,False,student,seat_12
253,506.0,0.45940405,151.40912,210.40291,435.34375,0.12345569,0.6112009,0.25749048590660095,False,False,False,,False,False,student,seat_05
254,508.0,650.4985,100.44919,830.1931,476.36325,0.86691546,0.6008463,0.9082122445106506,False,False,True,-0.5552988052368164,False,False,instructor,
254,508.0,176.4773,277.65128,351.56595,477.02158,0.3091588,0.78611755,0.8643222451210022,False,False,False,,False,False,student,seat_10
254,508.0,41.887554,207.86963,105.27819,332.66782,0.08616261,0.56305987,0.7873219847679138,False,False,True,0.031211018562316895,False,False,student,seat_05
254,508.0,111.30375,251.71799,238.94408,412.02365,0.20506313,0.69139755,0.7668896913528442,False,False,True,0.3157291114330292,False,False,student,seat_06
254,508.0,467.05975,295.3168,603.6215,470.0174,0.6268626,0.79722315,0.7261782884597778,False,False,False,,False,False,student,seat_12
254,508.0,207.72736,207.66208,278.99432,328.79407,0.28496584,0.5588085,0.6860268115997314,False,False,True,0.09461093693971634,False,False,student,seat_06
254,508.0,324.23395,242.76251,424.34213,371.40863,0.43827638,0.6397616,0.6595036387443542,False,False,True,0.3271012008190155,False,False,student,seat_07
254,508.0,284.178,355.677,468.74997,478.7837,0.44082433,0.8692299,0.6225659251213074,False,False,False,,False,False,student,seat_11
254,508.0,535.43835,347.99814,733.6546,477.46683,0.7430287,0.85985935,0.5122770071029663,False,False,False,,False,False,student,seat_12
254,508.0,48.407074,222.4438,153.66058,440.11566,0.11830659,0.6901661,0.5061232447624207,False,False,False,,False,False,student,seat_05
254,508.0,266.48105,231.60387,333.93842,344.93976,0.35153362,0.60056627,0.2585720121860504,False,False,False,,False,False,student,seat_06
255,510.0,681.1757,114.21542,853.97064,475.0517,0.89879763,0.6138199,0.9228537082672119,False,False,True,-0.29815953969955444,False,False,instructor,
255,510.0,131.29416,309.9903,322.46698,473.52078,0.26566812,0.8161574,0.8324840664863586,False,False,False,,False,False,student,seat_10
255,510.0,462.3848,332.5353,609.86975,477.82565,0.62778366,0.844126,0.7244419455528259,False,False,False,,False,False,student,seat_12
255,510.0,58.639935,282.8318,192.72952,465.37216,0.14717181,0.7793791,0.719427227973938,False,False,True,0.3474932014942169,False,False,student,seat_09
255,510.0,300.58014,273.00922,410.68124,423.33362,0.41642937,0.7253571,0.7088457345962524,False,False,True,0.14090579748153687,False,False,student,seat_11
255,510.0,0.025960207,249.90855,105.94304,474.0544,0.06204274,0.7541281,0.6857678890228271,False,False,False,,False,False,student,seat_09
255,510.0,162.86974,233.17323,237.72473,391.10788,0.23454009,0.6502928,0.6322875022888184,False,False,True,0.1169905737042427,False,False,student,seat_06
255,510.0,0.0,231.1595,46.60974,358.08322,0.027289076,0.6137945,0.4974958002567291,False,False,True,0.01481280941516161,False,False,student,seat_05
255,510.0,292.8414,401.81766,456.57706,480.0,0.43876958,0.91856,0.38702937960624695,False,False,False,,False,False,student,seat_11
256,512.0,617.33795,111.08469,829.5341,475.50247,0.8471148,0.6110283,0.9116207957267761,False,False,True,-0.5109676122665405,False,False,instructor,
256,512.0,85.44788,310.1139,282.6594,473.78894,0.21551947,0.81656545,0.8230441808700562,False,False,False,,False,False,student,seat_10
256,512.0,11.747493,283.02176,150.74986,466.7412,0.09513897,0.78100306,0.8107181191444397,False,False,True,0.34268876910209656,False,False,student,seat_09
256,512.0,417.59122,336.9225,562.84344,478.3462,0.574025,0.8492382,0.7821263670921326,False,False,False,,False,False,student,seat_12
256,512.0,118.663536,234.43008,193.5487,386.29562,0.18279406,0.6465893,0.7489234209060669,False,False,True,0.16641540825366974,False,False,student,seat_05
256,512.0,0.064987056,247.63383,56.452213,469.9516,0.033089697,0.74748486,0.6586753726005554,False,False,False,,False,False,student,seat_09
256,512.0,239.95628,269.88623,405.11118,416.59802,0.37767413,0.7150878,0.6292254328727722,False,False,True,0.227904811501503,False,False,student,seat_06
256,512.0,249.23848,399.63165,410.85208,480.0,0.3864699,0.91628295,0.39611753821372986,False,False,False,,False,False,student,seat_11
256,512.0,552.6005,400.48273,689.5979,479.93,0.72728246,0.91709656,0.3784652352333069,False,False,False,,False,False,student,seat_12
257,514.0,632.7219,112.61534,815.9112,478.27164,0.84814584,0.61550725,0.9106122255325317,False,False,True,-0.7043702602386475,False,False,instructor,
257,514.0,119.59661,304.05563,300.43442,472.33066,0.24591981,0.8087357,0.8149029612541199,False,False,False,,False,False,student,seat_10
257,514.0,266.0701,266.05325,391.936,402.32465,0.38524947,0.696227,0.7567110657691956,False,False,True,0.23284588754177094,False,False,student,seat_07
257,514.0,0.042920876,238.82065,90.63814,477.00235,0.053091954,0.745649,0.7545861601829529,False,False,False,,False,False,student,seat_09
257,514.0,434.32083,327.89755,572.4503,480.0,0.58944446,0.84156,0.7029370665550232,False,False,False,,False,False,student,seat_12
257,514.0,50.370827,274.5949,182.64836,419.07095,0.1364281,0.72256863,0.6449451446533203,False,False,True,0.3323764204978943,False,False,student,seat_09
257,514.0,149.13539,227.99721,220.72937,356.8599,0.21654844,0.60922617,0.577698290348053,False,False,True,0.11044761538505554,False,False,student,seat_06
257,514.0,266.57916,385.36154,437.14835,478.1892,0.41201848,0.8995321,0.4706748425960541,False,False,False,,False,False,student,seat_11
257,514.0,0.0,224.6921,32.669083,336.1164,0.019127097,0.58417547,0.3322289288043976,False,False,True,-0.17875723540782928,False,False,student,seat_05
257,514.0,266.1926,386.1992,526.79846,480.0,0.4642805,0.9022909,0.258789598941803,False,False,False,,False,False,student,seat_11
258,516.0,648.62244,108.06895,836.59595,479.25858,0.8695658,0.6117995,0.9213234782218933,False,False,True,-0.6820958256721497,False,False,instructor,
258,516.0,453.52234,318.40454,593.48627,478.30548,0.61300266,0.8299063,0.8603898286819458,False,False,False,,False,False,student,seat_12
258,516.0,131.74792,299.06393,320.12048,478.7037,0.26455995,0.81017464,0.849315881729126,False,False,False,,False,False,student,seat_10
258,516.0,279.14532,258.5445,412.08066,397.42242,0.40469903,0.6832989,0.770916223526001,False,False,True,0.2713342607021332,False,False,student,seat_07
258,516.0,0.0,233.16595,110.03453,476.2514,0.064423025,0.7389764,0.7060091495513916,False,False,False,,False,False,student,seat_09
258,516.0,53.816715,266.2783,199.65367,472.67947,0.14840186,0.7697477,0.70158851146698,False,False,True,0.312878280878067,False,False,student,seat_09
258,516.0,561.78033,379.14078,710.6112,479.08322,0.74495995,0.8939833,0.6512097716331482,False,False,False,,False,False,student,seat_12
258,516.0,166.06084,222.6617,239.53453,373.37823,0.23746802,0.62087494,0.6219133138656616,False,False,True,0.19407375156879425,False,False,student,seat_06
258,516.0,0.027186954,218.86201,51.720184,357.14478,0.030297056,0.60000706,0.5904372334480286,False,False,True,-0.05479409173130989,False,False,student,seat_05
258,516.0,285.08484,379.90417,454.99762,478.2003,0.43330353,0.89385885,0.4635981321334839,False,False,False,,False,False,student,seat_11
259,518.0,657.27,109.12258,844.0092,479.06763,0.87896913,0.61269814,0.9217369556427002,False,False,True,-0.5840668678283691,False,False,instructor,
259,518.0,453.60733,307.67007,596.4363,479.44586,0.6147796,0.8199125,0.8627534508705139,False,False,False,,False,False,student,seat_12
259,518.0,131.43777,297.4778,320.2915,478.479,0.2644785,0.80828834,0.8560298681259155,False,False,False,,False,False,student,seat_10
259,518.0,280.73254,257.31696,412.59958,398.08383,0.4059322,0.6827091,0.7925634980201721,False,False,True,0.2447832226753235,False,False,student,seat_07
259,518.0,0.0,229.76701,114.59858,476.177,0.06709519,0.73535836,0.740163266658783,False,False,False,,False,False,student,seat_09
259,518.0,55.345165,265.7403,199.55551,472.42337,0.14923927,0.76892054,0.7104774117469788,False,False,True,0.25083887577056885,False,False,student,seat_09
259,518.0,560.4688,378.40118,712.08734,479.12646,0.7450563,0.893258,0.6911072134971619,False,False,False,,False,False,student,seat_12
259,518.0,166.08003,223.33829,243.26512,366.0759,0.23966344,0.6139731,0.6817676424980164,False,False,True,0.20198112726211548,False,False,student,seat_06
259,518.0,0.025670065,218.73651,54.306545,356.45715,0.03181043,0.5991601,0.5802563428878784,False,False,True,-0.03611434996128082,False,False,student,seat_05
259,518.0,280.71722,378.79788,466.07834,480.0,0.43723392,0.8945811,0.46265465021133423,False,False,False,,False,False,student,seat_11
260,520.0,647.467,109.24414,834.6057,478.88068,0.8677241,0.61263,0.9211207628250122,False,False,True,-0.6200186610221863,False,False,instructor,
260,520.0,131.31252,297.03253,320.50253,478.44116,0.26452872,0.8077851,0.8524053692817688,False,False,False,,False,False,student,seat_10
260,520.0,284.4816,259.23935,412.54636,400.16232,0.408096,0.6868767,0.8023536801338196,False,False,True,0.230094775557518,False,False,student,seat_07
260,520.0,454.9582,301.0329,601.26904,480.0,0.61840004,0.8135759,0.7868133187294006,False,False,False,,False,False,student,seat_12
260,520.0,0.0,231.4047,112.55675,476.68185,0.06589974,0.73759013,0.7269586324691772,False,False,False,,False,False,student,seat_09
260,520.0,60.621284,267.23608,202.44003,472.5185,0.15401717,0.77057767,0.7263746857643127,False,False,True,0.22985950112342834,False,False,student,seat_09
260,520.0,0.026545584,218.24838,55.93889,357.86734,0.032766648,0.60012054,0.665614664554596,False,False,True,0.0950845330953598,False,False,student,seat_05
260,520.0,165.99036,224.00377,242.75697,359.25668,0.23931341,0.60756296,0.6627199053764343,False,False,True,0.14597922563552856,False,False,student,seat_06
260,520.0,559.2469,378.20108,712.7751,478.94266,0.7447435,0.8928581,0.5944998860359192,False,False,False,,False,False,student,seat_12
260,520.0,282.46515,379.2289,452.70407,480.0,0.43042693,0.8950301,0.4586455225944519,False,False,False,,False,False,student,seat_11
261,522.0,617.112,105.498825,849.7923,478.09537,0.85884327,0.6079106,0.9237719774246216,False,False,True,-0.570591151714325,False,False,instructor,
261,522.0,129.43184,296.01428,320.20398,478.17032,0.26325282,0.80644226,0.8468415141105652,False,False,False,,False,False,student,seat_10
261,522.0,283.56152,255.58363,413.69876,399.62454,0.408232,0.6825085,0.7868080735206604,False,False,True,0.08744701743125916,False,False,student,seat_07
261,522.0,0.0,231.30736,110.52497,475.95773,0.06471017,0.73673445,0.7397096157073975,False,False,False,,False,False,student,seat_09
261,522.0,455.06985,307.88873,595.33813,479.88528,0.614993,0.82059795,0.7306917905807495,False,False,False,,False,False,student,seat_12
261,522.0,165.17142,223.72653,239.7728,360.59018,0.23708677,0.60866326,0.7064746022224426,False,False,True,0.13539272546768188,False,False,student,seat_06
261,522.0,62.659973,266.87817,199.64896,468.83987,0.15357666,0.7663729,0.6910355687141418,False,False,True,0.24239708483219147,False,False,student,seat_09
261,522.0,0.018553913,217.92953,58.203533,355.53226,0.034087874,0.597356,0.68023282289505,False,False,True,0.12343978881835938,False,False,student,seat_05
261,522.0,558.0956,377.86197,710.71344,477.77475,0.74286246,0.8912882,0.5714111924171448,False,False,False,,False,False,student,seat_12
261,522.0,280.0065,379.00955,451.05713,478.3865,0.4280232,0.8931209,0.5020793080329895,False,False,False,,False,False,student,seat_11
261,522.0,222.62024,249.79066,303.67258,357.5864,0.308134,0.63268447,0.2551835775375366,False,False,False,,False,False,student,seat_06
262,524.0,633.0361,101.94474,854.0,478.0848,0.87063,0.60419744,0.9294381737709045,False,False,True,-0.14845992624759674,False,False,instructor,
262,524.0,442.862,310.28186,596.2065,477.64444,0.6083539,0.82075655,0.8541730642318726,False,False,False,,False,False,student,seat_12
262,524.0,130.4546,298.63126,319.56497,478.58716,0.2634775,0.8096025,0.8523798584938049,False,False,False,,False,False,student,seat_10
262,524.0,281.71973,256.85876,410.41702,401.44202,0.40523228,0.68573,0.7574236392974854,False,False,True,0.227760449051857,False,False,student,seat_07
262,524.0,0.0,230.60506,108.00029,476.6378,0.06323202,0.7367113,0.7371225357055664,False,False,False,,False,False,student,seat_09
262,524.0,163.77019,222.73825,238.8963,369.419,0.23575322,0.61683047,0.6992180347442627,False,False,True,0.16351017355918884,False,False,student,seat_06
262,524.0,62.630085,266.57455,196.21614,460.03214,0.15154931,0.75688195,0.6862047910690308,False,False,True,0.25374680757522583,False,False,student,seat_09
262,524.0,558.7434,377.90292,712.7012,479.32855,0.7444055,0.8929494,0.6324066519737244,False,False,False,,False,False,student,seat_12
262,524.0,0.010002315,218.48123,58.48469,349.3705,0.03424748,0.59151226,0.6210728287696838,False,False,True,0.25938352942466736,False,False,student,seat_05
262,524.0,280.2486,378.67746,444.66708,480.0,0.4244237,0.89445573,0.5579835176467896,False,False,False,,False,False,student,seat_11
263,526.0,636.41486,106.002304,854.0,476.75824,0.8726082,0.60704225,0.9341862797737122,False,False,True,-0.505044162273407,False,False,instructor,
263,526.0,138.3927,296.22107,318.8028,477.93796,0.26767886,0.8064157,0.8688563108444214,False,False,False,,False,False,student,seat_10
263,526.0,436.95773,306.55978,583.4816,479.21762,0.5974469,0.8185181,0.8515365123748779,False,False,False,,False,False,student,seat_12
263,526.0,285.55087,255.12315,405.68665,398.42252,0.40470582,0.6807767,0.8053892850875854,False,False,True,0.15082170069217682,False,False,student,seat_07
263,526.0,75.226265,268.85922,203.70619,426.6428,0.16330941,0.7244813,0.7211444973945618,False,False,True,0.24993470311164856,False,False,student,seat_09
263,526.0,0.0,219.20868,71.8505,357.03943,0.04206704,0.60025847,0.6446786522865295,False,False,True,0.24181543290615082,False,False,student,seat_05
263,526.0,171.67635,222.24246,242.99173,353.09286,0.24277991,0.59930766,0.6231181025505066,False,False,True,0.0932900682091713,False,False,student,seat_06
263,526.0,275.29172,372.5093,442.5698,478.5186,0.42029363,0.88648736,0.6082478165626526,False,False,False,,False,False,student,seat_11
263,526.0,539.9679,370.13434,690.2894,478.32776,0.7202912,0.8838147,0.5666619539260864,False,False,False,,False,False,student,seat_12
263,526.0,7.5709333,232.54301,125.438225,430.7,0.07787421,0.69087815,0.5434987545013428,False,False,False,,False,False,student,seat_05
264,528.0,631.39636,101.198265,815.36,477.31052,0.84704703,0.60261333,0.9062501788139343,False,False,True,-0.7678133249282837,False,False,instructor,
264,528.0,131.16792,294.62592,315.49857,478.03677,0.26151434,0.804857,0.8683600425720215,False,False,False,,False,False,student,seat_10
264,528.0,431.2666,307.89618,575.5734,477.45648,0.5894848,0.8180757,0.854264497756958,False,False,False,,False,False,student,seat_12
264,528.0,282.2176,255.58713,400.5055,398.62262,0.3997208,0.6814684,0.792816698551178,False,False,True,0.2010459005832672,False,False,student,seat_07
264,528.0,69.68982,266.34402,197.85619,423.3419,0.15664287,0.71842283,0.6980438232421875,False,False,True,0.2360585480928421,False,False,student,seat_09
264,528.0,0.32165205,236.02802,118.575325,476.78464,0.06961182,0.7425131,0.6969713568687439,False,False,False,,False,False,student,seat_09
264,528.0,164.20326,221.99338,237.1492,362.36002,0.23498389,0.60870147,0.6760554313659668,False,False,True,0.17757317423820496,False,False,student,seat_06
264,528.0,536.98944,369.38196,688.2482,479.32397,0.7173523,0.88406867,0.6623861789703369,False,False,False,,False,False,student,seat_12
264,528.0,0.0,218.48448,68.37621,361.2945,0.040032912,0.60393643,0.6209553480148315,False,False,True,0.2836223244667053,False,False,student,seat_05
264,528.0,270.5953,372.07806,445.6204,478.51004,0.41933003,0.8860293,0.5188668966293335,False,False,False,,False,False,student,seat_11
265,530.0,640.37555,106.17933,816.8384,477.80276,0.85316974,0.6083147,0.9095169901847839,False,False,True,-0.7832720279693604,False,False,instructor,
265,530.0,140.41704,291.52975,317.86255,477.20596,0.2683136,0.80076635,0.8715237975120544,False,False,False,,False,False,student,seat_10
265,530.0,432.6149,304.868,572.3047,475.83725,0.58836037,0.8132346,0.8236444592475891,False,False,False,,False,False,student,seat_12
265,530.0,278.93954,254.20944,400.69965,388.9332,0.39791518,0.66994023,0.8062581419944763,False,False,True,0.1816743165254593,False,False,student,seat_07
265,530.0,1.3830173,221.14908,78.682274,345.97333,0.046876635,0.59075254,0.7769054174423218,False,False,True,0.3936029076576233,False,False,student,seat_05
265,530.0,528.028,366.2164,684.5046,479.629,0.7099137,0.881089,0.6731457114219666,False,False,False,,False,False,student,seat_12
265,530.0,174.38223,222.31325,242.46443,340.58688,0.24405544,0.5863543,0.6586485505104065,False,False,True,0.07887578755617142,False,False,student,seat_06
265,530.0,78.29568,264.6078,203.25099,413.96005,0.16483997,0.7068415,0.6284003853797913,False,False,True,0.23276297748088837,False,False,student,seat_05
265,530.0,266.41965,370.23615,435.95303,477.5354,0.41122523,0.8830954,0.5964761972427368,False,False,False,,False,False,student,seat_11
265,530.0,10.501494,223.43532,126.727745,475.65454,0.08034498,0.7282186,0.538398802280426,False,False,False,,False,False,student,seat_09
265,530.0,15.979933,234.97734,125.01187,414.49023,0.082547896,0.67652875,0.3227234482765198,False,False,False,,False,False,student,seat_05
266,532.0,638.98645,113.13218,854.0,477.09656,0.87411386,0.6148216,0.9305360913276672,False,False,True,-0.29193735122680664,False,False,instructor,
266,532.0,141.1335,294.164,317.4082,477.25827,0.26846704,0.80356485,0.8699213266372681,False,False,False,,False,False,student,seat_10
266,532.0,432.76666,311.89795,571.14154,475.96768,0.58776826,0.8206933,0.7967091202735901,False,False,False,,False,False,student,seat_12
266,532.0,283.0849,258.71075,400.8577,393.7083,0.4004348,0.6796032,0.7940893769264221,False,False,True,0.19845779240131378,False,False,student,seat_07
266,532.0,0.46319118,223.06183,79.63067,351.69025,0.04689336,0.5987001,0.754332423210144,False,False,True,0.3679962754249573,False,False,student,seat_05
266,532.0,82.958405,268.61722,202.1395,426.89642,0.16691914,0.7244934,0.7249667644500732,False,False,True,0.16797544062137604,False,False,student,seat_09
266,532.0,172.0226,222.36081,242.98204,348.78714,0.24297695,0.5949458,0.642934262752533,False,False,True,0.14864294230937958,False,False,student,seat_06
266,532.0,12.431784,227.60936,124.46315,476.1434,0.080149256,0.7330758,0.5794082880020142,False,False,False,,False,False,student,seat_09
266,532.0,529.4336,367.50897,679.92975,479.06076,0.7080581,0.88184345,0.5511671304702759,False,False,False,,False,False,student,seat_12
266,532.0,272.04364,370.3214,441.86505,478.50366,0.41797933,0.88419276,0.5318589806556702,False,False,False,,False,False,student,seat_11
266,532.0,15.432101,238.90723,121.70661,418.7377,0.08029199,0.6850468,0.28360262513160706,False,False,False,,False,False,student,seat_05
267,534.0,562.13727,114.208786,740.98804,479.26175,0.7629539,0.61819845,0.9023919105529785,False,False,True,-0.5516007542610168,False,False,instructor,
267,534.0,138.66432,291.43436,317.39386,477.1619,0.26701298,0.8006211,0.8682260513305664,False,False,False,,False,False,student,seat_10
267,534.0,436.09613,307.54538,577.8584,476.11505,0.5936502,0.8163129,0.8228269219398499,False,False,False,,False,False,student,seat_12
267,534.0,277.6514,256.60306,402.57574,393.91202,0.39825946,0.6776199,0.76287841796875,False,False,True,0.1092163696885109,False,False,student,seat_07
267,534.0,0.27246,223.52538,79.04091,351.39172,0.0464364,0.598872,0.7446762323379517,False,False,True,0.38080164790153503,False,False,student,seat_05
267,534.0,82.88668,267.8946,200.9979,422.90625,0.16620877,0.7195842,0.7098201513290405,False,False,True,0.21174192428588867,False,False,student,seat_09
267,534.0,174.37204,224.72874,251.03915,344.83047,0.24906978,0.59329087,0.6507709622383118,False,False,True,0.3397229313850403,False,False,student,seat_06
267,534.0,528.0737,371.57898,680.7991,478.45554,0.70777094,0.8854526,0.6325528621673584,False,False,False,,False,False,student,seat_12
267,534.0,271.07333,371.50397,444.92993,478.84085,0.41920567,0.88577586,0.5563528537750244,False,False,False,,False,False,student,seat_11
267,534.0,12.635718,230.63928,125.765274,475.6481,0.081031024,0.735716,0.5204231142997742,False,False,False,,False,False,student,seat_09
267,534.0,14.456313,238.85643,120.376564,417.2438,0.07894196,0.6834377,0.4229309856891632,False,False,False,,False,False,student,seat_05
268,536.0,570.24744,114.92216,765.03394,476.59894,0.78178066,0.61616784,0.9183078408241272,False,False,True,-0.3059957027435303,False,False,instructor,
268,536.0,140.19394,297.61707,319.92084,477.72113,0.26938805,0.80764395,0.8719928860664368,False,False,False,,False,False,student,seat_10
268,536.0,434.28125,312.93375,577.1752,475.30032,0.5921876,0.82107717,0.8609799146652222,False,False,False,,False,False,student,seat_12
268,536.0,283.8324,256.44885,401.96045,392.18307,0.40151805,0.6756583,0.806629478931427,False,False,True,0.11623682826757431,False,False,student,seat_07
268,536.0,0.19434524,223.6461,78.88468,351.71915,0.046299197,0.59933877,0.7423601150512695,False,False,True,0.40972307324409485,False,False,student,seat_05
268,536.0,81.753334,268.67365,210.51923,425.772,0.17111976,0.7233809,0.6697694063186646,False,False,True,0.21945320069789886,False,False,student,seat_09
268,536.0,171.2797,222.77222,243.87016,348.34012,0.24306197,0.59490865,0.6518650650978088,False,False,True,0.16840703785419464,False,False,student,seat_06
268,536.0,272.49197,370.63113,442.28168,479.09375,0.41848576,0.88513005,0.6315249800682068,False,False,False,,False,False,student,seat_11
268,536.0,10.961469,229.44452,125.472626,475.68637,0.07987945,0.7345113,0.5386488437652588,False,False,False,,False,False,student,seat_09
268,536.0,533.0052,369.7995,681.13446,479.10684,0.7108546,0.88427746,0.5279763340950012,False,False,False,,False,False,student,seat_12
268,536.0,14.488341,238.94234,120.612785,416.47104,0.079099014,0.6827223,0.3873615562915802,False,False,False,,False,False,student,seat_05
269,538.0,588.3303,114.958725,782.5019,478.49188,0.802595,0.6181777,0.9204763174057007,False,False,True,-0.369205117225647,False,False,instructor,
269,538.0,140.47334,291.64703,320.756,476.96863,0.2700406,0.8006413,0.871656596660614,False,False,False,,False,False,student,seat_10
269,538.0,429.56488,314.6229,574.4787,476.27628,0.58784753,0.8238533,0.8232063055038452,False,False,False,,False,False,student,seat_12
269,538.0,282.29404,257.95993,400.50214,395.32806,0.39976355,0.6805083,0.7778074145317078,False,False,True,0.22051548957824707,False,False,student,seat_07
269,538.0,0.7359362,223.25851,76.45426,351.36682,0.045193326,0.5985681,0.710197925567627,False,False,True,0.3474913239479065,False,False,student,seat_05
269,538.0,82.75689,268.89722,205.36841,426.27536,0.16869164,0.72413814,0.6916534900665283,False,False,True,0.2266514152288437,False,False,student,seat_09
269,538.0,170.76204,216.55496,243.06598,339.7961,0.24228805,0.5795324,0.6052051186561584,False,False,True,0.1266179233789444,False,False,student,seat_06
269,538.0,529.91077,369.77826,686.24677,479.85214,0.712036,0.88503164,0.6011662483215332,False,False,False,,False,False,student,seat_12
269,538.0,271.89993,370.5734,448.17923,478.7594,0.42159203,0.88472164,0.5597178339958191,False,False,False,,False,False,student,seat_11
269,538.0,10.577431,230.8014,122.07876,476.15866,0.07766756,0.73641676,0.5445140600204468,False,False,False,,False,False,student,seat_09
269,538.0,14.923363,237.62683,118.72575,417.65295,0.078248896,0.6825831,0.294599711894989,False,False,False,,False,False,student,seat_05
270,540.0,586.395,115.436554,777.5371,476.41895,0.79855514,0.6165161,0.9185675978660583,False,False,True,-0.30404961109161377,False,False,instructor,
270,540.0,140.25696,295.3521,317.7066,477.47223,0.26812854,0.80502534,0.8626211881637573,False,False,False,,False,False,student,seat_10
270,540.0,285.20245,258.28818,400.92618,396.3996,0.40171468,0.6819664,0.7781368494033813,False,False,True,0.2086169570684433,False,False,student,seat_07
270,540.0,0.5334161,223.35808,76.739685,352.28577,0.045241863,0.59962904,0.7243629097938538,False,False,True,0.3510091304779053,False,False,student,seat_05
270,540.0,447.81256,295.0684,580.212,476.26617,0.6018879,0.80347353,0.722975492477417,False,False,False,,False,False,student,seat_12
270,540.0,83.54673,269.8979,212.59659,425.39996,0.17338601,0.7242686,0.676533043384552,False,False,True,0.2056822031736374,False,False,student,seat_09
270,540.0,166.71036,216.87471,239.92177,341.20932,0.23807502,0.5813376,0.6414443850517273,False,False,True,0.16312739253044128,False,False,student,seat_06
270,540.0,269.21017,371.82257,436.27484,478.04956,0.4130474,0.88528347,0.6079561114311218,False,False,False,,False,False,student,seat_11
270,540.0,532.48486,371.1879,680.292,478.56534,0.7100567,0.8851596,0.5717557072639465,False,False,False,,False,False,student,seat_12
270,540.0,10.901048,230.99796,121.38202,476.29453,0.0774491,0.736763,0.5344630479812622,False,False,False,,False,False,student,seat_09
270,540.0,15.141795,238.01239,118.843185,417.8213,0.07844554,0.68316007,0.29917487502098083,False,False,False,,False,False,student,seat_05
271,542.0,573.6999,117.98481,759.2278,475.6393,0.78040266,0.6183585,0.9236042499542236,False,False,True,-0.5332189202308655,False,False,instructor,
271,542.0,141.71231,294.9225,320.78348,477.09482,0.27078208,0.80418473,0.861407458782196,False,False,False,,False,False,student,seat_10
271,542.0,444.90555,304.50787,579.04553,475.44327,0.599503,0.81244916,0.8390557765960693,False,False,False,,False,False,student,seat_12
271,542.0,286.38467,258.60046,401.3496,396.7565,0.4026547,0.6826635,0.7779136300086975,False,False,True,0.21607723832130432,False,False,student,seat_07
271,542.0,0.2409769,223.16441,78.84521,352.74164,0.046303384,0.59990215,0.7562960386276245,False,False,True,0.3755679726600647,False,False,student,seat_05
271,542.0,82.72568,270.44147,212.06732,429.31403,0.17259543,0.728912,0.6828004717826843,False,False,True,0.21029260754585266,False,False,student,seat_09
271,542.0,11.330174,236.13959,131.52278,472.5709,0.08363756,0.73824006,0.6563349366188049,False,False,False,,False,False,student,seat_09
271,542.0,169.9485,221.59389,238.55513,347.38074,0.23917075,0.5926819,0.6425104737281799,False,False,True,0.15528759360313416,False,False,student,seat_06
271,542.0,269.8395,372.7269,439.5765,477.94272,0.41534895,0.8861142,0.5731732249259949,False,False,False,,False,False,student,seat_11
271,542.0,527.82996,373.30234,679.26154,478.29706,0.7067281,0.8870827,0.36542439460754395,False,False,False,,False,False,student,seat_12
272,544.0,595.432,110.30783,779.1861,476.96823,0.8048116,0.6117459,0.9112563133239746,False,False,True,-0.6575592756271362,False,False,instructor,
272,544.0,141.27705,294.87042,318.79184,477.139,0.2693612,0.80417645,0.8740612864494324,False,False,False,,False,False,student,seat_10
272,544.0,430.77054,314.53354,572.4876,476.58902,0.5873877,0.824086,0.8383623957633972,False,False,False,,False,False,student,seat_12
272,544.0,286.35233,257.7058,402.16043,393.25372,0.4031105,0.6780828,0.8122462630271912,False,False,True,0.0886746421456337,False,False,student,seat_07
272,544.0,0.0,222.99196,80.27015,353.77872,0.046996575,0.6008028,0.7390756011009216,False,False,True,0.33975937962532043,False,False,student,seat_05
272,544.0,7.3090916,234.07869,133.17728,473.31012,0.08225197,0.7368633,0.666697084903717,False,False,False,,False,False,student,seat_09
272,544.0,80.97119,269.62164,210.88737,425.10632,0.1708774,0.72367495,0.6543534994125366,False,False,True,0.2044333517551422,False,False,student,seat_09
272,544.0,169.4324,221.48312,238.6316,347.26767,0.23891336,0.5924488,0.6490538120269775,False,False,True,0.15647462010383606,False,False,student,seat_06
272,544.0,270.94846,371.52432,443.89157,478.51718,0.4185246,0.8854599,0.578217625617981,False,False,False,,False,False,student,seat_11
272,544.0,524.00793,369.8896,684.93036,480.0,0.70780927,0.88530165,0.36526915431022644,False,False,False,,False,False,student,seat_12
273,546.0,583.6845,112.47664,770.6763,477.61993,0.7929513,0.6146839,0.9125088453292847,False,False,True,-0.5833844542503357,False,False,instructor,
273,546.0,141.31389,294.31787,319.50244,477.15414,0.2697988,0.8036167,0.8720797300338745,False,False,False,,False,False,student,seat_10
273,546.0,432.54385,312.10983,572.5494,476.3072,0.5884621,0.8212677,0.8686796426773071,False,False,False,,False,False,student,seat_12
273,546.0,286.6343,257.38782,402.11722,392.43216,0.4032503,0.6768958,0.8044345378875732,False,False,True,0.08771054446697235,False,False,student,seat_07
273,546.0,0.0,223.27888,79.75919,353.26193,0.04669742,0.60056335,0.7299964427947998,False,False,True,0.33676496148109436,False,False,student,seat_05
273,546.0,7.9095764,233.65025,131.5876,472.91434,0.08167282,0.73600477,0.6773667931556702,False,False,False,,False,False,student,seat_09
273,546.0,81.15452,270.2842,211.95955,424.88904,0.17161246,0.7241388,0.649493932723999,False,False,True,0.18617115914821625,False,False,student,seat_09
273,546.0,170.4399,223.59656,243.14061,342.65085,0.24214315,0.58984107,0.6477622985839844,False,False,True,0.06278952956199646,False,False,student,seat_06
273,546.0,271.05176,372.04556,443.761,478.64304,0.41850862,0.88613397,0.6208357810974121,False,False,False,,False,False,student,seat_11
273,546.0,525.43964,370.25754,683.9714,480.0,0.7080861,0.88568497,0.377148300409317,False,False,False,,False,False,student,seat_12
274,548.0,579.7155,113.231094,767.41705,477.66257,0.7887193,0.6155142,0.914550244808197,False,False,True,-0.6353425979614258,False,False,instructor,
274,548.0,139.89296,292.90494,319.49585,476.9047,0.26896298,0.801885,0.8729246854782104,False,False,False,,False,False,student,seat_10
274,548.0,432.35165,312.31885,572.951,476.1506,0.58858466,0.8213224,0.8568263649940491,False,False,False,,False,False,student,seat_12
274,548.0,283.04572,257.807,403.0862,392.9579,0.4017166,0.6778801,0.8068011999130249,False,False,True,0.11270443350076675,False,False,student,seat_07
274,548.0,0.13321659,223.32167,78.90464,353.60657,0.04627509,0.6009669,0.7421030402183533,False,False,True,0.3542133867740631,False,False,student,seat_05
274,548.0,6.703791,234.37389,130.34499,474.81232,0.08023933,0.7387356,0.7225103974342346,False,False,False,,False,False,student,seat_09
274,548.0,80.92422,268.79355,207.31561,428.47287,0.16875869,0.7263192,0.690933346748352,False,False,True,-0.07380599528551102,False,False,student,seat_09
274,548.0,173.07703,222.46114,242.46603,346.1667,0.24329218,0.5923206,0.6363227367401123,False,False,True,0.1707940697669983,False,False,student,seat_06
274,548.0,270.20486,372.01624,441.29703,478.2898,0.4165702,0.88573545,0.6049299836158752,False,False,False,,False,False,student,seat_11
274,548.0,527.89526,372.0582,679.0584,479.38287,0.70664734,0.88691777,0.31025779247283936,False,False,False,,False,False,student,seat_12
275,550.0,585.03546,114.81563,770.7267,477.5069,0.7937718,0.6170026,0.9142892956733704,False,False,True,-0.4893890619277954,False,False,instructor,
275,550.0,141.17174,292.20956,320.4132,476.676,0.2702488,0.80092245,0.874525249004364,False,False,False,,False,False,student,seat_10
275,550.0,436.72842,309.4258,573.90533,474.6145,0.591706,0.8167086,0.8398822546005249,False,False,False,,False,False,student,seat_12
275,550.0,285.98206,258.3153,402.5715,388.92117,0.4031344,0.67420465,0.8207066655158997,False,False,True,0.18143266439437866,False,False,student,seat_07
275,550.0,0.13613838,223.3084,78.64897,353.6073,0.046127114,0.6009539,0.7477343678474426,False,False,True,0.36302489042282104,False,False,student,seat_05
275,550.0,6.9600334,233.41978,129.73799,474.52026,0.08003397,0.73743755,0.6985991597175598,False,False,False,,False,False,student,seat_09
275,550.0,81.2944,268.93814,212.26076,427.70425,0.17187071,0.72566915,0.6920742392539978,False,False,True,-0.08049478381872177,False,False,student,seat_09
275,550.0,172.64153,222.44954,241.81235,341.9831,0.24265449,0.58795065,0.6521282196044922,False,False,True,0.17227406799793243,False,False,student,seat_06
275,550.0,260.55777,374.81442,437.10217,477.01016,0.40846598,0.8873173,0.6372647285461426,False,False,False,,False,False,student,seat_11
276,552.0,579.5921,113.1602,769.75214,477.272,0.7900142,0.6150335,0.9189707040786743,False,False,True,-0.5288869738578796,False,False,instructor,
276,552.0,141.52011,292.55817,335.26526,478.69727,0.27914834,0.8033911,0.8709285855293274,False,False,False,,False,False,student,seat_10
276,552.0,440.03964,311.21548,574.0023,473.14764,0.5937014,0.817045,0.8175011277198792,False,False,False,,False,False,student,seat_12
276,552.0,282.357,257.9436,408.82452,409.51666,0.404673,0.69527113,0.8154744505882263,False,False,True,0.16382567584514618,False,False,student,seat_07
276,552.0,0.20172608,223.81111,79.09303,353.55017,0.046425503,0.60141796,0.7245824337005615,False,False,True,0.3431617021560669,False,False,student,seat_05
276,552.0,84.75947,267.2061,212.19415,431.05713,0.17386043,0.7273575,0.7209508419036865,False,False,True,-0.09891150891780853,False,False,student,seat_09
276,552.0,6.6475744,233.52728,128.54863,473.69843,0.079154685,0.73669344,0.7161439061164856,False,False,False,,False,False,student,seat_09
276,552.0,171.00537,222.14336,242.59552,342.60022,0.24215509,0.5882746,0.6017227172851562,False,False,True,0.14072363078594208,False,False,student,seat_06
276,552.0,293.94724,398.0939,470.76953,480.0,0.44772646,0.91468114,0.53155916929245,False,False,False,,False,False,student,seat_11
277,554.0,578.0927,112.73449,764.9773,477.8119,0.7863408,0.6151525,0.9167996644973755,False,False,True,-0.6229902505874634,False,False,instructor,
277,554.0,141.7179,293.4953,327.82623,479.17355,0.27490875,0.80486333,0.8547044396400452,False,False,False,,False,False,student,seat_10
277,554.0,440.26968,307.95493,573.6583,475.89423,0.59363467,0.8165095,0.811935305595398,False,False,False,,False,False,student,seat_12
277,554.0,285.2077,257.8164,405.0103,410.75702,0.4041089,0.6964306,0.76273512840271,False,False,True,0.1828402429819107,False,False,student,seat_07
277,554.0,85.87185,268.64438,212.38559,431.43732,0.1746238,0.72925174,0.7381241321563721,False,False,True,-0.09428627043962479,False,False,student,seat_09
277,554.0,7.1033845,233.6329,128.97012,473.84665,0.07966833,0.73695785,0.7220732569694519,False,False,False,,False,False,student,seat_09
277,554.0,0.9561399,222.91267,79.43418,351.52414,0.04706693,0.5983717,0.7198639512062073,False,False,True,0.29019251465797424,False,False,student,seat_05
277,554.0,171.72932,222.27757,242.18642,343.49573,0.24233943,0.5893472,0.6030792593955994,False,False,True,0.13892057538032532,False,False,student,seat_06
277,554.0,295.75488,381.7295,450.33398,478.098,0.43682018,0.89565367,0.4949904978275299,False,False,False,,False,False,student,seat_11
277,554.0,532.19446,372.00476,678.6745,478.6576,0.7089396,0.8861066,0.3242831230163574,False,False,False,,False,False,student,seat_12
278,556.0,552.2494,110.62543,773.04724,477.03177,0.7759348,0.6121429,0.9129418134689331,False,False,True,-0.4998224079608917,False,False,instructor,
278,556.0,140.9539,293.94443,326.58142,478.9653,0.27373263,0.8051143,0.8682209849357605,False,False,False,,False,False,student,seat_10
278,556.0,436.3315,307.55148,577.2664,476.07,0.59344137,0.8162724,0.8466602563858032,False,False,False,,False,False,student,seat_12
278,556.0,279.1849,257.13803,405.81476,409.3181,0.40105364,0.6942252,0.766867995262146,False,False,True,0.07952068001031876,False,False,student,seat_07
278,556.0,4.4477673,234.48291,129.82709,475.46893,0.078615256,0.7395332,0.7633806467056274,False,False,False,,False,False,student,seat_09
278,556.0,0.0,221.47482,78.03298,359.95804,0.04568676,0.60565925,0.6681606769561768,False,False,True,-0.2848052680492401,False,False,student,seat_05
278,556.0,82.88253,267.1329,208.56502,430.41385,0.17063673,0.7266112,0.6452085375785828,False,False,True,-0.08994530141353607,False,False,student,seat_09
278,556.0,171.86798,222.63629,242.7617,344.13663,0.24275744,0.5903885,0.5937585830688477,False,False,True,0.12395448237657547,False,False,student,seat_06
278,556.0,320.69254,382.55173,448.58917,477.58215,0.45039913,0.89597285,0.509240984916687,False,False,False,,False,False,student,seat_11
279,558.0,588.901,113.149124,795.9249,477.23227,0.81078804,0.61498064,0.9238631129264832,False,False,True,-0.15927967429161072,False,False,instructor,
279,558.0,140.70969,294.12778,323.21082,478.93307,0.27161622,0.80527174,0.8786203861236572,False,False,False,,False,False,student,seat_10
279,558.0,436.1332,302.71606,578.21265,476.4987,0.5938793,0.811682,0.8238426446914673,False,False,False,,False,False,student,seat_12
279,558.0,285.59933,256.93393,402.50668,403.27286,0.40287238,0.6877154,0.7969344854354858,False,False,True,0.13997162878513336,False,False,student,seat_07
279,558.0,0.0,220.93172,79.91414,357.02042,0.046788137,0.6020335,0.7605776190757751,False,False,True,0.05304528400301933,False,False,student,seat_05
279,558.0,5.477166,232.07378,130.11807,475.1701,0.07938832,0.7367124,0.7572173476219177,False,False,False,,False,False,student,seat_09
279,558.0,85.465706,265.91183,207.90828,433.3176,0.17176463,0.728364,0.6838668584823608,False,False,True,0.12473282963037491,False,False,student,seat_09
279,558.0,169.44647,222.49022,242.72261,356.49515,0.24131678,0.6031097,0.6053004860877991,False,False,True,0.10988668352365494,False,False,student,seat_06
279,558.0,318.6946,377.57895,446.44846,478.42966,0.44797602,0.89167565,0.4499586522579193,False,False,False,,False,False,student,seat_11
279,558.0,534.43115,370.19962,684.2143,478.66953,0.7134927,0.88423866,0.3866157829761505,False,False,False,,False,False,student,seat_12
280,560.0,589.1793,114.89316,782.647,477.35916,0.803177,0.6169295,0.9198155999183655,False,False,True,-0.43239888548851013,False,False,instructor,
280,560.0,140.41034,294.8607,324.1043,479.19608,0.27196407,0.8063091,0.8776261806488037,False,False,False,,False,False,student,seat_10
280,560.0,285.26306,257.0329,402.41888,401.15814,0.4026241,0.68561566,0.776147186756134,False,False,True,0.15023468434810638,False,False,student,seat_07
280,560.0,6.3208933,232.12393,122.47766,475.3035,0.07540899,0.73690355,0.7469966411590576,False,False,False,,False,False,student,seat_09
280,560.0,0.0,219.56847,78.9698,357.96442,0.04623525,0.6015968,0.7054013013839722,False,False,True,0.030221180990338326,False,False,student,seat_05
280,560.0,435.0631,295.37656,580.71423,476.55368,0.59471744,0.804094,0.6808321475982666,False,False,False,,False,False,student,seat_12
280,560.0,85.31371,268.22446,208.83057,433.59793,0.17221563,0.731065,0.6780216097831726,False,False,True,0.1740075796842575,False,False,student,seat_09
280,560.0,168.52026,217.81909,239.94247,361.83994,0.2391468,0.6038115,0.6028454899787903,False,False,True,0.08786258101463318,False,False,student,seat_06
280,560.0,533.6118,372.43234,682.489,478.64548,0.7120028,0.8865394,0.5169247388839722,False,False,False,,False,False,student,seat_12
280,560.0,317.20282,379.34848,444.3056,478.36636,0.44584802,0.89345294,0.42273256182670593,False,False,False,,False,False,student,seat_11
280,560.0,273.3839,377.89224,441.02643,480.0,0.41827303,0.8936377,0.27095308899879456,False,False,False,,False,False,student,seat_11
281,562.0,578.2286,110.44018,803.53906,478.63718,0.8089974,0.61362225,0.9307733774185181,False,False,True,0.09800662845373154,False,False,instructor,
281,562.0,140.43211,293.84207,324.2233,479.02963,0.27204648,0.8050747,0.8831104636192322,False,False,False,,False,False,student,seat_10
281,562.0,441.0465,296.6162,577.99835,475.95352,0.59663045,0.8047601,0.8486113548278809,False,False,False,,False,False,student,seat_12
281,562.0,287.02695,258.1444,402.97604,399.26212,0.40398303,0.6847984,0.7561357617378235,False,False,True,0.18181614577770233,False,False,student,seat_07
281,562.0,2.9011703,232.4909,122.3804,474.96527,0.07334986,0.7369335,0.7517389059066772,False,False,False,,False,False,student,seat_09
281,562.0,0.0,219.82945,79.25186,361.32248,0.046400387,0.6053666,0.6960824131965637,False,False,True,0.03750818222761154,False,False,student,seat_05
281,562.0,85.21944,268.45526,207.30446,429.0892,0.17126691,0.7266088,0.6736668348312378,False,False,True,0.17565909028053284,False,False,student,seat_09
281,562.0,534.64923,371.01874,684.6532,477.59836,0.7138773,0.8839761,0.6401321291923523,False,False,False,,False,False,student,seat_12
281,562.0,169.12404,216.79413,240.07787,354.67276,0.23957957,0.595278,0.591000497341156,False,False,True,0.050902292132377625,False,False,student,seat_06
281,562.0,307.35242,379.97366,449.19067,478.11807,0.44294092,0.89384556,0.4735301733016968,False,False,False,,False,False,student,seat_11
282,564.0,596.90393,113.76488,776.8677,478.19427,0.8043159,0.6166241,0.9207589030265808,False,False,True,-0.5752251744270325,False,False,instructor,
282,564.0,140.25606,291.88412,323.393,478.79565,0.27145728,0.8027915,0.8804730772972107,False,False,False,,False,False,student,seat_10
282,564.0,430.38327,308.03168,569.7976,474.8657,0.585586,0.8155181,0.8041329383850098,False,False,False,,False,False,student,seat_12
282,564.0,286.4706,257.7255,400.95584,403.63535,0.4024745,0.6889175,0.7731756567955017,False,False,True,0.20425213873386383,False,False,student,seat_07
282,564.0,3.6368723,233.17645,123.96715,474.8411,0.07470962,0.7375183,0.7458158731460571,False,False,False,,False,False,student,seat_09
282,564.0,0.0,219.5633,79.8275,363.45642,0.04673741,0.6073122,0.6839564442634583,False,False,True,0.02975429780781269,False,False,student,seat_05
282,564.0,84.96251,267.97992,206.89879,429.5747,0.17087898,0.7266194,0.6657286286354065,False,False,True,0.184081569314003,False,False,student,seat_09
282,564.0,535.86096,368.8303,685.8829,479.27573,0.71530676,0.8834438,0.6438883543014526,False,False,False,,False,False,student,seat_12
282,564.0,168.74782,217.17601,239.16054,356.27112,0.23882222,0.59734076,0.5821738243103027,False,False,True,0.06562811136245728,False,False,student,seat_06
282,564.0,318.03363,374.66473,446.8738,477.48456,0.4478381,0.8876555,0.38016754388809204,False,False,False,,False,False,student,seat_11
282,564.0,262.85526,374.3312,445.64487,479.8664,0.4148127,0.8897892,0.3112644851207733,False,False,False,,False,False,student,seat_11
283,566.0,549.74005,112.42049,767.1134,477.92188,0.7709915,0.6149399,0.9191153645515442,False,False,True,-0.6339726448059082,False,False,instructor,
283,566.0,140.66336,292.9948,314.92746,478.9277,0.26673937,0.8040859,0.861583411693573,False,False,False,,False,False,student,seat_10
283,566.0,409.47778,305.9834,568.17523,477.43448,0.5723964,0.81606025,0.7993621826171875,False,False,False,,False,False,student,seat_12
283,566.0,286.07236,257.98123,402.74533,384.56543,0.40328905,0.6693194,0.7950590252876282,False,False,True,0.1928211748600006,False,False,student,seat_07
283,566.0,3.4287224,233.54738,126.98487,475.1157,0.07635456,0.7381907,0.7673212885856628,False,False,False,,False,False,student,seat_09
283,566.0,535.92847,368.47882,685.44214,480.0,0.7150882,0.8838321,0.7193096280097961,False,False,False,,False,False,student,seat_12
283,566.0,0.0,219.81544,79.53779,362.8659,0.04656779,0.6069597,0.7131879925727844,False,False,True,0.03934411332011223,False,False,student,seat_05
283,566.0,84.21856,269.46588,208.68375,427.3608,0.17148848,0.72586113,0.7074291110038757,False,False,True,0.017821356654167175,False,False,student,seat_09
283,566.0,170.24525,216.3959,239.21237,351.87985,0.2397293,0.59195393,0.6219800710678101,False,False,True,0.07105481624603271,False,False,student,seat_06
283,566.0,177.36584,370.26764,427.2389,478.48535,0.35398403,0.8841177,0.43734633922576904,False,False,False,,False,False,student,seat_10
283,566.0,245.86992,367.88034,423.6544,477.59235,0.39199314,0.8807007,0.33115366101264954,False,False,False,,False,False,student,seat_11
284,568.0,573.0875,114.6656,796.473,477.61203,0.80185044,0.6169559,0.9263814091682434,False,False,True,-0.36611974239349365,False,False,instructor,
284,568.0,140.49689,293.65958,322.6368,477.95538,0.27115557,0.8037656,0.8694663643836975,False,False,False,,False,False,student,seat_10
284,568.0,425.67337,306.1247,565.8831,475.6949,0.5805366,0.81439537,0.8206212520599365,False,False,False,,False,False,student,seat_12
284,568.0,3.5785587,233.32799,128.03685,475.7758,0.077058196,0.7386497,0.7884193062782288,False,False,False,,False,False,student,seat_09
284,568.0,84.25856,270.08282,206.5612,432.65222,0.17026918,0.73201567,0.7641887068748474,False,False,True,0.011693173088133335,False,False,student,seat_09
284,568.0,287.15863,257.55017,403.716,397.03577,0.40449333,0.6818603,0.7481492161750793,False,False,True,0.17998389899730682,False,False,student,seat_07
284,568.0,0.0,219.7276,79.64496,363.86316,0.04663054,0.60790706,0.7143305540084839,False,False,True,0.0336189828813076,False,False,student,seat_05
284,568.0,170.97975,215.74191,239.3088,353.52695,0.2402158,0.5929884,0.6121355891227722,False,False,True,0.10675734281539917,False,False,student,seat_06
284,568.0,536.06226,370.88132,680.3431,478.8442,0.7121811,0.88513076,0.4118264317512512,False,False,False,,False,False,student,seat_12
284,568.0,302.0206,383.12625,445.64966,477.80515,0.43774608,0.89680356,0.40804293751716614,False,False,False,,False,False,student,seat_11
284,568.0,226.92328,381.69373,444.71686,479.81525,0.39323193,0.8974052,0.2950053811073303,False,False,False,,False,False,student,seat_11
285,570.0,578.6938,110.848946,801.6823,478.0132,0.8081827,0.61339813,0.9315913319587708,False,False,True,-0.08728313446044922,False,False,instructor,
285,570.0,141.83409,292.82202,322.5743,478.93524,0.27190188,0.80391383,0.8672780394554138,False,False,False,,False,False,student,seat_10
285,570.0,425.2637,308.6188,566.5959,476.68466,0.58071405,0.81802446,0.8076050281524658,False,False,False,,False,False,student,seat_12
285,570.0,3.4348204,233.03078,133.3231,476.68356,0.08006904,0.73928577,0.7662256956100464,False,False,False,,False,False,student,seat_09
285,570.0,286.81714,257.69168,403.9009,405.53885,0.40440166,0.69086516,0.7615513801574707,False,False,True,0.14807811379432678,False,False,student,seat_07
285,570.0,0.0,219.55197,79.2848,366.3281,0.04641967,0.6102917,0.6611137390136719,False,False,True,0.0314420647919178,False,False,student,seat_05
285,570.0,95.0821,267.43127,205.74881,432.6426,0.1761305,0.7292436,0.6147481799125671,False,False,True,0.03601028397679329,False,False,student,seat_09
285,570.0,534.8277,370.30594,690.87225,477.66562,0.71762294,0.8833037,0.5275735855102539,False,False,False,,False,False,student,seat_12
285,570.0,175.06049,216.02228,240.75647,355.2929,0.24345255,0.59512,0.44974347949028015,False,False,True,0.08837883919477463,False,False,student,seat_06
285,570.0,288.68594,379.03232,447.4254,478.02936,0.43097854,0.89277256,0.39574122428894043,False,False,False,,False,False,student,seat_11
285,570.0,222.45308,379.0451,446.19614,480.0,0.3914808,0.89483863,0.3528176546096802,False,False,False,,False,False,student,seat_11
286,572.0,532.1314,113.91714,784.2023,478.40695,0.7706872,0.6170043,0.9275341033935547,False,False,True,-0.5768027305603027,False,False,instructor,
286,572.0,142.48985,285.54697,317.217,478.75534,0.2691492,0.79614824,0.8735460638999939,False,False,False,,False,False,student,seat_10
286,572.0,418.38577,307.86285,566.6604,475.50937,0.5767249,0.8160127,0.7878711223602295,False,False,False,,False,False,student,seat_12
286,572.0,4.500716,233.00769,128.18492,475.04556,0.0776848,0.73755544,0.7285595536231995,False,False,False,,False,False,student,seat_09
286,572.0,0.0,218.94203,79.30473,360.45163,0.046431344,0.60353506,0.723102867603302,False,False,True,0.03207239881157875,False,False,student,seat_05
286,572.0,87.17,267.40927,208.68718,432.32123,0.17321849,0.7288859,0.6750449538230896,False,False,True,0.2050580531358719,False,False,student,seat_09
286,572.0,222.87752,352.58466,432.26266,480.0,0.38357154,0.86727566,0.668027937412262,False,False,False,,False,False,student,seat_11
286,572.0,290.95834,256.7511,397.60434,381.22766,0.40313974,0.6645612,0.6529912352561951,False,False,True,0.14146418869495392,False,False,student,seat_07
286,572.0,174.17989,214.93456,240.52692,337.15463,0.24280258,0.5750929,0.5433781147003174,False,False,True,0.1551918089389801,False,False,student,seat_06
286,572.0,536.2685,373.27362,685.1916,476.63474,0.7151406,0.8853212,0.49566590785980225,False,False,False,,False,False,student,seat_12
286,572.0,297.5106,349.67426,428.7197,479.62042,0.42519337,0.8638486,0.362317830324173,False,False,False,,False,False,student,seat_11
287,574.0,535.11926,113.74057,794.2809,477.57855,0.7783373,0.6159574,0.9369237422943115,False,False,True,-0.47006940841674805,False,False,instructor,
287,574.0,142.69737,288.21902,337.1239,479.15274,0.2809258,0.7993456,0.8776161670684814,False,False,False,,False,False,student,seat_10
287,574.0,288.5122,258.12387,408.09857,424.20804,0.40785176,0.7107624,0.8198210597038269,False,False,True,0.1109803169965744,False,False,student,seat_07
287,574.0,423.94904,306.76816,567.1028,475.03506,0.5802411,0.8143784,0.8189800381660461,False,False,False,,False,False,student,seat_12
287,574.0,4.033697,232.98145,128.21082,475.19675,0.07742652,0.7376856,0.7459200024604797,False,False,False,,False,False,student,seat_09
287,574.0,0.0,219.8306,79.20262,357.45154,0.046371557,0.6013355,0.7453365921974182,False,False,True,0.06254848837852478,False,False,student,seat_05
287,574.0,87.85692,266.4007,210.02992,430.92657,0.17440681,0.72638255,0.6863632202148438,False,False,True,0.20008042454719543,False,False,student,seat_09
287,574.0,174.64232,217.26508,240.28413,336.58234,0.24293117,0.5769244,0.4888143241405487,False,False,True,0.12868329882621765,False,False,student,seat_06
287,574.0,538.51624,370.5588,682.85956,477.4103,0.71509117,0.88330114,0.4845874607563019,False,False,False,,False,False,student,seat_12
287,574.0,331.6303,389.189,465.71634,478.52063,0.4668306,0.90386415,0.48350051045417786,False,False,False,,False,False,student,seat_11
288,576.0,531.9938,113.00993,801.0332,477.83514,0.7804608,0.6154636,0.9363305568695068,False,False,True,-0.1805935651063919,False,False,instructor,
288,576.0,142.26878,286.89862,338.4031,478.39243,0.2814238,0.79717815,0.8926512598991394,False,False,False,,False,False,student,seat_10
288,576.0,294.67093,258.17194,409.2298,421.49432,0.4121199,0.7079857,0.8129608631134033,False,False,True,0.13434596359729767,False,False,student,seat_07
288,576.0,2.5907676,233.40388,130.92578,475.46875,0.07817128,0.738409,0.8120968341827393,False,False,False,,False,False,student,seat_09
288,576.0,414.17163,307.35913,567.1408,472.64835,0.5745389,0.81250775,0.8007742166519165,False,False,False,,False,False,student,seat_12
288,576.0,0.0,219.89127,79.21209,355.77332,0.0463771,0.59965056,0.7714071273803711,False,False,True,0.058968741446733475,False,False,student,seat_05
288,576.0,89.49412,267.0404,212.04771,425.75415,0.17654674,0.721661,0.7356762886047363,False,False,True,0.15823957324028015,False,False,student,seat_09
288,576.0,533.87933,368.71603,691.65405,479.4276,0.7175254,0.883483,0.5205085873603821,False,False,False,,False,False,student,seat_12
288,576.0,174.03845,217.88803,239.85114,337.93854,0.24232411,0.578986,0.501257061958313,False,False,True,0.11868531256914139,False,False,student,seat_06
289,578.0,528.461,114.6676,796.44666,477.4665,0.77570707,0.6168063,0.9310358762741089,False,False,True,-0.23573721945285797,False,False,instructor,
289,578.0,142.46774,286.50385,337.31473,479.6312,0.28090307,0.7980573,0.89500492811203,False,False,False,,False,False,student,seat_10
289,578.0,419.4425,307.70712,559.26245,474.07147,0.5730123,0.8143527,0.8199573159217834,False,False,False,,False,False,student,seat_12
289,578.0,296.4748,256.49835,409.12555,426.1358,0.41311496,0.7110773,0.8125120401382446,False,False,True,0.07530365139245987,False,False,student,seat_07
289,578.0,2.7609036,233.16086,130.42033,475.51477,0.07797497,0.7382038,0.8041651248931885,False,False,False,,False,False,student,seat_09
289,578.0,0.0,219.70952,79.03662,357.6201,0.046274368,0.601385,0.7722719311714172,False,False,True,0.0638093501329422,False,False,student,seat_05
289,578.0,88.87938,266.32327,211.99251,428.6517,0.1761545,0.72393227,0.7495008707046509,False,False,True,0.18697074055671692,False,False,student,seat_09
289,578.0,532.2611,358.72382,687.72626,479.83896,0.7142783,0.87350285,0.7438352108001709,False,False,False,,False,False,student,seat_12
289,578.0,174.97705,219.2444,240.18771,342.69266,0.2430707,0.5853511,0.49718213081359863,False,False,True,0.11633169651031494,False,False,student,seat_06
289,578.0,327.80554,401.13623,474.74585,480.0,0.46987787,0.91785026,0.38980382680892944,False,False,False,,False,False,student,seat_11
290,580.0,535.9443,116.67495,716.7748,473.68546,0.733442,0.61495876,0.8913834095001221,False,False,True,-1.2579035758972168,False,False,student,seat_08
290,580.0,142.76686,287.70825,337.28043,479.99197,0.28105813,0.7996877,0.8897955417633057,False,False,False,,False,False,student,seat_10
290,580.0,420.2172,308.71176,559.32697,476.34183,0.5735036,0.81776416,0.8124595880508423,False,False,False,,False,False,student,seat_12
290,580.0,295.8575,256.05988,407.1458,423.07254,0.41159442,0.70742965,0.7871407866477966,False,False,True,0.07755953818559647,False,False,student,seat_07
290,580.0,3.3836942,233.18277,131.71552,475.6647,0.0790979,0.73838276,0.7795301079750061,False,False,False,,False,False,student,seat_09
290,580.0,0.0,220.6621,78.13981,358.03336,0.045749303,0.60280776,0.7535524964332581,False,False,True,0.042435165494680405,False,False,student,seat_05
290,580.0,87.971344,266.17493,211.86272,430.59885,0.17554687,0.72580606,0.7137510776519775,False,False,True,0.18145838379859924,False,False,student,seat_09
290,580.0,528.22754,370.41898,680.6369,479.5605,0.7077661,0.8853953,0.5869670510292053,False,False,False,,False,False,student,seat_12
290,580.0,174.41537,218.99046,240.09381,342.8177,0.24268688,0.5852168,0.46767422556877136,False,False,True,0.12043081969022751,False,False,student,seat_06
290,580.0,329.94287,389.67456,470.16605,478.01907,0.46844783,0.9038475,0.4523850679397583,False,False,False,,False,False,student,seat_11
291,582.0,550.0068,116.47968,739.8613,477.25644,0.75519216,0.61847514,0.9086291790008545,False,False,True,-0.591539740562439,False,False,student,seat_08
291,582.0,142.27016,288.2514,314.18872,478.9369,0.2672476,0.79915446,0.8735655546188354,False,False,False,,False,False,student,seat_10
291,582.0,415.2155,306.5001,562.4359,477.3655,0.57239544,0.81652665,0.8205094337463379,False,False,False,,False,False,student,seat_12
291,582.0,0.0,220.06747,82.92532,356.49313,0.048551127,0.600584,0.7915624976158142,False,False,True,-0.0038723063189536333,False,False,student,seat_05
291,582.0,1.2376198,236.5735,139.16772,475.70926,0.082204536,0.74196124,0.7858821749687195,False,False,False,,False,False,student,seat_09
291,582.0,223.7409,348.25568,429.72592,479.80188,0.3825918,0.86256,0.739581286907196,False,False,False,,False,False,student,seat_11
291,582.0,295.0822,255.25966,395.99414,378.78503,0.40461144,0.6604632,0.7030596137046814,False,False,True,0.12268191576004028,False,False,student,seat_07
291,582.0,530.0745,371.42603,682.70557,478.61322,0.71005857,0.8854576,0.6932163238525391,False,False,False,,False,False,student,seat_12
291,582.0,87.49384,266.62924,209.4712,424.55438,0.17386714,0.7199829,0.6847171187400818,False,False,True,0.21909508109092712,False,False,student,seat_09
291,582.0,172.95395,218.59778,239.42259,343.63855,0.24143824,0.58566284,0.5312830209732056,False,False,True,0.0998491421341896,False,False,student,seat_06
292,584.0,593.8933,114.019714,802.8225,477.98212,0.8177493,0.6166686,0.9218708276748657,False,False,True,-0.15166713297367096,False,False,instructor,
292,584.0,140.66043,300.60605,314.58173,476.61438,0.26653522,0.80960464,0.8493329286575317,False,False,False,,False,False,student,seat_10
292,584.0,415.47556,307.1455,558.3664,474.69366,0.57016504,0.8144158,0.8317006230354309,False,False,False,,False,False,student,seat_12
292,584.0,1.7371655,233.74477,133.75232,475.88025,0.0793264,0.7391927,0.7920198440551758,False,False,False,,False,False,student,seat_09
292,584.0,0.0,220.18622,81.82123,356.0286,0.0479047,0.6002238,0.7903264760971069,False,False,True,0.005886498373001814,False,False,student,seat_05
292,584.0,285.46036,256.62393,409.94434,388.55975,0.4071456,0.6720664,0.772674560546875,False,False,True,0.10879185050725937,False,False,student,seat_07
292,584.0,530.09906,369.06705,684.1628,478.65765,0.7109261,0.88304657,0.6725666522979736,False,False,False,,False,False,student,seat_12
292,584.0,87.83981,268.3328,204.48181,433.2331,0.1711485,0.7307978,0.6277787089347839,False,False,True,0.22488223016262054,False,False,student,seat_09
292,584.0,170.98207,215.05,240.33415,362.22842,0.24081746,0.6013317,0.5499731302261353,False,False,True,0.1524931788444519,False,False,student,seat_06
292,584.0,257.26434,367.1302,431.2001,479.37503,0.40308225,0.8817763,0.547208309173584,False,False,False,,False,False,student,seat_11
293,586.0,626.9137,113.08401,854.0,477.15408,0.86704546,0.6148313,0.9352757334709167,False,False,True,-0.05361827462911606,False,False,instructor,
293,586.0,140.90578,296.4515,314.92908,477.5046,0.2668822,0.80620426,0.8630568385124207,False,False,False,,False,False,student,seat_10
293,586.0,0.38187975,219.7974,93.512985,353.3592,0.054973576,0.59703815,0.8420764207839966,False,False,True,-0.008886147290468216,False,False,student,seat_05
293,586.0,411.71802,311.40274,556.6538,474.89307,0.5669624,0.8190581,0.772873044013977,False,False,False,,False,False,student,seat_11
293,586.0,288.93472,255.1061,401.0087,387.51532,0.40394813,0.6693973,0.7275564074516296,False,False,True,0.13597159087657928,False,False,student,seat_07
293,586.0,527.6177,364.93692,683.0503,478.91904,0.708822,0.87901664,0.6542651057243347,False,False,False,,False,False,student,seat_12
293,586.0,0.0107098585,234.03856,140.62721,476.60065,0.0823407,0.7402492,0.6055532693862915,False,False,False,,False,False,student,seat_09
293,586.0,247.29779,375.26407,428.49158,480.0,0.39566123,0.8909,0.5975461006164551,False,False,False,,False,False,student,seat_11
293,586.0,68.44035,269.30252,211.00742,466.53802,0.1636111,0.7665006,0.5779635906219482,False,False,True,0.12282072752714157,False,False,student,seat_09
293,586.0,169.28844,217.38109,239.85306,357.43344,0.2395442,0.59876513,0.5680798292160034,False,False,True,0.17898325622081757,False,False,student,seat_06
293,586.0,85.8244,266.99832,211.79726,420.4311,0.17425154,0.7160723,0.3378031551837921,False,False,True,0.03232214227318764,False,False,student,seat_05
293,586.0,249.5709,374.15448,499.98154,479.50372,0.43884802,0.8892273,0.3279908299446106,False,False,False,,False,False,student,seat_11
294,588.0,480.2482,118.06458,710.36664,475.33804,0.6970813,0.61812776,0.9302693605422974,False,False,True,-0.045406267046928406,False,False,student,seat_08
294,588.0,117.47741,258.5702,232.12302,391.78012,0.2046841,0.6774483,0.77880859375,False,False,True,0.09417609125375748,False,False,student,seat_06
294,588.0,0.0,300.89496,140.58632,475.39236,0.08231049,0.8086327,0.74315345287323,False,False,False,,False,False,student,seat_09
294,588.0,356.61133,365.98434,523.78845,480.0,0.51545656,0.88123375,0.6508010029792786,False,False,False,,False,False,student,seat_11
294,588.0,0.0,219.9049,67.58726,346.05627,0.039570995,0.5895429,0.6349248290061951,False,False,True,0.12828107178211212,False,False,student,seat_05
294,588.0,70.99793,375.5812,260.0897,479.5074,0.19384521,0.8907173,0.3410490155220032,False,False,False,,False,False,student,seat_10
295,590.0,621.266,109.250404,822.0226,475.78622,0.8450167,0.60941315,0.9245743751525879,False,False,True,-0.7409604787826538,False,False,instructor,
295,590.0,0.73931617,299.69995,167.28128,478.5923,0.09837271,0.8107211,0.8611395955085754,False,False,False,,False,False,student,seat_09
295,590.0,147.30359,258.64536,260.20538,392.57104,0.2385884,0.67835045,0.7559523582458496,False,False,True,0.18252994120121002,False,False,student,seat_06
295,590.0,384.6195,364.52365,555.00006,479.78928,0.5501286,0.87949264,0.680284321308136,False,False,False,,False,False,student,seat_11
295,590.0,26.311098,217.04045,94.23341,361.29025,0.070576414,0.6024278,0.5023741722106934,False,False,True,0.18362827599048615,False,False,student,seat_05
295,590.0,0.0,272.43863,58.275,474.52087,0.034118854,0.7780828,0.4998754560947418,False,False,False,,False,False,student,seat_09
295,590.0,0.0,272.78665,60.657505,403.69907,0.035513762,0.70467263,0.36110177636146545,False,False,False,,False,False,student,seat_05
295,590.0,271.5698,362.2029,409.76358,477.107,0.39890712,0.87428117,0.2620120048522949,False,False,False,,False,False,student,seat_11
296,592.0,617.1331,114.32065,802.0869,476.22333,0.83092505,0.6151499,0.924527108669281,False,False,True,-0.8285364508628845,False,False,instructor,
296,592.0,41.4352,299.22244,223.46948,477.64835,0.15509643,0.8092404,0.8571445345878601,False,False,False,,False,False,student,seat_09
296,592.0,0.0,271.46454,117.62431,429.7892,0.06886669,0.7304727,0.7923242449760437,False,False,True,0.24901756644248962,False,False,student,seat_09
296,592.0,192.85876,259.69003,313.9024,391.37183,0.29669857,0.67818946,0.7665050029754639,False,False,True,0.16717226803302765,False,False,student,seat_06
296,592.0,438.69223,365.08557,598.60034,480.0,0.60731417,0.8802975,0.6276005506515503,False,False,False,,False,False,student,seat_12
296,592.0,155.98393,375.89746,339.0645,478.69247,0.28984103,0.8901979,0.55206298828125,False,False,False,,False,False,student,seat_10
296,592.0,82.01368,217.12727,149.07323,332.4494,0.13529679,0.5724757,0.4585302770137787,False,False,True,0.06647393852472305,False,False,student,seat_05
296,592.0,0.0,238.19202,43.68303,374.45514,0.025575545,0.6381741,0.3144979774951935,False,False,False,,False,False,student,seat_05
297,594.0,641.3703,115.31227,830.2825,477.0938,0.86162347,0.6170896,0.9163653254508972,False,False,True,-2.5531058311462402,False,False,instructor,
297,594.0,58.233612,298.74915,234.31116,478.39233,0.17127913,0.8095224,0.8347301483154297,False,False,False,,False,False,student,seat_09
297,594.0,4.150274,270.66898,133.27911,431.59695,0.080462165,0.73152703,0.8026731014251709,False,False,True,0.18458232283592224,False,False,student,seat_09
297,594.0,209.29245,258.85883,326.31046,394.82025,0.31358483,0.6809157,0.7739526629447937,False,False,True,0.13277935981750488,False,False,student,seat_06
297,594.0,448.47943,364.18063,605.95996,479.90833,0.6173533,0.87925935,0.6022821664810181,False,False,False,,False,False,student,seat_12
297,594.0,95.570984,221.72705,180.08957,344.4142,0.16139376,0.58973044,0.5986701250076294,False,False,True,0.11813883483409882,False,False,student,seat_05
297,594.0,170.46588,375.4597,350.4102,476.9271,0.30496258,0.8879029,0.5065966844558716,False,False,False,,False,False,student,seat_10
297,594.0,0.0,237.89809,58.812653,375.30722,0.034433637,0.63875556,0.46520891785621643,False,False,False,,False,False,student,seat_05
298,596.0,644.5143,118.0373,819.87384,477.41364,0.85737014,0.6202614,0.897503137588501,False,False,True,-6.992477893829346,False,False,instructor,
298,596.0,90.16139,285.5851,270.3743,475.01532,0.21108648,0.7922922,0.8086742758750916,False,False,False,,False,False,student,seat_10
298,596.0,57.911034,264.67114,176.96312,409.4009,0.13751413,0.70215833,0.7644219994544983,False,False,True,0.20067307353019714,False,False,student,seat_05
298,596.0,0.0066122175,218.51315,70.64295,334.57474,0.041363914,0.5761332,0.7478528618812561,False,False,True,0.01710335724055767,False,False,student,seat_05
298,596.0,444.22668,348.3462,597.686,479.0291,0.6100191,0.86184925,0.7423444390296936,False,False,False,,False,False,student,seat_12
298,596.0,248.14534,248.88835,340.99884,367.69986,0.34493217,0.6422794,0.664615273475647,False,False,True,0.07763553410768509,False,False,student,seat_06
298,596.0,183.64536,360.02283,384.01248,479.2339,0.33235237,0.87422574,0.5961748957633972,False,False,False,,False,False,student,seat_10
298,596.0,0.10105138,230.68701,117.50069,454.0466,0.068853475,0.7132642,0.4559822678565979,False,False,False,,False,False,student,seat_05
298,596.0,142.83984,215.30011,201.68423,326.75378,0.20171198,0.56463945,0.44821327924728394,False,False,True,0.08819466084241867,False,False,student,seat_06
299,598.0,520.8161,83.03418,647.44556,365.14203,0.683994,0.46685022,0.8225367069244385,False,False,True,-0.7551010251045227,False,False,student,seat_08
299,598.0,223.84837,284.67154,469.97076,476.7611,0.4062173,0.79315895,0.810702919960022,False,False,True,0.7432956099510193,False,False,student,seat_11
299,598.0,190.70326,226.7938,328.69342,396.83502,0.3040964,0.6496133,0.7987922430038452,False,False,False,,False,False,student,seat_06
299,598.0,84.412476,168.89043,160.20328,267.7114,0.14321765,0.45479354,0.7929706573486328,False,False,True,0.02940128557384014,False,False,student,seat_05
299,598.0,463.85153,279.6394,598.85156,474.60556,0.62219155,0.7856719,0.7632039189338684,False,False,False,,False,False,student,seat_12
299,598.0,150.2506,206.8647,252.9098,329.52682,0.2360424,0.5587412,0.7270475625991821,False,False,True,0.18971970677375793,False,False,student,seat_06
299,598.0,500.0067,344.84106,657.5893,476.1839,0.6777494,0.8552343,0.7028363943099976,False,False,False,,False,False,student,seat_12
299,598.0,307.47025,195.14978,384.24054,292.9012,0.40498292,0.50838643,0.6148690581321716,False,False,True,0.10421140491962433,False,False,student,seat_07
299,598.0,218.34892,168.27084,304.97025,264.15723,0.30639294,0.45044592,0.37193483114242554,False,False,True,0.08535003662109375,False,False,student,seat_06
300,600.0,509.09137,82.96108,632.7078,330.7754,0.6685007,0.4309755,0.810627281665802,False,False,True,-0.3055906593799591,False,False,student,seat_04
300,600.0,220.53197,202.06363,339.84055,350.34637,0.32808694,0.5754271,0.7850906252861023,False,False,False,,False,False,student,seat_06
300,600.0,256.1782,251.78807,425.1133,467.11707,0.39888263,0.7488595,0.775253415107727,False,False,True,0.7998243570327759,False,False,student,seat_11
300,600.0,185.29065,183.45279,268.77313,291.93637,0.2658453,0.49519703,0.6939833760261536,False,False,True,0.2463160902261734,False,False,student,seat_06
300,600.0,448.2658,302.39346,669.4792,478.2916,0.65441746,0.8132136,0.667018711566925,False,False,False,,False,False,student,seat_12
300,600.0,126.13963,150.72855,191.75957,239.94476,0.18612365,0.40695137,0.6223096251487732,False,False,True,0.035787757486104965,False,False,student,seat_01
300,600.0,465.0654,246.22932,584.90686,423.83365,0.61473787,0.69798225,0.5910540223121643,False,False,False,,False,False,student,seat_08
300,600.0,321.52628,174.03955,392.5389,261.0792,0.41807094,0.45324868,0.4623662233352661,False,False,True,0.12468328326940536,False,False,student,seat_07
300,600.0,243.57654,149.60516,319.61337,235.16031,0.3297365,0.40079737,0.33293843269348145,False,False,True,0.02110985852777958,False,False,student,seat_02
300,600.0,243.42929,148.06012,295.33188,238.48239,0.31543395,0.40264845,0.26128289103507996,False,False,True,0.04337005689740181,False,False,student,seat_02
